duration,sample_rate,zcr_mean,zcr_std,spectral_centroid_mean,spectral_centroid_std,spectral_bandwidth_mean,spectral_bandwidth_std,spectral_rolloff_mean,spectral_rolloff_std,rms_mean,rms_std,mfcc_1_mean,mfcc_1_std,mfcc_2_mean,mfcc_2_std,mfcc_3_mean,mfcc_3_std,mfcc_4_mean,mfcc_4_std,mfcc_5_mean,mfcc_5_std,mfcc_6_mean,mfcc_6_std,mfcc_7_mean,mfcc_7_std,mfcc_8_mean,mfcc_8_std,mfcc_9_mean,mfcc_9_std,mfcc_10_mean,mfcc_10_std,mfcc_11_mean,mfcc_11_std,mfcc_12_mean,mfcc_12_std,mfcc_13_mean,mfcc_13_std,label,class_name,file_name
2.501625,16000,0.1374604430379747,0.10771245212650095,1822.402563454483,1013.998923883665,1500.0863476742352,461.65008855071943,3311.115506329114,1478.54386366884,0.12617219984531403,0.06989842653274536,-210.42758178710938,93.1534652709961,83.10088348388672,57.79098129272461,-13.509092330932617,41.297157287597656,8.96943473815918,33.195133209228516,-22.99516487121582,30.555423736572266,-24.025053024291992,20.822893142700195,-36.12419509887695,17.65709686279297,-21.663410186767578,15.429611206054688,9.863432884216309,16.07766342163086,-23.533498764038086,11.559100151062012,-13.83675765991211,12.222466468811035,-7.98433780670166,11.914497375488281,3.5279719829559326,9.191850662231445,0,real,file1.wav_16k.wav_norm.wav_mono.wav_silence.wav
3.903625,16000,0.1540647412909836,0.1420216811121926,1768.520360190203,1094.0127719834068,1465.2443955698,334.32307504894794,3338.2428278688526,1384.581857121483,0.13398250937461853,0.08797568082809448,-163.61497497558594,64.93620300292969,98.32688903808594,52.317020416259766,1.7108922004699707,28.824769973754883,57.44472122192383,25.178922653198242,-20.537630081176758,21.339771270751953,27.244600296020508,22.652969360351562,-30.749818801879883,14.741077423095703,3.863750696182251,19.38454246520996,-14.332319259643555,11.53813648223877,5.208758354187012,11.825931549072266,-8.748559951782227,11.612569808959961,-3.3337292671203613,7.162339210510254,0.7476190328598022,8.39431381225586,0,real,file10.wav_16k.wav_norm.wav_mono.wav_silence.wav
3.4910625,16000,0.0952059659090909,0.10829777486670344,1446.0319049078832,1158.9786577940852,1533.3666223527273,512.9554866055923,2730.6107954545455,2073.645401470832,0.13144633173942566,0.06914512068033218,-222.61634826660156,96.59600830078125,101.71788787841797,65.68144226074219,41.21338653564453,29.81397819519043,40.83195877075195,29.756959915161133,1.4623876810073853,18.33428382873535,8.924044609069824,15.327719688415527,-5.727609634399414,12.702640533447266,4.540191173553467,15.050357818603516,-3.3962624073028564,11.986496925354004,8.970129013061523,9.080853462219238,-5.557889461517334,10.118579864501953,-1.0458804368972778,11.342928886413574,-8.296653747558594,9.51400089263916,0,real,file100.wav_16k.wav_norm.wav_mono.wav_silence.wav
9.5321875,16000,0.18808986996644295,0.16811005906221263,2033.3046865135962,1437.1240378367722,1511.0289503603274,553.5908274765578,3504.1946308724832,2048.1011067149193,0.0834127739071846,0.0528392530977726,-248.61305236816406,102.592529296875,83.62202453613281,74.25818634033203,0.0625213012099266,56.68613815307617,2.170369863510132,33.514896392822266,-35.4002685546875,27.81513023376465,-19.093461990356445,21.52617073059082,-21.039409637451172,14.860742568969727,-25.623811721801758,15.65499210357666,-7.879514217376709,14.258956909179688,-16.34353256225586,14.186907768249512,-23.158998489379883,12.469374656677246,-6.387084484100342,10.967032432556152,-4.90689754486084,9.316609382629395,0,real,file1000.wav_16k.wav_norm.wav_mono.wav_silence.wav
4.185125,16000,0.19310591603053434,0.20025008188370863,2081.626495303491,1636.2401079333056,1411.119670007532,539.3848657319384,3395.8730916030536,2131.512957350536,0.1294815093278885,0.061040207743644714,-191.0110321044922,59.57758712768555,83.4581069946289,81.00860595703125,-16.166751861572266,60.70743942260742,0.27929455041885376,39.71221923828125,-23.390117645263672,23.472408294677734,-19.99997329711914,18.77923011779785,-33.99595260620117,16.22378921508789,-33.259639739990234,17.38299560546875,-4.133698463439941,11.294426918029785,-11.123578071594238,12.26004409790039,-18.606725692749023,13.310192108154297,-13.368902206420898,9.35185432434082,0.6404012441635132,9.405800819396973,0,real,file10000.wav_16k.wav_norm.wav_mono.wav_silence.wav
2.079625,16000,0.07672025240384615,0.09529832569348996,1529.0514621382658,910.6452401498832,1671.1750428065207,411.35487068686166,3077.403846153846,1738.2361965190614,0.21424515545368195,0.08342693001031876,-141.7528533935547,57.96696472167969,95.2396469116211,50.23664093017578,13.860234260559082,29.612314224243164,26.894371032714844,31.58770179748535,5.739976406097412,21.37565803527832,-7.752898216247559,23.466569900512695,-16.389875411987305,16.15434455871582,-2.6144514083862305,11.975728988647461,-23.27165985107422,13.198128700256348,7.786938667297363,17.457416534423828,-23.337093353271484,10.713692665100098,4.179394245147705,11.982322692871094,-16.027681350708008,10.687681198120117,0,real,file10001.wav_16k.wav_norm.wav_mono.wav_silence.wav
5.3906875,16000,0.21127265162721892,0.20189950399716505,2383.782527225067,1524.2450710590188,1663.634230535229,453.9255913889959,4049.5562130177514,1859.0848002074263,0.10426811128854752,0.07445698976516724,-231.45127868652344,141.588134765625,54.08307647705078,60.735713958740234,-3.358753204345703,56.01015853881836,2.2266669273376465,33.14715576171875,-31.59162139892578,25.043704986572266,-15.208860397338867,15.135258674621582,-23.484413146972656,14.182674407958984,-23.313167572021484,15.798809051513672,-8.400308609008789,11.580236434936523,-8.605870246887207,12.789909362792969,-7.425238132476807,10.490346908569336,-14.597726821899414,11.756300926208496,-1.5672792196273804,9.21800422668457,0,real,file10002.wav_16k.wav_norm.wav_mono.wav_silence.wav
5.1714375,16000,0.1150927131558642,0.11321269373972799,1523.1846288216216,936.2685086785722,1399.1770882805856,446.221055617096,2960.1176697530864,1486.0357141177915,0.17081543803215027,0.07352709025144577,-148.88941955566406,65.98936462402344,107.0549545288086,64.171630859375,-12.35141658782959,42.816627502441406,56.78533172607422,35.9199333190918,5.62681245803833,24.840595245361328,-3.5341343879699707,20.53529930114746,4.031356334686279,17.364465713500977,-16.200706481933594,21.674013137817383,-11.611505508422852,13.3272123336792,-3.4174351692199707,14.902423858642578,-15.62109088897705,10.89194393157959,3.785902976989746,9.237178802490234,-5.51344108581543,10.375555992126465,0,real,file10003.wav_16k.wav_norm.wav_mono.wav_silence.wav
3.4988125,16000,0.18847212357954546,0.18774674676065867,2153.5494378067515,1568.1951147091409,1611.2490897780178,571.1394637359177,3757.315340909091,2108.3949946937364,0.12505602836608887,0.054350316524505615,-191.4401397705078,63.79777908325195,78.7912826538086,61.10898208618164,-8.857152938842773,55.76104736328125,11.754515647888184,32.31038284301758,-27.814481735229492,27.4757080078125,-32.29788589477539,21.25928497314453,-7.844384670257568,15.732580184936523,-33.271080017089844,15.652892112731934,-17.71035385131836,18.018096923828125,-18.014307022094727,12.362488746643066,-10.0538911819458,10.767491340637207,-12.937471389770508,12.440855979919434,-8.582478523254395,9.647409439086914,0,real,file10005.wav_16k.wav_norm.wav_mono.wav_silence.wav
8.341125,16000,0.2372990750718391,0.18774684516706125,2608.937324908297,1696.2733573939047,1631.9638505262699,525.6810251927599,4277.388649425287,2072.9500161448036,0.09441863745450974,0.06190067157149315,-230.41925048828125,108.90440368652344,46.41630172729492,75.0699691772461,4.678239345550537,61.13898849487305,-3.966409683227539,35.730682373046875,-35.390953063964844,28.99183464050293,-18.861328125,21.155359268188477,-28.850173950195312,16.157670974731445,-24.00629234313965,17.443124771118164,-5.87565279006958,14.390454292297363,-13.1057767868042,11.484838485717773,-13.309778213500977,12.513078689575195,-9.210613250732422,12.016980171203613,-5.464313507080078,8.88703727722168,0,real,file10006.wav_16k.wav_norm.wav_mono.wav_silence.wav
1.8301875,16000,0.05943561422413793,0.03553882932554425,1193.0648064342313,508.75637535856566,1261.3476339662063,355.3406810659831,2285.6950431034484,983.8479449772112,0.1980673223733902,0.084328792989254,-123.11329650878906,60.87912368774414,132.06410217285156,50.651309967041016,-24.872541427612305,24.602163314819336,40.624488830566406,31.2804012298584,1.590577244758606,21.28595733642578,-7.224740028381348,16.44791030883789,11.908212661743164,13.624263763427734,-6.214872360229492,11.227950096130371,-2.0001158714294434,8.192708015441895,2.0241243839263916,9.83840274810791,-4.599379539489746,10.157334327697754,3.0673019886016846,7.836520671844482,0.31149882078170776,9.21523666381836,0,real,file10007.wav_16k.wav_norm.wav_mono.wav_silence.wav
2.383625,16000,0.13723958333333333,0.08532605831606237,1821.9431207430084,867.8541986181461,1419.276338772914,397.3560581625314,3311.3541666666665,1335.2667622572237,0.08401937782764435,0.058868277817964554,-233.1812744140625,107.39666748046875,86.01748657226562,67.98037719726562,-37.331111907958984,51.855838775634766,39.17991256713867,36.88157272338867,-19.824398040771484,27.579723358154297,-24.9932804107666,26.07586669921875,-27.00579261779785,24.109214782714844,-21.383953094482422,21.00838851928711,-3.4451301097869873,12.002350807189941,-16.00762939453125,16.549978256225586,-2.162749767303467,9.31564712524414,-2.8019213676452637,12.325352668762207,-20.387939453125,12.43266487121582,0,real,file10008.wav_16k.wav_norm.wav_mono.wav_silence.wav
6.5075,16000,0.19189453125,0.1705397214022518,2231.536394123266,1415.3950175565474,1696.470652386124,480.25901420021347,3931.1044730392155,1934.1667434033284,0.09742490947246552,0.0556088462471962,-207.0470733642578,90.47045135498047,60.22092819213867,66.43724822998047,-3.6510565280914307,44.6624641418457,6.310223579406738,37.96249771118164,-27.066171646118164,26.180971145629883,-23.058700561523438,18.891494750976562,-26.02701759338379,17.024032592773438,-30.1428279876709,16.621688842773438,-8.828645706176758,12.549420356750488,-16.578474044799805,13.389083862304688,-13.967828750610352,10.769068717956543,-12.418676376342773,9.704277038574219,-1.466366171836853,8.622340202331543,0,real,file10009.wav_16k.wav_norm.wav_mono.wav_silence.wav
4.692375,16000,0.043536750637755105,0.0367551551976413,1477.8589113711812,767.3779017135396,1464.5397180006312,506.94645552557336,2933.142006802721,1451.185904829619,0.12455658614635468,0.029899662360548973,-194.69619750976562,80.3912582397461,100.93130493164062,63.51008224487305,-34.28554153442383,38.507789611816406,22.125564575195312,32.53424835205078,6.134777069091797,21.355594635009766,-11.223865509033203,28.7232608795166,7.151991844177246,16.157934188842773,-4.067686557769775,14.548238754272461,-15.131450653076172,20.648101806640625,18.911449432373047,14.90440845489502,-1.3396656513214111,14.554301261901855,6.058750629425049,11.489838600158691,13.38731861114502,11.663434982299805,0,real,file10010.wav_16k.wav_norm.wav_mono.wav_silence.wav
2.917875,16000,0.09665845788043478,0.0959699352364383,1443.771230026811,970.8237300864786,1334.54661100749,392.77656398914445,2641.219429347826,1496.6039426649543,0.14079511165618896,0.08020973205566406,-163.54029846191406,73.33733367919922,115.60050964355469,63.175418853759766,-15.451934814453125,35.82087326049805,34.80098342895508,25.8358097076416,-1.6575978994369507,16.735124588012695,0.764339804649353,19.109861373901367,1.5260034799575806,14.290260314941406,-14.967098236083984,14.704895973205566,-1.394222378730774,11.660411834716797,4.589666843414307,12.487072944641113,-2.1596412658691406,13.033044815063477,0.35773202776908875,7.107884407043457,-1.1438008546829224,7.626791000366211,0,real,file10012.wav_16k.wav_norm.wav_mono.wav_silence.wav
8.4428125,16000,0.14214163115530304,0.11835859058021012,1782.5867610043097,985.2780402441637,1521.2452478830317,415.2968101411586,3140.210700757576,1720.1539586983342,0.10762593150138855,0.05239476263523102,-178.6498565673828,65.41316223144531,89.09524536132812,50.4345817565918,-17.295764923095703,32.966636657714844,-3.7714955806732178,31.699270248413086,-17.717071533203125,20.612144470214844,-1.4469481706619263,13.69959831237793,-30.26480484008789,15.744341850280762,-5.174624443054199,13.275801658630371,-16.224727630615234,16.321243286132812,-7.256944179534912,10.409074783325195,-7.17991828918457,9.303582191467285,-9.803899765014648,8.27032470703125,-7.736335754394531,7.018298149108887,0,real,file10013.wav_16k.wav_norm.wav_mono.wav_silence.wav
8.758375,16000,0.169444286040146,0.16424125415989704,2072.558469207601,1436.598949472755,1607.3348221822916,501.9097472160375,3661.924041970803,1991.6099191580195,0.07000038772821426,0.04804088920354843,-268.1981201171875,116.8117904663086,77.43359375,66.91415405273438,9.33929443359375,47.384498596191406,9.631786346435547,36.720970153808594,-27.00733757019043,26.297378540039062,-12.66938591003418,20.41814422607422,-24.692630767822266,15.60122299194336,-27.957733154296875,16.87409210205078,-7.035613536834717,12.543917655944824,-15.58055591583252,13.340338706970215,-11.448803901672363,11.28281021118164,-13.577278137207031,11.959661483764648,-4.777045249938965,8.921086311340332,0,real,file10015.wav_16k.wav_norm.wav_mono.wav_silence.wav
4.452625,16000,0.11438337053571429,0.11261610929219304,1585.412066904326,874.7593251345664,1556.8451036588579,353.6457963133912,3269.363839285714,1320.5318881605533,0.11575312167406082,0.062101107090711594,-172.94302368164062,70.21228790283203,98.52522277832031,49.19123840332031,-9.144742012023926,28.93377685546875,49.172882080078125,29.46192741394043,15.89673900604248,22.414867401123047,14.323776245117188,12.895624160766602,-4.033506870269775,12.872591018676758,-10.87073802947998,18.40218162536621,5.775260925292969,10.487655639648438,-5.647521495819092,13.210062980651855,-1.8235645294189453,11.615798950195312,6.119009017944336,8.207500457763672,-18.245826721191406,12.922883033752441,0,real,file10017.wav_16k.wav_norm.wav_mono.wav_silence.wav
6.3586875,16000,0.13252051271984924,0.13564309454080536,1840.766608637016,1217.2487372435864,1606.3913326398238,356.85792828018447,3353.172110552764,1790.2266461717768,0.11823997646570206,0.05111509561538696,-151.2661590576172,63.881752014160156,85.37417602539062,72.46903991699219,5.553531646728516,30.609724044799805,34.54378890991211,29.515775680541992,5.54913854598999,18.7056827545166,6.028355121612549,13.633191108703613,-13.956717491149902,16.455991744995117,-10.987346649169922,11.461901664733887,-14.223427772521973,10.652868270874023,1.1294143199920654,13.760965347290039,-9.31007194519043,10.118846893310547,4.522496700286865,7.152069091796875,-7.1560492515563965,7.49649715423584,0,real,file10018.wav_16k.wav_norm.wav_mono.wav_silence.wav
3.6039375,16000,0.16756689021017698,0.09853415349233763,1922.1973145023194,863.1766781367461,1849.3228906140232,377.87928304044874,3804.7566371681414,1821.8714232376362,0.07385246455669403,0.07100022584199905,-219.36094665527344,60.716941833496094,76.54308319091797,41.457035064697266,2.975131034851074,22.744611740112305,-5.52998161315918,23.33552360534668,-19.083648681640625,18.769733428955078,-4.824866771697998,12.136563301086426,-15.307942390441895,10.718425750732422,-12.384662628173828,10.384944915771484,-20.344329833984375,13.071220397949219,-9.423906326293945,9.901118278503418,-13.6409912109375,7.771304607391357,1.3980295658111572,6.3144659996032715,-8.535426139831543,6.786550998687744,0,real,file10019.wav_16k.wav_norm.wav_mono.wav_silence.wav
4.2594375,16000,0.18819598297574627,0.1880592846704824,2179.9578008425083,1570.5245732440999,1569.4810381225989,544.2632446206396,3664.179104477612,2064.8409165213,0.08497155457735062,0.060566410422325134,-253.16592407226562,121.63298797607422,73.63582611083984,62.96112060546875,-8.046272277832031,52.2823600769043,5.453653812408447,39.24180603027344,-29.36687469482422,24.83011245727539,-19.60369300842285,18.152070999145508,-23.266796112060547,16.315458297729492,-25.286991119384766,17.453872680664062,-1.9765807390213013,14.614127159118652,-13.682624816894531,11.388570785522461,-13.20596694946289,12.981036186218262,-12.346538543701172,11.80627727508545,-3.570688009262085,7.990798473358154,0,real,file10020.wav_16k.wav_norm.wav_mono.wav_silence.wav
2.774125,16000,0.13205482219827586,0.1018389879344394,1761.2759000964927,873.7420925023412,1439.1153361594904,334.00008666539816,3325.1616379310344,1167.20347698107,0.12252924591302872,0.05892162024974823,-165.7411346435547,56.01825714111328,90.92521667480469,54.84724044799805,-28.50473976135254,41.739463806152344,44.7155647277832,33.23312759399414,-19.197166442871094,22.752687454223633,-15.148510932922363,20.149412155151367,-1.0215052366256714,17.771379470825195,-29.94349479675293,14.997133255004883,-24.46765899658203,10.793920516967773,-11.383169174194336,11.204185485839844,-37.785926818847656,14.40744400024414,-2.914703607559204,8.267136573791504,-4.94241189956665,8.88829231262207,0,real,file10021.wav_16k.wav_norm.wav_mono.wav_silence.wav
6.237625,16000,0.058230669070512824,0.07740604036852866,1329.0862174191593,950.4678862739661,1705.4083138089932,372.08509498263317,2607.9326923076924,1811.267899655885,0.09364352375268936,0.05050661787390709,-215.30873107910156,99.36711120605469,104.3626937866211,37.83729553222656,34.4243278503418,30.043537139892578,21.233238220214844,21.6873722076416,7.846675872802734,18.073659896850586,16.380168914794922,11.205835342407227,2.4055449962615967,13.8607177734375,-1.0828030109405518,18.560468673706055,-3.5273518562316895,10.484864234924316,8.20765495300293,7.9415130615234375,-8.074660301208496,8.62841796875,4.2313995361328125,8.082845687866211,-5.3934807777404785,8.541668891906738,0,real,file10023.wav_16k.wav_norm.wav_mono.wav_silence.wav
5.0573125,16000,0.16380146914308177,0.1672590014598509,1882.3288649252715,1476.0334433975122,1498.6797474882837,462.85628641761724,3262.8242924528304,2000.9284177178029,0.08642137050628662,0.06798036396503448,-263.01885986328125,135.3778076171875,84.44649505615234,71.9870834350586,3.752687931060791,51.95853042602539,16.385053634643555,27.319116592407227,-21.74656105041504,25.048595428466797,-25.70131492614746,18.494625091552734,-26.185144424438477,16.80930519104004,-11.479215621948242,13.991189002990723,-8.722000122070312,9.14016342163086,-16.51521110534668,11.080734252929688,-8.839834213256836,9.60898494720459,-11.305802345275879,9.76780891418457,-7.003507137298584,9.9070405960083,0,real,file10024.wav_16k.wav_norm.wav_mono.wav_silence.wav
5.7505,16000,0.16155598958333334,0.11010234406597909,2036.3190454329422,883.4265580822461,1326.807923689549,224.64611308825968,3447.0920138888887,1003.5242769847941,0.07676244527101517,0.050570402294397354,-201.29013061523438,74.58932495117188,80.9425048828125,60.19916915893555,-53.21747970581055,38.88556671142578,75.24903869628906,30.155467987060547,-23.473363876342773,21.632465362548828,9.516359329223633,17.330617904663086,-6.3961100578308105,16.607086181640625,-5.841114521026611,19.488056182861328,5.645086765289307,17.0169677734375,10.519227027893066,17.707393646240234,0.47527381777763367,12.64124870300293,3.474431276321411,12.083693504333496,-2.5856573581695557,10.609511375427246,0,real,file10025.wav_16k.wav_norm.wav_mono.wav_silence.wav
8.17525,16000,0.20947647094726562,0.16333343657610216,2196.6015609329675,1442.641676796724,1625.1413259051378,579.8279747580519,3823.577880859375,2134.7950131050407,0.10084125399589539,0.0755603015422821,-227.83837890625,126.87226867675781,74.12947082519531,66.73429107666016,-14.314990997314453,50.53977584838867,-4.716822624206543,35.36634063720703,-34.308414459228516,33.061729431152344,-36.60805892944336,21.242048263549805,-18.82601547241211,13.27316665649414,-10.728130340576172,12.600618362426758,-24.03866195678711,15.71700382232666,-8.387617111206055,11.730487823486328,-11.378488540649414,10.844198226928711,-17.997283935546875,12.18855094909668,6.054932594299316,9.044652938842773,0,real,file10026.wav_16k.wav_norm.wav_mono.wav_silence.wav
8.6354375,16000,0.17137405960648147,0.18163232349069086,1998.9278217134247,1491.1521154585405,1537.055277078819,521.3386213328993,3469.53125,1993.0354211774556,0.08463277667760849,0.049258340150117874,-247.7168731689453,84.82670593261719,74.26470184326172,68.55740356445312,3.8439579010009766,55.44169998168945,6.74959135055542,39.43271255493164,-35.47425842285156,31.638694763183594,-20.075603485107422,22.442201614379883,-24.723777770996094,15.17125129699707,-29.38003921508789,16.444957733154297,-11.40134048461914,14.046156883239746,-15.235125541687012,11.157453536987305,-6.542151927947998,13.14838981628418,-20.585594177246094,11.136778831481934,-1.6263823509216309,9.894011497497559,0,real,file10027.wav_16k.wav_norm.wav_mono.wav_silence.wav
2.711875,16000,0.07312155330882353,0.05458821008654587,1294.1679291373337,611.879361517658,1277.8704642542964,328.60068586466974,2530.1470588235293,1003.690593926703,0.13881278038024902,0.04898177459836006,-156.6328887939453,56.904571533203125,119.67562103271484,54.2221794128418,-25.65749168395996,31.47988510131836,52.01228332519531,28.12765121459961,0.9464253783226013,16.264633178710938,-6.5313520431518555,16.928667068481445,4.0232768058776855,12.099308013916016,-12.27061653137207,15.87363338470459,-5.48953104019165,10.82139778137207,-1.0746320486068726,13.113226890563965,-3.18967866897583,9.458793640136719,3.5598812103271484,8.167617797851562,-6.90032434463501,8.071340560913086,0,real,file10028.wav_16k.wav_norm.wav_mono.wav_silence.wav
7.7878125,16000,0.19052974513319673,0.1636022257815778,2114.617995285748,1494.0101180915537,1589.6790415824269,543.5924707011836,3695.440573770492,2097.2746731828206,0.07313500344753265,0.04882875457406044,-266.0815734863281,130.126708984375,78.2338638305664,73.1264419555664,8.941827774047852,49.871498107910156,17.49135971069336,34.204837799072266,-25.77680015563965,27.655960083007812,-16.566986083984375,19.179468154907227,-34.32674026489258,17.71368980407715,-13.868730545043945,17.86066436767578,-0.7380800247192383,12.600423812866211,-19.334300994873047,12.441630363464355,-12.056930541992188,11.442667961120605,-11.074597358703613,12.172131538391113,0.9083388447761536,8.830723762512207,0,real,file10029.wav_16k.wav_norm.wav_mono.wav_silence.wav
2.629,16000,0.2263801298945783,0.17765318706638503,2677.311780775644,1545.7508187844487,1636.889102116474,421.8654564456451,4389.307228915663,1811.9594300920205,0.0794430673122406,0.04224592447280884,-233.68551635742188,82.20006561279297,27.918981552124023,74.17801666259766,3.0827865600585938,54.09218978881836,18.418100357055664,40.18375015258789,-24.969505310058594,26.083599090576172,-21.092668533325195,16.095260620117188,-39.55245590209961,19.78805160522461,-7.267158031463623,13.266748428344727,-26.752370834350586,15.984378814697266,-16.928525924682617,11.972526550292969,-19.629568099975586,11.44835090637207,-15.420553207397461,10.838579177856445,8.952853202819824,9.005631446838379,0,real,file1003.wav_16k.wav_norm.wav_mono.wav_silence.wav
6.731625,16000,0.1768179798578199,0.14477059856650115,2238.1140512476413,1428.296744946546,1680.608583616787,488.7319384719963,3980.7464454976302,1907.838915642071,0.10266546905040741,0.06900404393672943,-218.57797241210938,101.30427551269531,57.480648040771484,65.12545776367188,15.866950988769531,51.84874725341797,23.288354873657227,35.305233001708984,-32.553462982177734,21.742290496826172,-20.07090950012207,17.93317985534668,-30.002452850341797,16.31528663635254,-14.6129789352417,14.264959335327148,-8.852458000183105,12.793549537658691,-15.365137100219727,12.264116287231445,-9.371859550476074,10.8001708984375,-11.415298461914062,10.930068969726562,-1.9999271631240845,9.83444595336914,0,real,file10030.wav_16k.wav_norm.wav_mono.wav_silence.wav
8.88525,16000,0.23052495503597123,0.18303901371192247,2464.0522507801215,1619.7453105397615,1689.989447449848,586.2382826382529,4147.425809352518,2158.5501931052986,0.08836628496646881,0.05131763592362404,-225.2332305908203,80.8106918334961,65.01151275634766,66.53706359863281,10.005351066589355,57.55904006958008,8.631468772888184,37.645023345947266,-26.507463455200195,29.143157958984375,-25.193998336791992,21.319076538085938,-22.582406997680664,18.020313262939453,-17.799442291259766,16.077178955078125,-11.596253395080566,12.376333236694336,-16.66415786743164,12.46590518951416,-8.901786804199219,10.980522155761719,-4.028922080993652,9.99097728729248,-0.5249036550521851,9.540704727172852,0,real,file10031.wav_16k.wav_norm.wav_mono.wav_silence.wav
5.149875,16000,0.2376443614130435,0.22394000748342074,2413.0626267292755,1705.681739623584,1594.4899220687043,521.5878532642128,3927.8920807453414,2088.565772364009,0.11564117670059204,0.08145703375339508,-224.2056427001953,105.67974853515625,68.99010467529297,63.03975296020508,-2.3660683631896973,57.90195083618164,0.5188794136047363,35.806888580322266,-34.06284713745117,33.484779357910156,-19.576387405395508,19.535486221313477,-19.118755340576172,13.169561386108398,-16.629619598388672,15.630266189575195,-4.21919059753418,11.859888076782227,-18.448488235473633,14.24146556854248,-6.954829216003418,10.825343132019043,-8.333551406860352,12.199882507324219,1.6455345153808594,9.66114616394043,0,real,file10032.wav_16k.wav_norm.wav_mono.wav_silence.wav
4.416375,16000,0.19524224370503598,0.15607901416686543,2229.009429402383,1461.4261545088216,1616.7155469071952,492.650375427333,3885.1731115107914,1913.9324565545548,0.12968960404396057,0.061933886259794235,-175.921142578125,76.97103881835938,70.36276245117188,66.36381530761719,6.264091491699219,55.05661392211914,16.441587448120117,40.103004455566406,-27.83892250061035,25.402896881103516,-19.74712562561035,24.74799346923828,-35.21683120727539,16.142377853393555,-18.42169189453125,16.6284236907959,-11.84847640991211,10.830211639404297,-11.335582733154297,11.332442283630371,-7.711634635925293,9.919532775878906,-12.059123992919922,10.186421394348145,1.2768012285232544,9.038840293884277,0,real,file10033.wav_16k.wav_norm.wav_mono.wav_silence.wav
9.498625,16000,0.17772779882154882,0.16919824888171114,2128.6369508490625,1402.7175193147468,1692.8792169469034,538.9342743674268,3895.123106060606,1948.1000461362319,0.11167924106121063,0.07516708970069885,-220.83448791503906,100.549072265625,68.75955963134766,61.40018844604492,14.190563201904297,49.167823791503906,16.373023986816406,35.90057373046875,-21.88899803161621,23.657503128051758,-30.087549209594727,19.419816970825195,-25.740097045898438,15.896985054016113,-15.119832992553711,16.888559341430664,-10.148635864257812,12.350292205810547,-19.272451400756836,13.263466835021973,-8.122657775878906,9.45833969116211,-9.124444007873535,10.789217948913574,-6.359424114227295,7.696785926818848,0,real,file10035.wav_16k.wav_norm.wav_mono.wav_silence.wav
9.3714375,16000,0.18588683873720135,0.15708912051191135,2001.8364006754587,1418.2008383235543,1489.6791770044954,576.1212865996697,3409.2363481228667,2043.6425217732058,0.1006888598203659,0.06815160065889359,-236.7735137939453,101.91841125488281,86.00758361816406,73.89203643798828,-7.079138278961182,53.27139663696289,2.641711950302124,34.91954040527344,-29.111648559570312,24.780778884887695,-27.85211944580078,20.034622192382812,-11.706624984741211,17.596027374267578,-22.846675872802734,18.222213745117188,-18.711803436279297,12.821764945983887,-11.689702987670898,11.249914169311523,-13.089980125427246,11.776049613952637,-8.417876243591309,11.539794921875,-4.652777671813965,8.940422058105469,0,real,file10036.wav_16k.wav_norm.wav_mono.wav_silence.wav
9.6260625,16000,0.1709195260589701,0.16482416013286633,2059.8728114448804,1322.344070404991,1671.580827034567,468.4919577099702,3770.686254152824,1803.6060300007457,0.09685687720775604,0.0646057277917862,-233.8334197998047,111.98001861572266,65.488037109375,55.356502532958984,8.634486198425293,49.37370681762695,18.90087127685547,38.68821716308594,-34.72854995727539,25.868328094482422,-23.50157356262207,19.511638641357422,-25.495162963867188,13.833505630493164,-15.253630638122559,14.769182205200195,-3.7932631969451904,11.785110473632812,-22.065711975097656,13.854233741760254,-7.693820953369141,10.064980506896973,-10.78879165649414,10.53270435333252,-2.455542802810669,9.701194763183594,0,real,file10037.wav_16k.wav_norm.wav_mono.wav_silence.wav
2.672125,16000,0.14875139508928573,0.13425556258630766,1832.8911894546193,1193.574171442569,1404.9994988544229,450.16662635272115,3289.8065476190477,1750.0235083619532,0.07649313658475876,0.05481771379709244,-228.84979248046875,67.62476348876953,78.39179992675781,64.74870300292969,-19.579479217529297,58.099647521972656,13.300162315368652,33.556705474853516,-40.04365158081055,27.948734283447266,-24.09608268737793,21.420900344848633,-32.57215118408203,12.601862907409668,-25.642810821533203,16.75433921813965,-10.239568710327148,9.737567901611328,-12.847322463989258,10.33755874633789,-15.971552848815918,11.618896484375,-10.278955459594727,10.36085033416748,-2.6700267791748047,8.454445838928223,0,real,file10038.wav_16k.wav_norm.wav_mono.wav_silence.wav
6.76875,16000,0.20553416126179244,0.2072717230180549,2347.013907963571,1662.0804320659604,1603.7969365197835,522.9936966970314,3901.4224646226417,2104.5006172665016,0.12545673549175262,0.08177167922258377,-212.96832275390625,93.05213928222656,61.58620071411133,77.162353515625,16.497943878173828,55.06608581542969,10.389542579650879,36.116024017333984,-28.413795471191406,25.546276092529297,-20.238943099975586,19.625076293945312,-23.826507568359375,17.061548233032227,-19.81248664855957,17.15731430053711,-9.937512397766113,14.370299339294434,-17.666465759277344,15.014487266540527,-11.814238548278809,11.919184684753418,-10.424131393432617,11.885271072387695,-1.8939497470855713,9.753271102905273,0,real,file10039.wav_16k.wav_norm.wav_mono.wav_silence.wav
3.361875,16000,0.2516352815448113,0.20277509787507958,2663.9689932534297,1713.063128209711,1635.1095689357949,487.5034304210078,4340.94929245283,2155.9966152583347,0.10428748279809952,0.05584759637713432,-197.5052490234375,84.21299743652344,43.11791229248047,77.95108795166016,-3.837265968322754,54.414005279541016,4.672858715057373,35.255638122558594,-31.483896255493164,22.191320419311523,-27.84191131591797,18.214664459228516,-27.53316307067871,16.290729522705078,-13.96712589263916,15.528823852539062,-8.94753360748291,8.878445625305176,-23.05911636352539,10.78456974029541,-9.96791934967041,12.83021354675293,-8.28984260559082,10.884781837463379,3.4520933628082275,9.230924606323242,0,real,file1004.wav_16k.wav_norm.wav_mono.wav_silence.wav
10.039125,16000,0.160828025477707,0.12651830903784472,2162.4695233821058,1138.358285864667,1550.7121493553136,393.48025457077784,3635.8976910828023,1584.4462338751182,0.06457368284463882,0.03724566847085953,-193.2169647216797,75.92906951904297,66.1087646484375,68.61527252197266,-22.468334197998047,35.93996810913086,27.901248931884766,29.098604202270508,-12.997249603271484,21.59929084777832,-6.901071548461914,18.743907928466797,-16.089982986450195,17.069293975830078,-6.867745876312256,15.550537109375,-5.17955207824707,12.891487121582031,-4.4605584144592285,11.28860092163086,-8.02431583404541,9.708218574523926,0.6198878884315491,8.063363075256348,-3.7508420944213867,10.150161743164062,0,real,file10040.wav_16k.wav_norm.wav_mono.wav_silence.wav
2.99225,16000,0.10467399434840426,0.1030035838660849,1587.8027427652166,952.0944791742427,1417.8297751313244,409.91738091570596,2931.7652925531916,1459.2169971384926,0.11747245490550995,0.05872488021850586,-184.5287322998047,84.1272201538086,99.24246978759766,61.74720764160156,-8.301979064941406,37.366004943847656,54.36186218261719,31.474149703979492,-9.629043579101562,17.485342025756836,-5.269834041595459,18.15682029724121,13.30254077911377,17.416000366210938,-7.309357166290283,14.997790336608887,-0.580754280090332,11.956328392028809,-4.9251298904418945,11.746474266052246,-7.745316505432129,11.325798988342285,0.7310717105865479,7.330480098724365,-4.744419574737549,12.456838607788086,0,real,file10041.wav_16k.wav_norm.wav_mono.wav_silence.wav
3.792625,16000,0.10043411896008403,0.08485198530600646,1338.619539351353,731.6323748828431,1201.5878479057837,299.1531733267163,2438.353466386555,1177.1723711457817,0.08833935856819153,0.05431051552295685,-200.73782348632812,72.0028076171875,137.12510681152344,54.98551940917969,-25.979087829589844,30.620807647705078,46.54715347290039,25.082324981689453,-19.206470489501953,25.048185348510742,5.4197096824646,16.97198486328125,-17.02935218811035,15.37131404876709,-15.607684135437012,16.152320861816406,-11.433514595031738,12.883593559265137,2.665255069732666,12.837723731994629,-15.532888412475586,10.69482135772705,8.035208702087402,9.460384368896484,-14.817095756530762,9.422983169555664,0,real,file10042.wav_16k.wav_norm.wav_mono.wav_silence.wav
3.4789375,16000,0.1083984375,0.1304530186592379,1528.761585234889,1349.0080754255998,1544.6732129388502,530.2713296209172,2785.837155963303,2229.1512571689473,0.1483309268951416,0.08178973942995071,-234.5629425048828,101.39583587646484,93.6033935546875,66.48594665527344,49.23283386230469,31.247943878173828,41.46730422973633,31.20456314086914,-2.680446147918701,20.99028205871582,12.625768661499023,18.065128326416016,-4.412638187408447,16.857959747314453,6.855758190155029,15.991511344909668,-9.521225929260254,12.95100212097168,5.6132049560546875,10.617152214050293,-8.298813819885254,9.04507827758789,-1.409827470779419,7.8961286544799805,-6.930599689483643,10.280122756958008,0,real,file10044.wav_16k.wav_norm.wav_mono.wav_silence.wav
4.9865,16000,0.1566005608974359,0.14924726880569414,2046.636037313839,1321.114762354803,1622.225636657188,518.3783025875142,3724.308894230769,1755.2719375731358,0.12792009115219116,0.06576964259147644,-179.93206787109375,77.15216827392578,76.42781066894531,60.91363525390625,-5.034627914428711,57.3072624206543,15.810133934020996,35.13775634765625,-32.22089767456055,28.74756622314453,-23.35517692565918,18.391023635864258,-33.38001251220703,15.650390625,-21.637462615966797,12.946682929992676,-4.859292984008789,13.62357234954834,-15.9771728515625,11.158007621765137,-12.035575866699219,13.120997428894043,-16.11936378479004,9.893942832946777,8.272720336914062,8.855743408203125,0,real,file10045.wav_16k.wav_norm.wav_mono.wav_silence.wav
3.1981875,16000,0.1760888671875,0.16648104645987685,2111.6520751938688,1493.2641425847373,1679.3890704197684,589.1029359219597,3737.734375,2120.4228206262123,0.1354195922613144,0.07437598705291748,-211.4693145751953,109.8249740600586,76.83997344970703,65.41737365722656,14.840478897094727,46.36729049682617,9.507726669311523,37.335628509521484,-26.248825073242188,22.97458839416504,-29.38559341430664,23.099292755126953,-12.506845474243164,16.48673439025879,-18.700485229492188,14.90222454071045,-14.33211898803711,13.782448768615723,-19.379531860351562,11.679903030395508,-11.318036079406738,11.654143333435059,-6.235760688781738,11.10157299041748,-8.790762901306152,12.112422943115234,0,real,file10046.wav_16k.wav_norm.wav_mono.wav_silence.wav
2.7668125,16000,0.10673715876436782,0.1038955525982869,1370.4269949880054,851.7943615921262,1297.9280417179764,399.78455029151934,2577.765804597701,1402.927962710165,0.14484278857707977,0.06359557807445526,-168.624267578125,55.84080123901367,124.02886199951172,52.206363677978516,-18.956050872802734,28.943761825561523,43.83637619018555,34.446205139160156,-4.681528568267822,17.858888626098633,17.328731536865234,16.588600158691406,-25.14487075805664,16.122604370117188,12.700663566589355,16.196170806884766,-20.014326095581055,8.443551063537598,1.1762577295303345,12.16203498840332,-7.441145896911621,9.687363624572754,7.222355842590332,8.299176216125488,-8.153116226196289,9.168366432189941,0,real,file10047.wav_16k.wav_norm.wav_mono.wav_silence.wav
1.6430625,16000,0.14973332331730768,0.12841464416057774,1781.7153430786113,940.0001343636552,1353.3936800009667,389.49023761418624,3140.925480769231,1317.6650473428183,0.11519773304462433,0.05507998168468475,-164.55252075195312,86.52435302734375,105.44803619384766,63.53423309326172,-34.83774948120117,42.841121673583984,64.66918182373047,37.31048583984375,-4.722457408905029,19.83174705505371,18.18228530883789,15.539468765258789,-19.92251968383789,19.969602584838867,-0.2141520380973816,23.515762329101562,-13.052987098693848,11.008722305297852,4.93259334564209,13.004199981689453,-12.709123611450195,12.18859577178955,3.1659703254699707,8.759035110473633,-3.8560595512390137,6.862318515777588,0,real,file10048.wav_16k.wav_norm.wav_mono.wav_silence.wav
2.866125,16000,0.1496039496527778,0.13225272287668613,1716.5370145269285,1152.0759215158498,1535.243163707755,472.5741552863338,3171.2673611111113,1775.843948159358,0.17156405746936798,0.0852140262722969,-175.23777770996094,59.16416549682617,91.29094696044922,49.4527702331543,4.802696228027344,34.17706298828125,29.320215225219727,27.664493560791016,-14.10794448852539,19.931800842285156,-7.071949481964111,17.952899932861328,-30.666954040527344,13.710553169250488,0.3812789022922516,18.28301239013672,-33.009212493896484,11.25092887878418,8.43032455444336,10.525879859924316,-28.964611053466797,9.134919166564941,-0.4462341368198395,9.375077247619629,-14.726396560668945,6.950826168060303,0,real,file10049.wav_16k.wav_norm.wav_mono.wav_silence.wav
4.872875,16000,0.1748685151143791,0.1340863656096898,2012.2707376715175,991.6958444957851,1436.4030033467145,357.55498567582697,3568.065767973856,1310.4707414025866,0.08946549892425537,0.05328238382935524,-200.0397491455078,73.31884002685547,83.51177978515625,52.22465133666992,-38.65782165527344,41.046226501464844,45.65044021606445,30.1822452545166,-31.464157104492188,21.94203758239746,17.598480224609375,14.489967346191406,-34.11839294433594,15.302661895751953,-1.7197076082229614,20.39887046813965,-16.16573715209961,16.222270965576172,-2.926387310028076,13.14919376373291,-10.184640884399414,9.20431137084961,-2.0923523902893066,10.869048118591309,-5.696839809417725,7.862104892730713,0,real,file10050.wav_16k.wav_norm.wav_mono.wav_silence.wav
3.972875,16000,0.200078125,0.1703606202626631,2231.3320148579237,1591.1360088340377,1580.4483613687887,511.74466520090397,3791.125,2082.2576727256883,0.08536692708730698,0.05018655210733414,-227.72300720214844,95.9224853515625,84.26592254638672,70.06726837158203,6.36379337310791,60.10762405395508,-1.5830192565917969,33.98324203491211,-33.19782257080078,33.471946716308594,-2.752624988555908,24.540285110473633,-23.39126205444336,18.32524871826172,-24.516260147094727,13.745489120483398,-2.0979127883911133,11.608917236328125,-16.69943618774414,13.964432716369629,-15.884692192077637,11.502290725708008,-5.024942874908447,12.831153869628906,3.6838998794555664,9.80920124053955,0,real,file10051.wav_16k.wav_norm.wav_mono.wav_silence.wav
2.77975,16000,0.06668125897988506,0.02876215401416149,1130.7905377301352,284.44418666874697,1276.9056322638205,183.66425840954707,2259.1594827586205,506.23471026281493,0.08747698366641998,0.058208152651786804,-179.39794921875,63.30230712890625,136.7066192626953,20.83921241760254,-35.50798416137695,20.519853591918945,31.89946174621582,12.549334526062012,1.6178127527236938,10.116374969482422,14.695576667785645,10.44413948059082,-2.660559892654419,8.837589263916016,4.629830837249756,14.500325202941895,2.7518131732940674,8.424549102783203,12.23144245147705,7.081889629364014,-5.328512668609619,11.553579330444336,12.627060890197754,7.844516754150391,-5.751550197601318,10.960494041442871,0,real,file10052.wav_16k.wav_norm.wav_mono.wav_silence.wav
3.16975,16000,0.1149072265625,0.11704381765768092,1459.2277330929685,942.8725712862806,1343.3344277060055,409.1550518494196,2773.59375,1448.8617653313454,0.1379883736371994,0.06600161641836166,-168.59556579589844,55.09151077270508,113.38982391357422,47.4692268371582,-12.638581275939941,41.89210510253906,64.85436248779297,25.525880813598633,1.4643316268920898,18.714048385620117,10.87939453125,16.34735107421875,-16.71977996826172,15.5640287399292,-2.8810555934906006,18.599233627319336,-26.561717987060547,9.642498970031738,1.0324572324752808,13.123255729675293,-14.893651008605957,9.157856941223145,2.5417826175689697,8.810442924499512,2.4721522331237793,8.77568244934082,0,real,file10053.wav_16k.wav_norm.wav_mono.wav_silence.wav
2.6175,16000,0.0670433974847561,0.053353317272942416,1218.7471683625608,565.1326244314598,1300.9778177926537,332.1300964410664,2408.8224085365855,986.4258414059889,0.13978970050811768,0.09323104470968246,-184.99124145507812,100.94808959960938,122.50016784667969,42.291259765625,-23.68606948852539,38.58488845825195,41.757328033447266,26.007728576660156,-0.7119942903518677,19.859264373779297,-11.150444984436035,19.08692169189453,9.459712028503418,15.410642623901367,-12.155755043029785,14.73952579498291,-1.2366256713867188,11.65825366973877,0.301717072725296,13.109100341796875,-5.159567832946777,10.12043285369873,2.1482181549072266,9.790507316589355,-4.4954752922058105,8.70749282836914,0,real,file10055.wav_16k.wav_norm.wav_mono.wav_silence.wav
8.06575,16000,0.2627783010128458,0.19982894211734648,2766.1131122907036,1723.0720223541762,1712.1022683329963,516.1084673555769,4538.414031620553,2045.423932897231,0.105291448533535,0.06118280813097954,-200.33612060546875,75.99198150634766,42.64045333862305,66.2485122680664,9.203694343566895,60.38145065307617,6.24079704284668,39.722686767578125,-22.034130096435547,22.711090087890625,-16.051151275634766,20.6561279296875,-28.844024658203125,15.527680397033691,-21.65011215209961,15.295026779174805,-10.553030014038086,13.935079574584961,-13.088278770446777,10.062655448913574,-13.97022819519043,10.20442008972168,-11.122539520263672,11.031246185302734,4.420814514160156,8.793717384338379,0,real,file10056.wav_16k.wav_norm.wav_mono.wav_silence.wav
2.2775,16000,0.15484619140625,0.08010760077550914,1695.2291159507195,731.0709335248002,1028.064175227011,287.5766105667797,2679.0364583333335,957.0168561134122,0.08838454633951187,0.06455422937870026,-214.86073303222656,72.54610443115234,110.0257339477539,55.99667739868164,-86.18779754638672,43.4775390625,23.87076187133789,33.72467803955078,-28.444162368774414,24.11533546447754,-39.78057098388672,19.4891357421875,-20.81427764892578,17.020423889160156,-8.024351119995117,15.520425796508789,-14.11982250213623,10.235233306884766,6.22150993347168,12.973459243774414,-5.1146745681762695,8.30469799041748,-2.5042760372161865,8.85730266571045,2.4774281978607178,9.380607604980469,0,real,file10057.wav_16k.wav_norm.wav_mono.wav_silence.wav
6.116125,16000,0.12742106119791666,0.11735865315597774,1730.9725807578313,1081.7918364779505,1495.8950520342662,443.1039181939248,3247.0703125,1656.453342071192,0.08678590506315231,0.048857130110263824,-235.8066864013672,81.82141876220703,85.65059661865234,57.699981689453125,-12.135659217834473,47.32640075683594,18.944244384765625,35.67794418334961,-32.19211196899414,25.30801010131836,-14.846543312072754,24.352806091308594,-23.350500106811523,17.274276733398438,-37.2144775390625,16.09369659423828,-11.521449089050293,14.030461311340332,-13.934271812438965,11.43333625793457,-10.121380805969238,12.656956672668457,-14.076075553894043,10.516404151916504,-6.617095947265625,9.053558349609375,0,real,file10058.wav_16k.wav_norm.wav_mono.wav_silence.wav
5.445375,16000,0.013968841374269006,0.01930560663334432,958.896526485307,558.8440537055133,1558.6240111210184,346.21774773013976,2162.9203216374267,981.5138268366916,0.11698145419359207,0.05534582957625389,-261.9347229003906,92.00741577148438,89.74474334716797,49.263179779052734,5.926271438598633,19.327863693237305,27.140825271606445,18.928619384765625,6.168106555938721,14.645994186401367,10.578924179077148,13.687676429748535,5.063591480255127,7.996767044067383,10.157443046569824,11.569524765014648,5.0652055740356445,8.538997650146484,5.950225830078125,7.7662272453308105,6.338321208953857,7.286827564239502,9.681295394897461,6.467686653137207,2.2493350505828857,8.286922454833984,0,real,file10059.wav_16k.wav_norm.wav_mono.wav_silence.wav
5.6245,16000,0.004680286754261364,0.009944370356654202,645.0283005982366,511.2409918804672,1263.5987599256955,354.44488203442967,1104.4477982954545,1437.6974453412845,0.19610118865966797,0.026323435828089714,-276.0852966308594,80.3338623046875,93.2710189819336,43.98976516723633,14.264938354492188,16.041154861450195,44.68228530883789,24.7501220703125,-2.1433067321777344,11.274506568908691,22.63143539428711,13.474348068237305,-5.653723239898682,13.23900032043457,16.81556510925293,9.370197296142578,-4.282536029815674,9.204668045043945,12.934874534606934,8.197670936584473,-2.1498429775238037,6.959899425506592,9.041449546813965,6.474442005157471,2.4676897525787354,6.0364089012146,0,real,file10060.wav_16k.wav_norm.wav_mono.wav_silence.wav
3.8739375,16000,0.0164214587602459,0.02878926772057454,1334.7778761917702,839.0908161408312,1633.0233204110784,431.0745285428375,2891.2653688524592,1856.1605807295803,0.12230952084064484,0.020107528194785118,-288.5203857421875,95.28276824951172,53.04698181152344,33.340736389160156,-12.526480674743652,40.96834182739258,41.541160583496094,20.33127212524414,-22.49503517150879,25.034931182861328,29.168142318725586,12.61524772644043,-20.61941146850586,17.563283920288086,26.344532012939453,12.850608825683594,-3.794743061065674,11.37863826751709,16.717857360839844,10.826455116271973,-7.385800361633301,10.146090507507324,8.647392272949219,9.78727912902832,-10.728508949279785,8.796613693237305,0,real,file10061.wav_16k.wav_norm.wav_mono.wav_silence.wav
1.4900625,16000,0.18758311170212766,0.09070760158110867,2023.2128027011643,913.2235980047972,1230.123098548205,407.6881688252982,3240.3590425531916,1489.1835022038256,0.06748455762863159,0.05203147605061531,-214.98680114746094,70.81204986572266,88.23798370361328,68.32759857177734,-69.21898651123047,45.72554016113281,24.587099075317383,28.253341674804688,-8.314452171325684,27.501264572143555,-20.29854393005371,19.058595657348633,-25.29541015625,13.72700023651123,-5.936127185821533,13.184391021728516,-18.78267478942871,9.825165748596191,4.397407531738281,11.1838960647583,-22.04624366760254,10.605843544006348,-1.344251036643982,10.639704704284668,-4.110001564025879,8.597345352172852,0,real,file10062.wav_16k.wav_norm.wav_mono.wav_silence.wav
5.430625,16000,0.22993738511029413,0.20770552082609559,2536.6551249643294,1686.4495024764026,1623.0024555047507,521.2830487252227,4151.976102941177,2138.4824611032923,0.08358065783977509,0.06352269649505615,-245.7925567626953,112.4159927368164,60.827701568603516,76.88985443115234,4.248526573181152,54.12200164794922,-0.0038282505702227354,28.19729995727539,-23.526004791259766,22.639184951782227,-16.301185607910156,18.020435333251953,-12.479239463806152,15.942110061645508,-7.913697719573975,14.65950870513916,-2.7605063915252686,13.027207374572754,-14.675390243530273,10.635151863098145,-11.693977355957031,11.425966262817383,-2.175938844680786,11.408912658691406,-1.3649102449417114,8.388453483581543,0,real,file10064.wav_16k.wav_norm.wav_mono.wav_silence.wav
2.2048125,16000,0.25407608695652173,0.1098992973273857,2616.2400684897416,643.5535426391664,1501.4833617635222,190.3906958132215,4363.337862318841,647.2497678058197,0.067055344581604,0.0397285558283329,-178.1181182861328,57.277305603027344,26.976354598999023,36.83086013793945,-65.673095703125,35.10352325439453,53.310237884521484,26.314748764038086,-29.9998836517334,18.407289505004883,38.855777740478516,16.94681739807129,-18.203556060791016,9.922563552856445,22.788433074951172,11.045134544372559,-18.46429443359375,11.248379707336426,14.59825325012207,6.678792953491211,-4.421992301940918,10.45881462097168,5.761136531829834,10.770310401916504,1.102216124534607,9.504632949829102,0,real,file10065.wav_16k.wav_norm.wav_mono.wav_silence.wav
2.8488125,16000,0.09166124131944445,0.0873093671242802,1512.915652249087,753.897340081996,1594.2105957075378,321.87762182950877,3076.8229166666665,1316.8394337551313,0.18033212423324585,0.06639628112316132,-116.83609008789062,65.05796813964844,97.33203125,42.65353012084961,-0.8544254899024963,27.639606475830078,46.5598030090332,28.42073631286621,6.300002574920654,20.636608123779297,0.06733477115631104,15.513978958129883,-10.362334251403809,14.393316268920898,-11.03333568572998,13.166717529296875,-15.55511474609375,10.585794448852539,-2.5823261737823486,14.622910499572754,-14.228608131408691,8.96397590637207,4.382523536682129,8.626082420349121,-13.119426727294922,9.659978866577148,0,real,file10066.wav_16k.wav_norm.wav_mono.wav_silence.wav
5.8353125,16000,0.23092768101092895,0.21043336165280802,2404.750849994864,1750.495623198722,1545.8846166171406,570.460806057923,3857.5819672131147,2200.916388658226,0.14003194868564606,0.08012198656797409,-202.24961853027344,89.98675537109375,71.6310806274414,79.40119171142578,12.452655792236328,56.20672607421875,0.11403501778841019,37.94189453125,-27.359256744384766,24.902746200561523,-20.2546329498291,22.792848587036133,-27.551618576049805,20.051733016967773,-17.1885929107666,17.46845817565918,-10.610151290893555,10.652804374694824,-12.042051315307617,12.20565414428711,-10.852669715881348,9.511310577392578,-7.916138172149658,11.006954193115234,-0.33412134647369385,8.393686294555664,0,real,file10068.wav_16k.wav_norm.wav_mono.wav_silence.wav
2.618625,16000,0.07112233231707317,0.07438745169297381,1207.2773627984127,834.3949059590651,1315.6184271596621,402.34985252324816,2299.3521341463415,1474.4724842316034,0.11886431276798248,0.08927620202302933,-211.86715698242188,100.8235092163086,111.35160827636719,50.04480743408203,-9.071009635925293,33.78748321533203,25.853891372680664,33.82175827026367,2.236196279525757,16.959125518798828,16.062461853027344,16.316511154174805,6.8348283767700195,11.144708633422852,1.1996605396270752,12.818558692932129,2.0236730575561523,8.877974510192871,-5.9508562088012695,16.265474319458008,0.4001508057117462,8.758831977844238,5.537841796875,9.793907165527344,1.8853421211242676,10.615167617797852,0,real,file10069.wav_16k.wav_norm.wav_mono.wav_silence.wav
3.30875,16000,0.17917574368990385,0.16216189377536752,2189.5133576057337,1368.7938111893545,1759.8211538365094,459.16170321329855,3862.605168269231,1985.7224503274388,0.1795097142457962,0.10388337075710297,-116.41439819335938,100.62294006347656,72.62590789794922,59.04695510864258,14.985478401184082,41.779476165771484,17.214275360107422,34.053314208984375,4.172253131866455,26.09958267211914,-11.36910343170166,18.48839569091797,-21.950815200805664,14.206382751464844,4.131307601928711,14.422599792480469,-10.179410934448242,15.122742652893066,-4.038164138793945,11.954167366027832,3.1794724464416504,10.31596565246582,-6.794219970703125,10.129441261291504,-6.856195449829102,8.994464874267578,0,real,file1007.wav_16k.wav_norm.wav_mono.wav_silence.wav
5.48475,16000,0.20673317132994187,0.16652821739306792,2308.353023742997,1468.2249213625444,1670.850871833469,514.7215653676097,4047.1929505813955,1985.7088278617875,0.12987671792507172,0.0944523885846138,-216.72352600097656,125.8772201538086,61.9770393371582,73.24972534179688,11.47584342956543,50.33611297607422,12.566377639770508,30.505945205688477,-33.92287826538086,24.54329490661621,-23.114797592163086,19.32554817199707,-20.250774383544922,14.847458839416504,-10.393239974975586,12.344802856445312,-10.510116577148438,13.57617473602295,-17.33681869506836,14.74393367767334,-3.37723708152771,10.343496322631836,-12.647239685058594,12.69733715057373,4.750622272491455,7.543190956115723,0,real,file10070.wav_16k.wav_norm.wav_mono.wav_silence.wav
4.429,16000,0.10812092513489209,0.09116203778955939,1422.136696497635,794.8586738537839,1242.045403438296,400.0507814280413,2655.013489208633,1247.49821972421,0.06887224316596985,0.03757597878575325,-228.77708435058594,95.04721069335938,136.23565673828125,59.0681037902832,-34.839290618896484,35.57609176635742,46.25025939941406,32.58843994140625,-10.766401290893555,23.27510643005371,23.136510848999023,28.482694625854492,-9.99068832397461,24.641862869262695,10.978615760803223,16.589502334594727,-8.227381706237793,11.713916778564453,12.862640380859375,11.247687339782715,2.6340928077697754,11.015246391296387,0.21136271953582764,12.257376670837402,-0.3279459774494171,7.482659816741943,0,real,file10072.wav_16k.wav_norm.wav_mono.wav_silence.wav
3.2378125,16000,0.13001685049019607,0.08557004535362284,1781.5168202429409,759.8920608909845,1449.2807794705432,307.60115726711814,3360.830269607843,1015.2429819763923,0.06990446150302887,0.0542733371257782,-240.4744415283203,130.794921875,94.36199188232422,52.64466857910156,-15.826436042785645,41.54792022705078,66.92292785644531,27.83150291442871,-26.829421997070312,20.916587829589844,9.14678955078125,20.87041473388672,-10.927082061767578,14.219854354858398,-5.707939624786377,12.0162935256958,-12.668622970581055,12.641302108764648,1.5326581001281738,9.010435104370117,-18.20053482055664,9.116786003112793,1.6662622690200806,8.129618644714355,-8.963214874267578,6.8939080238342285,0,real,file10073.wav_16k.wav_norm.wav_mono.wav_silence.wav
9.4151875,16000,0.1778072033898305,0.16262237893603468,2077.8857086686608,1361.3397035816004,1619.0323240626155,513.4152155740258,3705.2966101694915,1919.1322196870783,0.11271396279335022,0.06934130191802979,-216.6617431640625,111.32989501953125,74.0363998413086,68.96898651123047,-7.1322479248046875,50.993988037109375,1.313860535621643,32.741512298583984,-23.210060119628906,27.004711151123047,-17.80127716064453,17.326841354370117,-30.13254165649414,16.336864471435547,-24.695205688476562,17.45619010925293,-0.04819447174668312,12.678743362426758,-19.484386444091797,12.42259693145752,-12.439838409423828,10.807319641113281,-6.7001166343688965,10.59494400024414,-1.3026463985443115,9.545658111572266,0,real,file10074.wav_16k.wav_norm.wav_mono.wav_silence.wav
3.980375,16000,0.04520703125,0.04679901817139587,1309.1490755405312,540.8776032868799,1553.5182899186411,410.3758551045227,2869.125,1221.267694344692,0.11083377152681351,0.05098331719636917,-181.48324584960938,79.76139831542969,104.03485107421875,46.182228088378906,-0.8746691346168518,29.16736602783203,38.25722885131836,27.299434661865234,-8.97416877746582,22.134963989257812,5.458798408508301,14.913371086120605,-0.5038771033287048,11.485004425048828,-6.517491817474365,14.901047706604004,1.3479619026184082,10.396808624267578,4.5492939949035645,10.996888160705566,-0.9263035655021667,9.124481201171875,9.622178077697754,6.970973491668701,0.096215158700943,6.879964351654053,0,real,file10075.wav_16k.wav_norm.wav_mono.wav_silence.wav
5.3341875,16000,0.22538711639221556,0.17888459117292155,2447.3332810413795,1541.0966402026904,1765.1709764457248,540.0631267819555,4182.073353293413,2056.0457072197905,0.10406976193189621,0.059498172253370285,-212.01145935058594,81.82466125488281,56.928306579589844,62.917179107666016,12.895899772644043,46.112640380859375,17.60577964782715,36.400630950927734,-21.39379119873047,25.890331268310547,-25.446640014648438,21.939260482788086,-23.787460327148438,17.057485580444336,-27.03584098815918,17.469377517700195,-5.03413200378418,12.95986557006836,-13.534062385559082,12.437440872192383,-12.07448959350586,11.486771583557129,-11.467172622680664,12.8001127243042,-2.9617981910705566,8.499022483825684,0,real,file10076.wav_16k.wav_norm.wav_mono.wav_silence.wav
2.028375,16000,0.08609771728515625,0.07143043477285436,1237.7982547248305,797.7805087409649,1390.1857152572106,601.9237973587386,2525.634765625,1776.692482815611,0.20066916942596436,0.09969515353441238,-193.84359741210938,55.18503189086914,111.26019287109375,44.3435173034668,-0.10964548587799072,46.55247497558594,19.407567977905273,27.77142906188965,-12.656871795654297,24.458147048950195,5.134912490844727,17.516071319580078,-9.451969146728516,13.77038288116455,-7.728113651275635,14.617671966552734,-7.98784065246582,14.798623085021973,-5.325928688049316,9.618417739868164,-11.12700366973877,10.283087730407715,-5.016260147094727,9.157973289489746,-9.191801071166992,6.401679039001465,0,real,file10077.wav_16k.wav_norm.wav_mono.wav_silence.wav
3.9303125,16000,0.11692946519308943,0.11846464957233854,1799.1330760053727,999.0770383171892,1817.4579552308287,521.2710174173241,3661.9664634146343,1925.9489096968518,0.1519501805305481,0.07056807726621628,-141.48416137695312,72.02267456054688,92.5210952758789,46.64302062988281,4.414370059967041,37.08091735839844,5.9256134033203125,28.56064224243164,11.687239646911621,20.65779685974121,-12.914555549621582,22.17568588256836,-10.595658302307129,19.469783782958984,-3.54396653175354,14.43997859954834,-10.431142807006836,13.25577449798584,-4.001965522766113,13.053119659423828,-6.511754035949707,10.341306686401367,1.1964198350906372,9.759895324707031,-14.10037899017334,13.165966033935547,0,real,file10078.wav_16k.wav_norm.wav_mono.wav_silence.wav
6.6175,16000,0.16794752038043478,0.15220921595934367,2078.4372151188927,1304.204053839133,1604.6568252568343,431.1912963714318,3689.538043478261,1793.4904910901796,0.08393438160419464,0.0530378557741642,-220.10952758789062,76.94246673583984,75.06082153320312,66.2845230102539,-1.7034754753112793,47.846065521240234,19.943193435668945,43.236351013183594,-37.33346939086914,30.481006622314453,-13.251986503601074,22.11870574951172,-30.928239822387695,17.95064353942871,-37.54161834716797,19.61111068725586,-9.90616512298584,15.028770446777344,-7.981265068054199,14.8494873046875,-8.401264190673828,12.461726188659668,-20.765554428100586,10.40691089630127,5.210033893585205,10.556031227111816,0,real,file10079.wav_16k.wav_norm.wav_mono.wav_silence.wav
6.5876875,16000,0.16783601334951456,0.09933089859764728,2093.958445620201,832.0213295327643,1389.898416447147,266.45867899619884,3610.0955703883496,932.327529028481,0.07083514332771301,0.04546381160616875,-235.4075469970703,95.06949615478516,71.02285766601562,58.63359832763672,-41.80659484863281,40.99845886230469,79.25019836425781,39.87035369873047,-29.768592834472656,28.44428253173828,7.617043972015381,20.603809356689453,-11.600724220275879,18.79401206970215,-2.5814332962036133,20.27523422241211,-1.5826884508132935,18.780607223510742,7.707529067993164,15.962636947631836,-6.750273704528809,11.804459571838379,7.4192023277282715,9.99580192565918,-4.4448628425598145,13.245668411254883,0,real,file1008.wav_16k.wav_norm.wav_mono.wav_silence.wav
2.84675,16000,0.08541081460674158,0.06697576434549099,1382.7287060341284,826.2515303924469,1357.894325933755,419.6400326862987,2600.684691011236,1396.5908900273116,0.10177220404148102,0.06570016592741013,-190.66551208496094,76.84857177734375,121.85118103027344,56.60928726196289,-13.476862907409668,33.32377624511719,34.77688980102539,22.385366439819336,-0.9962664246559143,17.808067321777344,-1.6022334098815918,18.46616554260254,1.7396767139434814,13.901002883911133,-12.648802757263184,15.65158462524414,3.003516674041748,10.693328857421875,2.7772955894470215,13.38294792175293,0.6282188296318054,9.628914833068848,-0.9479184150695801,9.22250747680664,-1.7655651569366455,7.919406414031982,0,real,file10080.wav_16k.wav_norm.wav_mono.wav_silence.wav
1.8185625,16000,0.17740028782894737,0.15474228235568158,2120.1277344180016,1375.6393052511614,1602.5030166050478,404.931536391485,3687.3629385964914,2048.1016413057546,0.11114581674337387,0.06902066618204117,-187.103271484375,108.79779052734375,71.33354187011719,96.54989624023438,17.866260528564453,29.893220901489258,21.95335578918457,26.418140411376953,-11.766164779663086,24.314208984375,12.751599311828613,16.121810913085938,-8.24179458618164,16.43023109436035,-7.80866003036499,9.504359245300293,-5.455308437347412,14.063063621520996,2.8607113361358643,15.622645378112793,-4.765812873840332,11.100387573242188,1.514572262763977,9.848295211791992,-6.424313545227051,11.249670028686523,0,real,file10083.wav_16k.wav_norm.wav_mono.wav_silence.wav
1.8893125,16000,0.17882486979166667,0.18275962057562636,2137.2770709943557,1395.8111934306528,1527.4205129437744,466.7095206177505,3675.6510416666665,1967.5775132077226,0.10005279630422592,0.03861689567565918,-206.39752197265625,79.49411010742188,63.19890213012695,78.68446350097656,-19.723358154296875,50.38643264770508,11.820951461791992,43.340118408203125,-38.14809036254883,23.763429641723633,-17.277751922607422,18.757020950317383,-29.382360458374023,16.911602020263672,-22.567604064941406,14.60466194152832,-6.21133279800415,10.683297157287598,-17.668840408325195,12.962334632873535,-6.02858829498291,13.55039119720459,-16.675912857055664,14.71638011932373,2.560983419418335,11.516776084899902,0,real,file10085.wav_16k.wav_norm.wav_mono.wav_silence.wav
3.2269375,16000,0.17076790686881188,0.08440982367405413,1992.307472271602,689.6255782605069,1680.0220709509501,274.4778868659817,3839.6503712871286,1271.3397339011474,0.10333191603422165,0.05412771925330162,-142.03306579589844,57.7370491027832,85.26123809814453,39.09705352783203,-17.078594207763672,26.323368072509766,13.128036499023438,31.723346710205078,-21.53776741027832,34.30378723144531,37.5477180480957,15.324185371398926,-24.59552001953125,16.334083557128906,-0.32416579127311707,16.421247482299805,-20.57210922241211,10.125360488891602,12.473967552185059,11.825383186340332,-12.696678161621094,12.279081344604492,8.919769287109375,10.302501678466797,-5.470646381378174,12.274886131286621,0,real,file10086.wav_16k.wav_norm.wav_mono.wav_silence.wav
6.120375,16000,0.1355412801106771,0.09075908234019545,1762.668707185203,802.9550190193748,1551.5446881883609,416.88420018393543,3314.4124348958335,1413.7240678696999,0.13985519111156464,0.05743060261011124,-130.35382080078125,68.2117919921875,90.24588012695312,50.718048095703125,-18.09532356262207,30.357698440551758,25.132965087890625,25.521379470825195,-13.937393188476562,19.790023803710938,-9.083373069763184,15.51701545715332,-19.125734329223633,12.305949211120605,-11.369318962097168,12.870762825012207,-11.154995918273926,10.941426277160645,-1.2494868040084839,11.043266296386719,-13.318583488464355,7.857761859893799,2.197384834289551,10.117805480957031,-12.9513521194458,8.631219863891602,0,real,file1009.wav_16k.wav_norm.wav_mono.wav_silence.wav
2.7675625,16000,0.055271192528735635,0.04606625511588867,1320.4629027210021,703.2089489707462,1644.282790454757,392.72053331401787,2710.4885057471265,1599.6606384989452,0.14132697880268097,0.0741368979215622,-174.95858764648438,89.7348861694336,100.9001235961914,42.50859451293945,17.511886596679688,27.6286678314209,37.89210510253906,23.9818058013916,11.717424392700195,21.012588500976562,-1.4334512948989868,22.440155029296875,4.247587203979492,12.676403999328613,2.4199767112731934,10.4985990524292,-1.6839078664779663,13.506168365478516,9.458440780639648,11.229805946350098,-3.7898025512695312,12.641544342041016,5.870544910430908,9.342647552490234,0.5011869668960571,8.120173454284668,0,real,file10090.wav_16k.wav_norm.wav_mono.wav_silence.wav
7.623875,16000,0.23812598064853557,0.19485388590366687,2435.531943822081,1694.923279163636,1572.8564828531817,548.0339543534556,4073.9735878661086,2147.1373321173437,0.12666897475719452,0.07279328256845474,-198.90298461914062,76.9691390991211,55.628578186035156,82.79573822021484,12.197267532348633,58.823822021484375,17.613174438476562,36.4459228515625,-24.69780921936035,25.608842849731445,-27.345355987548828,17.36557960510254,-36.10961151123047,16.61688232421875,-18.21845817565918,12.47862720489502,-8.516858100891113,11.30197525024414,-14.57823657989502,10.741042137145996,-14.693652153015137,10.2298002243042,-12.78190803527832,10.689352035522461,-7.874602317810059,9.149857521057129,0,real,file10091.wav_16k.wav_norm.wav_mono.wav_silence.wav
3.4611875,16000,0.16167036983944955,0.13475341814554362,2077.9111346208856,1326.7744413474288,1734.582516642921,388.1172870817342,3784.7620412844035,1997.89807834898,0.11040936410427094,0.05899711325764656,-157.11439514160156,75.59749603271484,76.46910095214844,76.28430938720703,24.97152328491211,29.098791122436523,28.782896041870117,31.5809326171875,-1.836605191230774,23.449007034301758,12.459256172180176,13.916865348815918,-3.200613498687744,16.092374801635742,-11.137503623962402,14.550792694091797,-7.991743564605713,9.461771011352539,2.08927059173584,14.088562965393066,-5.785506248474121,12.147061347961426,2.7272791862487793,8.876985549926758,-8.452536582946777,10.055619239807129,0,real,file10092.wav_16k.wav_norm.wav_mono.wav_silence.wav
3.0961875,16000,0.1980760711984536,0.16800980413581304,2134.5210770647113,1236.2026270169886,1600.3190644113824,314.60338478240186,3783.9078608247423,1488.622723258454,0.1043853834271431,0.0676438957452774,-184.40512084960938,92.01409912109375,78.04602813720703,53.40839767456055,4.358048915863037,26.959115982055664,47.36818313598633,35.70073318481445,-20.12977409362793,24.271583557128906,16.193153381347656,20.846633911132812,-19.927839279174805,16.634477615356445,13.692537307739258,19.79848861694336,-21.45313835144043,14.904473304748535,12.831829071044922,15.514784812927246,-16.08590316772461,9.302092552185059,4.224260330200195,10.299225807189941,-6.073383808135986,10.099754333496094,0,real,file10093.wav_16k.wav_norm.wav_mono.wav_silence.wav
2.9688125,16000,0.1503118699596774,0.1216838070125131,2057.414396356783,1213.7396018409536,1666.1123847497206,404.4058146857501,3836.6935483870966,1762.2247359751548,0.15277738869190216,0.06707126647233963,-119.66124725341797,59.9856071472168,68.79151916503906,75.8005599975586,10.275634765625,28.380348205566406,46.16587829589844,31.099193572998047,5.729291915893555,18.89708709716797,8.157581329345703,16.36961555480957,-18.94535255432129,16.219528198242188,-12.227110862731934,14.360442161560059,-12.256426811218262,10.005914688110352,0.025776831433176994,13.281173706054688,-14.692397117614746,7.940946102142334,2.7960031032562256,7.624216079711914,-5.492958068847656,6.471334934234619,0,real,file10095.wav_16k.wav_norm.wav_mono.wav_silence.wav
4.865875,16000,0.09313406352124183,0.08934117216064763,1340.090615463614,900.0913180667,1481.39517016918,538.0016891009736,2591.9117647058824,1768.0652034354775,0.17127586901187897,0.07660487294197083,-170.62196350097656,75.7860336303711,113.25959014892578,52.4785270690918,2.906126022338867,28.364038467407227,19.289793014526367,28.47635269165039,20.201255798339844,22.607479095458984,-3.401712656021118,15.10272216796875,-25.83561134338379,17.074390411376953,-9.735966682434082,17.774919509887695,-14.610099792480469,10.961572647094727,-13.56849479675293,13.665148735046387,-9.62930965423584,12.535804748535156,-2.6414220333099365,10.128841400146484,-10.583864212036133,9.23348617553711,0,real,file10096.wav_16k.wav_norm.wav_mono.wav_silence.wav
3.3775,16000,0.11697099793632075,0.06314841278941422,1589.9212767796657,598.3807777120132,1421.4095722574887,357.6298126013802,3141.1409198113206,1001.5783378586655,0.09606552869081497,0.05192674323916435,-181.98057556152344,81.77012634277344,105.16655731201172,37.12802505493164,-33.281089782714844,34.313758850097656,42.262123107910156,29.522218704223633,-21.995084762573242,27.25924301147461,-18.755535125732422,18.844440460205078,-6.382015705108643,18.53795623779297,-21.21983528137207,15.409957885742188,-14.093155860900879,10.266348838806152,0.2560826539993286,11.30471134185791,-13.798298835754395,8.82412338256836,-6.909157752990723,9.123321533203125,-11.519388198852539,9.255651473999023,0,real,file10098.wav_16k.wav_norm.wav_mono.wav_silence.wav
1.257375,16000,0.03023681640625,0.02239752733492277,946.7022544214967,597.3269819049506,1298.012729335073,367.2152531059318,1840.234375,1317.4860533350711,0.21096141636371613,0.0831623449921608,-166.69053649902344,64.51559448242188,136.72357177734375,43.24322509765625,27.06023597717285,25.53738784790039,31.83310317993164,28.57616424560547,-3.2737724781036377,22.734399795532227,1.7090370655059814,11.202500343322754,-4.751842021942139,18.255828857421875,3.2678780555725098,10.544595718383789,-5.138562202453613,11.514324188232422,10.771919250488281,11.433732986450195,-10.604162216186523,9.949213027954102,-0.6007021069526672,12.337196350097656,-6.3264336585998535,7.601162433624268,0,real,file10099.wav_16k.wav_norm.wav_mono.wav_silence.wav
4.6466875,16000,0.1795002140410959,0.18042730753799222,2056.7419833337617,1386.294140542123,1598.9906569944717,466.39584059352535,3641.534674657534,1889.7835760363635,0.11612474173307419,0.07105886936187744,-217.54574584960938,106.39373779296875,73.07080078125,60.31464385986328,-5.982850074768066,49.622901916503906,15.569666862487793,34.080196380615234,-40.667762756347656,32.55751419067383,-30.281160354614258,18.944324493408203,-23.298080444335938,17.495214462280273,-13.131742477416992,12.302722930908203,-13.031294822692871,11.658975601196289,-23.81696128845215,13.811500549316406,-2.264434576034546,11.780526161193848,-15.357856750488281,11.247004508972168,2.3287343978881836,8.928178787231445,0,real,file1010.wav_16k.wav_norm.wav_mono.wav_silence.wav
2.7495625,16000,0.03713776344476744,0.05029342928294598,1746.793937131667,777.4673733851535,2022.9113691032833,267.3428418971278,4100.199854651163,963.3416052014547,0.1923624724149704,0.03947862982749939,-133.28390502929688,70.28643798828125,50.59392166137695,34.226478576660156,11.525272369384766,21.301851272583008,38.12351989746094,19.92577362060547,10.899906158447266,12.555906295776367,18.357925415039062,7.004290580749512,6.088469982147217,7.093902587890625,5.927370071411133,12.347216606140137,3.1127419471740723,7.768436431884766,12.629993438720703,7.918906211853027,3.2427947521209717,7.383207321166992,5.758882999420166,7.11588191986084,1.4940999746322632,6.062612533569336,0,real,file10100.wav_16k.wav_norm.wav_mono.wav_silence.wav
8.63525,16000,0.21194299768518518,0.18181086770499985,2282.4321212860987,1529.9394829275248,1640.572229498567,475.92644616184305,3938.1944444444443,2036.6789910174293,0.10345097631216049,0.06519445776939392,-214.1499481201172,86.41710662841797,67.70394897460938,69.19684600830078,10.609203338623047,49.98735809326172,9.484979629516602,39.795738220214844,-31.38995933532715,30.620319366455078,-15.461371421813965,21.22834014892578,-26.116104125976562,17.888885498046875,-22.172529220581055,15.878636360168457,-9.516401290893555,11.28212833404541,-14.138227462768555,13.812765121459961,-11.964194297790527,12.991613388061523,-6.7997589111328125,13.210569381713867,1.9652278423309326,8.771808624267578,0,real,file10101.wav_16k.wav_norm.wav_mono.wav_silence.wav
4.986375,16000,0.17222243088942307,0.15360483944428827,2229.8850378780617,1369.9034531870475,1624.9625152783883,412.72196075166204,3913.611778846154,1713.6902049788068,0.12158996611833572,0.06647813320159912,-178.7808074951172,125.83475494384766,60.85690689086914,70.63284301757812,3.331467866897583,45.400184631347656,38.182594299316406,35.78313064575195,-12.22099781036377,20.63329315185547,-18.507568359375,26.56697654724121,-6.078372478485107,19.280805587768555,-14.566487312316895,15.670211791992188,-7.482371807098389,14.891131401062012,-6.85098123550415,10.014549255371094,-16.42207908630371,13.119087219238281,3.9211156368255615,11.968759536743164,-13.38962173461914,12.11241626739502,0,real,file10102.wav_16k.wav_norm.wav_mono.wav_silence.wav
1.477,16000,0.1761760305851064,0.14764042104107752,2127.888869613975,1482.447923212137,1667.6732526051794,571.9639308283043,3766.788563829787,2076.3495121970022,0.12199180573225021,0.07083787024021149,-183.99961853027344,56.878395080566406,80.17320251464844,58.86920166015625,2.8893306255340576,56.24074172973633,9.11137866973877,37.5322151184082,-23.631450653076172,27.645952224731445,-28.65920639038086,21.10276985168457,-31.466299057006836,12.161004066467285,-14.02620792388916,12.577303886413574,-6.059369087219238,11.616814613342285,-31.29022789001465,12.69792366027832,-7.2902092933654785,12.753414154052734,-4.197117328643799,11.811025619506836,-12.895462036132812,9.366353034973145,0,real,file10103.wav_16k.wav_norm.wav_mono.wav_silence.wav
2.256,16000,0.23068882042253522,0.27609856409500083,2282.0423252557002,2006.6900433697176,1376.123668361717,498.0495063838071,3467.7596830985917,2390.7526264986145,0.17766083776950836,0.09691864997148514,-180.61485290527344,71.23753356933594,78.01398468017578,83.37506866455078,-0.5221045017242432,57.85783004760742,16.6685848236084,28.985279083251953,-11.734606742858887,23.454286575317383,5.980172157287598,14.646663665771484,-9.469341278076172,14.308098793029785,-3.431199073791504,15.087814331054688,-2.877592086791992,12.376611709594727,-5.082223415374756,13.385977745056152,-7.674666404724121,10.937471389770508,1.6348202228546143,11.575904846191406,-11.696094512939453,8.074426651000977,0,real,file10105.wav_16k.wav_norm.wav_mono.wav_silence.wav
3.2423125,16000,0.20835248161764705,0.16714472445578302,2257.6811402868575,1517.278039091615,1535.5119274260676,555.7830284418029,3798.1770833333335,2092.819839333607,0.11493268609046936,0.07143126428127289,-189.2415771484375,78.11188507080078,74.66252899169922,87.0711669921875,-10.894944190979004,57.85765838623047,7.505350112915039,36.758914947509766,-30.302322387695312,20.222578048706055,-33.759613037109375,18.4814453125,-19.629899978637695,16.123409271240234,-9.274965286254883,12.415058135986328,-15.970792770385742,12.381301879882812,-29.22241973876953,12.687848091125488,-0.5848556160926819,9.860795021057129,-9.345553398132324,12.69657039642334,0.06316589564085007,10.971299171447754,0,real,file10106.wav_16k.wav_norm.wav_mono.wav_silence.wav
4.181125,16000,0.08408128578244274,0.06996050942318924,1302.4013685322252,756.6875247944033,1275.4496236580144,371.79755675469085,2390.7442748091603,1256.522590779211,0.13056616485118866,0.07112658023834229,-179.33871459960938,65.45089721679688,124.01631927490234,54.52872085571289,-13.541287422180176,30.9643611907959,45.29243850708008,27.338041305541992,-8.180476188659668,24.880348205566406,-6.332452297210693,17.650114059448242,9.879862785339355,15.206563949584961,-10.920304298400879,12.368170738220215,0.7990640997886658,12.534728050231934,-3.043403148651123,12.132935523986816,-10.574429512023926,10.85342788696289,-0.4063073396682739,7.831745147705078,-4.62893533706665,10.046628952026367,0,real,file10107.wav_16k.wav_norm.wav_mono.wav_silence.wav
6.1613125,16000,0.06601157707253887,0.05262573162410979,1380.626853909875,518.7040839456399,1500.5412969292993,357.6737342620175,2848.2431994818653,1094.6279265659628,0.0881313681602478,0.04819876700639725,-188.12196350097656,73.95121765136719,111.68632507324219,37.99863052368164,-7.21715784072876,29.530258178710938,41.13222885131836,24.07192039489746,-4.453000545501709,19.597986221313477,9.869254112243652,12.529924392700195,2.398360013961792,12.821351051330566,-8.637234687805176,12.256486892700195,3.010222911834717,11.758782386779785,2.358222484588623,10.822487831115723,-0.1677088737487793,9.261003494262695,3.842534303665161,7.417923927307129,-4.76334285736084,8.432863235473633,0,real,file10108.wav_16k.wav_norm.wav_mono.wav_silence.wav
6.7525,16000,0.25436689268867924,0.20098288169076828,2656.155067818845,1725.7963668550078,1742.2900379500604,548.5709695082811,4379.311615566037,2156.3744653498266,0.125912144780159,0.062072958797216415,-173.076171875,75.97510528564453,53.412872314453125,70.63817596435547,13.917348861694336,57.03995895385742,6.084697246551514,37.42044448852539,-16.772235870361328,27.721494674682617,-17.86244773864746,20.56787109375,-28.21017837524414,15.700506210327148,-24.82744789123535,16.705825805664062,-5.760153770446777,13.668644905090332,-11.958950996398926,10.992676734924316,-18.689720153808594,11.09742259979248,-7.087449550628662,9.939380645751953,0.3835010528564453,7.397595405578613,0,real,file10109.wav_16k.wav_norm.wav_mono.wav_silence.wav
4.300125,16000,0.18697916666666667,0.1771728010370622,2206.0171737440933,1565.6976027807036,1603.0917339940652,560.1009678323621,3693.171296296296,2127.755657607718,0.10462992638349533,0.05845383554697037,-210.005126953125,99.82481384277344,79.70152282714844,67.66793823242188,9.347014427185059,55.16264724731445,5.419454097747803,44.332332611083984,-43.093387603759766,28.489683151245117,-24.378860473632812,22.11771583557129,-17.5967960357666,15.682906150817871,-13.905644416809082,12.960090637207031,-10.029155731201172,9.488123893737793,-19.591930389404297,12.355414390563965,-9.944608688354492,15.765188217163086,-12.750129699707031,11.527632713317871,0.4758220613002777,9.818933486938477,0,real,file1011.wav_16k.wav_norm.wav_mono.wav_silence.wav
4.5215625,16000,0.06641656580105634,0.09639547177328792,1281.5244307532562,835.5506204820731,1625.7019583819622,370.14033508476024,2689.5906690140846,1478.1646852751337,0.14078418910503387,0.09423812478780746,-189.7996063232422,47.51285171508789,100.607666015625,36.133522033691406,21.38750648498535,18.64535903930664,43.68730926513672,21.957534790039062,20.49581527709961,10.839306831359863,11.62556266784668,12.05335521697998,2.733185052871704,12.357150077819824,10.567691802978516,10.245137214660645,3.6575675010681152,8.407706260681152,-2.8790194988250732,9.983657836914062,0.7364489436149597,8.010027885437012,9.645437240600586,5.654571056365967,-0.9269077181816101,5.654827117919922,0,real,file10110.wav_16k.wav_norm.wav_mono.wav_silence.wav
5.236,16000,0.038336032774390245,0.039454193867375226,1257.0745972192153,805.5636340493362,1656.1390962094783,489.3794195040523,2713.748094512195,1654.1589097241094,0.11092646420001984,0.08700485527515411,-217.8487548828125,81.78919982910156,109.8909683227539,38.2473258972168,18.743202209472656,23.785127639770508,28.62160301208496,17.980749130249023,18.663902282714844,11.627796173095703,14.863093376159668,10.185222625732422,2.3647027015686035,9.822183609008789,9.098081588745117,9.29328727722168,-0.24928925931453705,11.86008358001709,11.32153034210205,7.495424270629883,-1.4542585611343384,10.53029727935791,6.306540012359619,6.884155750274658,3.801791191101074,4.838184833526611,0,real,file10111.wav_16k.wav_norm.wav_mono.wav_silence.wav
4.5111875,16000,0.08036555296985816,0.04620020165448989,1458.7360315294507,522.7940617111343,1576.9336303259793,276.796879777846,3207.169769503546,919.9607874344497,0.10038236528635025,0.05170605704188347,-135.33763122558594,35.360511779785156,105.43450927734375,32.328304290771484,-12.93143081665039,12.535636901855469,52.251258850097656,15.7780122756958,-11.323835372924805,10.22643756866455,32.58780288696289,14.545063018798828,-4.435084342956543,10.367781639099121,15.930967330932617,11.491984367370605,-6.468005657196045,8.766983985900879,14.001891136169434,8.324923515319824,-3.1612632274627686,7.485445499420166,12.617262840270996,7.764226913452148,-0.5858112573623657,5.234731674194336,0,real,file10112.wav_16k.wav_norm.wav_mono.wav_silence.wav
3.2170625,16000,0.09763691212871287,0.0844034480838398,1175.1594735017072,815.1214973189525,1209.5850970693537,486.1850791462787,2264.928836633663,1552.5522984892898,0.1331545114517212,0.07783693820238113,-200.4082489013672,47.9593391418457,142.98443603515625,64.6330795288086,5.904621601104736,29.46084213256836,49.09017562866211,30.88890838623047,-6.67840576171875,18.886615753173828,20.74691390991211,14.10676097869873,-12.369063377380371,18.340993881225586,-3.656627655029297,19.111642837524414,-6.674131870269775,10.612115859985352,12.3014554977417,9.923408508300781,-8.266414642333984,9.118867874145508,7.340505599975586,9.55627727508545,0.6045244336128235,9.255467414855957,0,real,file10113.wav_16k.wav_norm.wav_mono.wav_silence.wav
2.1905625,16000,0.048509680706521736,0.034281219104527146,1074.9107823700397,588.192307023422,1433.5930053563661,496.3059112591748,2239.356884057971,1556.3397421559998,0.1522272825241089,0.10834966599941254,-250.6819305419922,134.7866973876953,120.64743041992188,62.02692413330078,24.25765609741211,24.544620513916016,24.755739212036133,34.74752426147461,4.384798049926758,25.229312896728516,8.036877632141113,17.78668212890625,1.6160259246826172,16.596805572509766,2.612837076187134,12.25051212310791,-3.994767427444458,16.963294982910156,7.3809943199157715,11.857270240783691,-4.080160617828369,9.885018348693848,1.7688781023025513,8.433716773986816,-4.791550636291504,9.22236442565918,0,real,file10115.wav_16k.wav_norm.wav_mono.wav_silence.wav
2.7345,16000,0.12332508175872094,0.09621072979898943,1829.071627821996,1002.5117979086266,1578.720659762844,376.8537572813119,3447.311046511628,1456.7040985273886,0.17339062690734863,0.07577206939458847,-113.73328399658203,65.7814712524414,80.48651885986328,60.63154602050781,-1.7341017723083496,31.281620025634766,59.413421630859375,21.904691696166992,-1.4737248420715332,13.934418678283691,-1.1212944984436035,20.329883575439453,4.045803546905518,13.65324878692627,-4.303877830505371,13.657774925231934,8.162178039550781,10.327034950256348,-4.43446683883667,12.720002174377441,-7.3864617347717285,8.84044361114502,1.9649131298065186,7.787321090698242,-0.30216264724731445,9.677607536315918,0,real,file10117.wav_16k.wav_norm.wav_mono.wav_silence.wav
5.5539375,16000,0.13089024335488506,0.044391670483033774,2150.087344820424,663.3814089399602,2089.623080302667,368.1794609905555,4629.130747126437,1585.3711083236683,0.07363107800483704,0.062075477093458176,-151.5331268310547,56.26603317260742,72.39318084716797,35.592529296875,19.9277286529541,14.906234741210938,19.888233184814453,17.066741943359375,7.874828338623047,13.177227973937988,9.592254638671875,15.930678367614746,-5.607231616973877,12.182371139526367,5.9547553062438965,10.521163940429688,-7.168372631072998,6.377125263214111,12.916528701782227,8.19599723815918,-7.6569976806640625,5.211493492126465,10.684174537658691,5.354675769805908,-3.669095039367676,7.203537940979004,0,real,file10118.wav_16k.wav_norm.wav_mono.wav_silence.wav
7.9303125,16000,0.24351649130544356,0.2037705035305203,2616.542952559816,1725.4332125687322,1762.4682650106372,494.02221013744514,4369.833669354839,2096.344813452526,0.11556049436330795,0.05414236709475517,-184.96694946289062,64.97728729248047,50.286312103271484,67.84944152832031,21.53479766845703,53.07734680175781,16.49925994873047,38.92892074584961,-28.69221305847168,31.384166717529297,-27.00304412841797,22.470855712890625,-27.04243278503418,14.482144355773926,-16.907758712768555,14.944604873657227,-9.768604278564453,11.837980270385742,-15.82762336730957,12.585999488830566,-12.159135818481445,9.92066478729248,-14.648378372192383,10.620864868164062,-0.9175605177879333,8.246246337890625,0,real,file1012.wav_16k.wav_norm.wav_mono.wav_silence.wav
2.372625,16000,0.11444661458333333,0.13180036396342326,1381.2699980846405,990.417089423595,1189.6537740968586,347.63014218970346,2487.0833333333335,1335.5134520309243,0.15950992703437805,0.07512281090021133,-160.70114135742188,72.41777038574219,130.62831115722656,61.49808120727539,-28.257190704345703,36.99577331542969,43.85224914550781,26.974262237548828,-9.165792465209961,21.321542739868164,-5.024126052856445,28.027454376220703,-16.96563720703125,20.640295028686523,17.224864959716797,13.37276840209961,-16.032873153686523,13.244877815246582,16.989625930786133,11.418059349060059,-6.347214698791504,8.457439422607422,6.833674430847168,8.607858657836914,0.42946183681488037,8.932778358459473,0,real,file10120.wav_16k.wav_norm.wav_mono.wav_silence.wav
2.519875,16000,0.0700343651107595,0.07526971323992912,1329.851185779828,982.0553747940197,1535.3130244268168,519.3199871828257,2614.8140822784812,1947.1281966776962,0.16736310720443726,0.09299540519714355,-176.07066345214844,64.80691528320312,115.6920394897461,58.48820877075195,32.64196014404297,28.348628997802734,27.210973739624023,25.979270935058594,-0.7006158232688904,28.339977264404297,13.153641700744629,16.262054443359375,2.657518148422241,14.96632194519043,-1.1198982000350952,13.025771141052246,-8.76008129119873,14.211207389831543,10.430903434753418,10.189477920532227,-9.259323120117188,11.6207914352417,5.461240291595459,7.400140762329102,-1.9896750450134277,9.345272064208984,0,real,file10122.wav_16k.wav_norm.wav_mono.wav_silence.wav
3.2531875,16000,0.17989334405637256,0.14616940511326107,2207.4883729523867,1266.7431694308962,1756.5272106281002,543.8062950680551,3981.694240196078,1913.7162349039368,0.09658589214086533,0.05030372366309166,-199.84339904785156,74.82485961914062,63.39109420776367,67.88243865966797,12.09653091430664,56.62661361694336,32.60225296020508,50.554866790771484,-26.812122344970703,25.678709030151367,-26.507537841796875,16.95744514465332,-21.722835540771484,16.4137020111084,-35.094337463378906,19.092592239379883,-13.973272323608398,11.973367691040039,-10.500018119812012,10.381571769714355,-15.86853313446045,9.570197105407715,-12.154142379760742,9.463403701782227,-1.7898542881011963,8.380520820617676,0,real,file10124.wav_16k.wav_norm.wav_mono.wav_silence.wav
8.2226875,16000,0.15228105240758755,0.1287675914462097,1768.8523842958384,1111.808676853648,1335.102308398745,511.1821304995841,3127.796692607004,1637.6583640348474,0.16179414093494415,0.08143351227045059,-147.33718872070312,80.50224304199219,114.0008544921875,53.164222717285156,-40.31758499145508,56.828590393066406,31.41292381286621,38.90554428100586,-20.35405921936035,26.682424545288086,-39.928184509277344,18.494144439697266,-12.215938568115234,17.535572052001953,-25.571733474731445,13.492083549499512,-12.804984092712402,13.473647117614746,0.821293830871582,15.250492095947266,-8.312336921691895,9.505775451660156,-3.59670090675354,10.189112663269043,-11.99674129486084,9.036614418029785,0,real,file10126.wav_16k.wav_norm.wav_mono.wav_silence.wav
2.7625625,16000,0.10369522270114942,0.07691528005600558,1429.6635250648528,719.3568224372732,1262.4639819211247,293.9575432811837,2514.727011494253,1024.8211979646392,0.12937653064727783,0.07138308137655258,-150.73736572265625,75.49627685546875,118.78045654296875,57.38177490234375,-32.45602798461914,33.44952392578125,47.08346939086914,24.09581756591797,-2.504631757736206,21.085285186767578,-7.939086437225342,14.591962814331055,3.4334664344787598,14.396368026733398,-13.411927223205566,15.83124828338623,-0.7217342257499695,11.339682579040527,-0.5078179240226746,9.869918823242188,-1.1556241512298584,9.779692649841309,-0.003980822861194611,10.091682434082031,-4.258265495300293,8.713215827941895,0,real,file10127.wav_16k.wav_norm.wav_mono.wav_silence.wav
6.09175,16000,0.2588146269633508,0.23383324735501235,2589.556711469741,1859.6865385184988,1548.057426070441,537.8617524862581,4103.6076570680625,2243.5031341807035,0.09980788826942444,0.05534207448363304,-212.3782501220703,97.56253814697266,67.09188842773438,78.17841339111328,-0.4565650224685669,61.67434310913086,-5.997504711151123,42.024845123291016,-19.477859497070312,25.634550094604492,-13.218202590942383,18.034881591796875,-29.438486099243164,15.75485897064209,-18.209796905517578,15.051597595214844,-3.669898748397827,12.554680824279785,-13.245917320251465,12.944012641906738,-16.51812171936035,9.571179389953613,-6.973522663116455,11.091273307800293,-5.024778366088867,9.404474258422852,0,real,file10128.wav_16k.wav_norm.wav_mono.wav_silence.wav
3.10075,16000,0.18814432989690721,0.19052455211484562,2076.9336748095193,1469.3329300416046,1384.8945570909743,319.46009768959516,3371.5367268041236,1714.4712178987631,0.11651349067687988,0.04998679459095001,-169.7642364501953,49.67401123046875,84.88652038574219,70.83776092529297,-6.472299575805664,36.299049377441406,40.3583984375,26.817434310913086,-29.806856155395508,31.004173278808594,7.398336410522461,20.153514862060547,-32.72226333618164,14.648462295532227,7.387834548950195,13.470170974731445,-15.17892074584961,10.48507022857666,1.30726957321167,13.364788055419922,-29.059642791748047,10.116331100463867,4.42023229598999,9.331398010253906,-11.575227737426758,6.920045852661133,0,real,file10129.wav_16k.wav_norm.wav_mono.wav_silence.wav
1.2873125,16000,0.08393673780487805,0.05687614528492075,1320.430835190464,719.5356464099182,1205.4376385444616,391.15009654252236,2532.7743902439024,1198.2750623194836,0.14231836795806885,0.05916643887758255,-189.4026336669922,54.34220504760742,124.04512786865234,69.18085479736328,-29.741708755493164,33.23332977294922,49.22003936767578,43.30772018432617,0.28046780824661255,22.608457565307617,-2.8880276679992676,17.182886123657227,-30.861467361450195,23.46347999572754,-21.41316032409668,16.510671615600586,-8.164196968078613,12.948267936706543,-10.078669548034668,12.727255821228027,-20.059165954589844,10.976961135864258,-7.579404354095459,7.136728763580322,-3.636955499649048,7.924771308898926,0,real,file1013.wav_16k.wav_norm.wav_mono.wav_silence.wav
8.8745625,16000,0.010331188174460432,0.00849668707050546,617.0904063361824,218.46236113349113,1304.1688515185792,231.50773869900743,1254.2434802158273,794.4187161793856,0.2947152256965637,0.021873340010643005,-157.02670288085938,26.36724281311035,118.9439468383789,17.958925247192383,16.925283432006836,11.014381408691406,40.049739837646484,11.487454414367676,24.338701248168945,7.396119594573975,22.236650466918945,6.363831043243408,8.066096305847168,6.732752323150635,15.826760292053223,3.915428876876831,10.7294921875,6.633340835571289,4.239728927612305,8.318464279174805,3.159947633743286,4.782851219177246,5.541345596313477,3.511072874069214,-1.3775684833526611,5.087571144104004,0,real,file10130.wav_16k.wav_norm.wav_mono.wav_silence.wav
2.027375,16000,0.11679840087890625,0.12056552919666386,1476.8460413924936,996.4699567745957,1409.5306412168686,369.33498094337375,2732.2998046875,1572.9461855571071,0.10887455940246582,0.06949082762002945,-192.7384490966797,80.14680480957031,119.12857055664062,62.430152893066406,-13.862242698669434,36.309776306152344,27.00782012939453,27.066354751586914,2.32466197013855,25.17593002319336,-5.344897747039795,12.250205993652344,-5.319211006164551,17.25888442993164,5.405434608459473,15.063225746154785,-16.2462215423584,11.451552391052246,5.061450004577637,11.179490089416504,-23.037166595458984,12.742833137512207,7.73221492767334,13.919681549072266,-2.7895736694335938,12.854130744934082,0,real,file10131.wav_16k.wav_norm.wav_mono.wav_silence.wav
2.02725,16000,0.27191162109375,0.22926948780223644,2679.0875657773904,1891.2781885879772,1464.3457980948147,520.3783771586561,4173.4619140625,2278.184552323507,0.06447000801563263,0.04701996222138405,-263.1173095703125,90.00641632080078,64.7181396484375,97.65367126464844,18.478771209716797,60.332122802734375,17.420244216918945,35.89337921142578,-19.746784210205078,21.008407592773438,-17.11086654663086,20.11777114868164,-25.841991424560547,14.918264389038086,-20.205955505371094,16.129253387451172,-13.221257209777832,12.708306312561035,-7.829996109008789,11.61194896697998,-11.390840530395508,9.896327018737793,-5.9545512199401855,8.861741065979004,-4.854703426361084,8.699483871459961,0,real,file10133.wav_16k.wav_norm.wav_mono.wav_silence.wav
2.8215,16000,0.09817196278089887,0.1022022342299815,1604.7055824033564,954.1805495188643,1628.096642245455,414.75047537420744,3061.7977528089887,1701.9575328563974,0.20482200384140015,0.1016625389456749,-134.90403747558594,54.38248825073242,91.5484390258789,51.22336959838867,9.50627326965332,29.54904556274414,33.17689514160156,33.40119171142578,1.433595061302185,15.776780128479004,-7.235529899597168,20.895313262939453,-21.838024139404297,16.131990432739258,-7.169281482696533,13.242327690124512,-16.28235626220703,12.693807601928711,2.990574836730957,13.802939414978027,-13.891404151916504,12.134964942932129,7.700296878814697,7.705504417419434,-10.70506477355957,7.817826747894287,0,real,file10135.wav_16k.wav_norm.wav_mono.wav_silence.wav
8.7179375,16000,0.19070333962912087,0.17599060050677723,2180.184212485036,1538.157222608171,1577.0226265510992,550.5338505639967,3711.7673992673995,2153.2150571714005,0.07896072417497635,0.04622238129377365,-243.90565490722656,95.9078598022461,69.31258392333984,70.89556121826172,1.649999976158142,52.684776306152344,5.537288188934326,34.151546478271484,-24.160879135131836,24.2070369720459,-19.770580291748047,19.026161193847656,-25.400888442993164,17.258373260498047,-23.709611892700195,16.586851119995117,-5.803094863891602,12.043828010559082,-14.114716529846191,10.847658157348633,-12.153905868530273,11.619512557983398,-14.869046211242676,11.05259895324707,-0.37725260853767395,8.733936309814453,0,real,file10136.wav_16k.wav_norm.wav_mono.wav_silence.wav
2.1060625,16000,0.21781042850378787,0.16697622891806532,2741.006991489226,1161.6333406208123,2311.5280746280705,290.2544044750998,5844.223484848485,1258.9316605387264,0.1721017211675644,0.05570816993713379,-82.0634765625,54.770511627197266,63.071659088134766,47.0507698059082,24.894166946411133,27.328861236572266,1.9964410066604614,35.999671936035156,-3.537877321243286,21.35007095336914,-4.784735202789307,14.259624481201172,22.957931518554688,18.475139617919922,-19.290645599365234,13.594512939453125,1.555441975593567,9.642374992370605,-2.0332746505737305,10.073238372802734,-7.51668119430542,10.354376792907715,-6.987701892852783,8.489109992980957,5.399649620056152,9.378637313842773,0,real,file10137.wav_16k.wav_norm.wav_mono.wav_silence.wav
8.8188125,16000,0.17829165251358695,0.1597964241447658,2124.171179883872,1417.9447950594556,1618.5212608107943,506.1334804841322,3728.119338768116,1896.1272225751793,0.08196289092302322,0.06033037602901459,-243.94375610351562,113.86035919189453,74.261962890625,66.0387191772461,-0.8410078287124634,51.093326568603516,10.450093269348145,30.037309646606445,-26.44831085205078,26.716867446899414,-22.116920471191406,19.818069458007812,-25.615541458129883,15.58212947845459,-27.00977897644043,15.569472312927246,-1.7610082626342773,12.13765811920166,-15.357011795043945,12.217499732971191,-17.267845153808594,11.623977661132812,-7.031131744384766,11.01861572265625,-0.31569117307662964,9.97961139678955,0,real,file10138.wav_16k.wav_norm.wav_mono.wav_silence.wav
2.9730625,16000,0.21421370967741934,0.13481246242562625,2033.0836352739502,1140.6680289817384,1088.2486335752346,368.9563901775083,3066.364247311828,1552.9782218354728,0.075337253510952,0.06563495844602585,-229.16244506835938,86.31883239746094,91.20053100585938,71.85641479492188,-83.58335876464844,56.36675262451172,2.6546781063079834,32.21609878540039,-27.072113037109375,27.932199478149414,-12.471914291381836,20.526931762695312,-15.819611549377441,16.656925201416016,-5.092973709106445,15.093942642211914,-18.0189208984375,13.36777400970459,8.795297622680664,12.747620582580566,0.23190565407276154,10.308341979980469,-4.109140872955322,11.042377471923828,4.486179351806641,10.699627876281738,0,real,file10139.wav_16k.wav_norm.wav_mono.wav_silence.wav
2.9245,16000,0.15974227241847827,0.12546058334462848,1899.2381998909127,1138.8849887227548,1496.7462948130326,436.58345525711337,3256.7085597826085,1800.4268348484543,0.0969739481806755,0.06207820400595665,-194.85861206054688,68.06462860107422,87.47212219238281,61.113433837890625,-28.00881004333496,43.39827346801758,2.9575464725494385,31.315675735473633,-23.67519187927246,21.99264144897461,-8.730993270874023,17.872264862060547,0.4247388541698456,15.13110637664795,-27.682170867919922,17.113306045532227,-11.531176567077637,18.68560791015625,-15.007662773132324,15.435654640197754,-3.998382329940796,10.118942260742188,-14.353389739990234,9.630815505981445,-2.042149305343628,9.979122161865234,0,real,file1014.wav_16k.wav_norm.wav_mono.wav_silence.wav
3.4143125,16000,0.08617023218457943,0.10978950919498869,1431.9095723294458,1263.2624804835748,1481.4752209018461,462.0307846273087,2573.9632009345796,2075.8112310809643,0.1446225643157959,0.0725841373205185,-204.99501037597656,58.981292724609375,102.04742431640625,65.59129333496094,35.68560791015625,33.61641311645508,42.8917236328125,29.714338302612305,8.094868659973145,18.936660766601562,9.256773948669434,18.74663734436035,-9.731613159179688,15.647489547729492,2.4171650409698486,10.344400405883789,-6.3997392654418945,9.22372817993164,4.356993675231934,12.949743270874023,-7.5570573806762695,9.955573081970215,-0.3285248577594757,9.672858238220215,-8.582486152648926,8.15713119506836,0,real,file10140.wav_16k.wav_norm.wav_mono.wav_silence.wav
5.252,16000,0.1458806818181818,0.13145483297902316,1688.5993084709332,1021.979182707788,1505.3347113847703,303.3629193654881,3155.445075757576,1424.5610826198208,0.09667631983757019,0.04437811300158501,-185.92388916015625,68.81161499023438,102.11933135986328,53.011207580566406,-4.666537284851074,31.895742416381836,38.33790969848633,31.681808471679688,-27.324222564697266,24.96228790283203,19.286914825439453,16.40953826904297,-34.606163024902344,19.141305923461914,13.044500350952148,15.551567077636719,-26.514638900756836,12.978201866149902,0.6570850014686584,13.886720657348633,-12.553617477416992,10.586311340332031,-1.9833087921142578,9.983994483947754,-17.95035743713379,8.789295196533203,0,real,file10141.wav_16k.wav_norm.wav_mono.wav_silence.wav
7.0551875,16000,0.16578142675339366,0.1471350877080534,2132.9986065268813,1299.0782889642524,1634.0105522914291,431.188892795849,3856.405542986425,1703.9023812275539,0.08783841133117676,0.06221532076597214,-249.15338134765625,112.80611419677734,60.841285705566406,62.565399169921875,6.408087253570557,54.06077575683594,17.055723190307617,38.24675750732422,-34.07378005981445,29.05634307861328,-5.647363662719727,21.325321197509766,-23.221233367919922,16.797473907470703,-28.557859420776367,16.700119018554688,-9.179344177246094,15.668472290039062,-11.027917861938477,14.040562629699707,-4.852304935455322,10.526002883911133,-12.006431579589844,12.715147972106934,0.8061665892601013,9.345044136047363,0,real,file10142.wav_16k.wav_norm.wav_mono.wav_silence.wav
8.7965,16000,0.10439808238636364,0.07295070304248118,1190.1399567195488,742.2829541483234,1231.4338129135729,622.7156006395512,2175.7954545454545,1738.5625091080074,0.13871651887893677,0.08302551507949829,-217.0236053466797,67.0617904663086,148.4598846435547,49.10834503173828,-11.346745491027832,38.338748931884766,-2.9119322299957275,26.601219177246094,-14.07003116607666,16.45896339416504,-25.99370002746582,16.9097957611084,0.8452115654945374,12.788212776184082,-2.5376248359680176,11.999411582946777,-2.3997631072998047,11.692523002624512,-10.186484336853027,8.67588996887207,-11.098504066467285,9.091166496276855,2.657916784286499,8.631265640258789,-1.9674962759017944,9.11375617980957,0,real,file10143.wav_16k.wav_norm.wav_mono.wav_silence.wav
6.6501875,16000,0.20743736853966346,0.1796962171710308,2298.4837990669325,1556.6042620186633,1644.5919224786003,583.2769069713861,3897.5360576923076,2065.901593034937,0.10221611708402634,0.06717070192098618,-216.13722229003906,88.05320739746094,68.43046569824219,68.24775695800781,-5.14857816696167,59.95183563232422,6.2159271240234375,38.80942916870117,-21.287351608276367,25.80986213684082,-27.405607223510742,21.389554977416992,-25.224361419677734,17.326005935668945,-28.787080764770508,15.225801467895508,-3.6491916179656982,14.478113174438477,-12.567319869995117,14.182978630065918,-20.000736236572266,12.585188865661621,-8.784832000732422,12.404004096984863,0.4156455993652344,9.867674827575684,0,real,file10145.wav_16k.wav_norm.wav_mono.wav_silence.wav
1.7775,16000,0.06896100725446429,0.0819027466943734,1338.955813602573,1294.9212369053082,1430.703072005216,535.4107340084009,2300.5022321428573,2165.4953737477013,0.15058912336826324,0.06504993885755539,-201.09274291992188,57.14017868041992,117.48414611816406,63.58782958984375,45.849246978759766,32.78006362915039,35.9065055847168,24.45237922668457,3.554060697555542,19.30697250366211,6.868240833282471,21.085580825805664,-7.624379634857178,12.347869873046875,3.828997850418091,12.180307388305664,-7.0052313804626465,11.95646858215332,9.279719352722168,11.441563606262207,-10.089009284973145,8.762175559997559,0.18769647181034088,8.750468254089355,-6.450345516204834,9.02355670928955,0,real,file10146.wav_16k.wav_norm.wav_mono.wav_silence.wav
5.43175,16000,0.1530072380514706,0.09771697267523144,1784.827003960047,1028.5058289657306,1468.4079435486854,506.68371864727027,3229.779411764706,1726.8083960002862,0.11730337888002396,0.07796762883663177,-177.81744384765625,96.27201843261719,98.14228057861328,65.45105743408203,-12.633869171142578,43.70165252685547,25.45608901977539,30.64105224609375,-13.888019561767578,24.357223510742188,-8.977158546447754,19.552200317382812,-8.576229095458984,17.574031829833984,-14.108699798583984,15.31303596496582,-9.665007591247559,11.324918746948242,-5.201168060302734,11.833830833435059,-7.210493564605713,10.398547172546387,-2.159512758255005,11.255946159362793,-10.411308288574219,7.600670337677002,0,real,file10147.wav_16k.wav_norm.wav_mono.wav_silence.wav
1.996125,16000,0.1124906994047619,0.07164614706691766,1639.9342958784728,698.9144799923513,1444.8242923128562,314.3341161853822,3082.093253968254,953.8665971210547,0.12692251801490784,0.059419188648462296,-138.7906951904297,60.21955108642578,93.53252410888672,49.693363189697266,-23.167760848999023,34.697261810302734,61.586177825927734,25.733102798461914,1.4231032133102417,16.212860107421875,-8.110028266906738,19.25840187072754,-1.223702073097229,11.785782814025879,-13.615615844726562,15.803878784179688,-0.7379917502403259,9.577146530151367,-3.823721408843994,11.987203598022461,-9.010819435119629,7.93939208984375,-2.390153646469116,8.356258392333984,-4.222326278686523,7.862489700317383,0,real,file10148.wav_16k.wav_norm.wav_mono.wav_silence.wav
2.4561875,16000,0.09193004261363637,0.12428541752646091,1403.558885524721,1270.1380701731516,1437.9006063047245,484.316542641244,2571.8344155844156,2047.515436111949,0.17741920053958893,0.09410412609577179,-203.68243408203125,105.10377502441406,102.22132110595703,72.83584594726562,37.08845901489258,34.37646484375,37.34590530395508,31.898866653442383,0.17532464861869812,24.28944969177246,12.454565048217773,17.938894271850586,-8.325155258178711,15.919587135314941,4.138000965118408,13.169596672058105,-4.925682544708252,13.287933349609375,6.728290557861328,8.654337882995605,-7.2360053062438965,9.449456214904785,-1.3284454345703125,8.963769912719727,-6.206235885620117,11.041655540466309,0,real,file10149.wav_16k.wav_norm.wav_mono.wav_silence.wav
7.4351875,16000,0.2068531216469957,0.18038153219099365,2308.520564127308,1479.6859857226766,1592.7005769463092,452.91784467170737,3924.4232832618027,1908.7615328548336,0.10046977549791336,0.05256280303001404,-206.53993225097656,94.27407836914062,63.7275276184082,72.39492797851562,4.246608257293701,53.82551193237305,11.149810791015625,35.20372772216797,-30.88945198059082,24.108596801757812,-6.976001739501953,21.01881217956543,-27.784358978271484,16.13140106201172,-29.02151870727539,17.24079132080078,-2.6015396118164062,13.272016525268555,-9.244138717651367,13.075691223144531,-17.305721282958984,12.654555320739746,-10.093698501586914,12.578798294067383,1.1368649005889893,9.942911148071289,0,real,file1015.wav_16k.wav_norm.wav_mono.wav_silence.wav
5.550625,16000,0.08887560614224138,0.08044805822218909,1296.6883063631803,826.6733287965485,1338.9884275210602,445.1307722705132,2424.0750718390805,1550.2900721573228,0.15152157843112946,0.08547242730855942,-191.30487060546875,120.01188659667969,121.62242126464844,57.6405029296875,-7.271028518676758,30.867334365844727,22.268728256225586,29.397254943847656,-0.6446446180343628,23.10106658935547,-4.532679557800293,24.187543869018555,-21.617107391357422,15.817304611206055,-26.244497299194336,18.55246925354004,-13.95138931274414,11.340741157531738,-8.438965797424316,10.891798973083496,-27.36269760131836,15.61857795715332,2.6444590091705322,11.863975524902344,-18.741050720214844,11.888228416442871,0,real,file10150.wav_16k.wav_norm.wav_mono.wav_silence.wav
9.8115625,16000,0.20882691622557004,0.1788349682602144,2316.9044087771504,1417.64552403988,1709.895800932554,513.0974314920904,4112.479641693811,1889.2989062422844,0.0905579924583435,0.05536932498216629,-222.77127075195312,83.04403686523438,59.79130172729492,62.452674865722656,6.886289119720459,52.6038818359375,9.285773277282715,35.330589294433594,-30.22417640686035,28.931066513061523,-21.52751350402832,19.94275665283203,-31.376182556152344,16.0306339263916,-16.822072982788086,13.968840599060059,-9.05709457397461,12.395143508911133,-22.248884201049805,9.371175765991211,-7.636268615722656,12.443674087524414,-8.303836822509766,10.488014221191406,3.833545446395874,8.860307693481445,0,real,file10151.wav_16k.wav_norm.wav_mono.wav_silence.wav
4.76075,16000,0.16471463401845637,0.0739388231855343,1770.7011421648176,638.9419275348997,1125.1488847328922,329.0403231205382,2826.5520134228186,966.1731243729704,0.10680282860994339,0.0752902701497078,-196.1810302734375,97.88655853271484,97.28034210205078,52.95083236694336,-83.3968734741211,41.38465118408203,21.615982055664062,34.40874481201172,-30.94801902770996,27.328479766845703,-22.597105026245117,20.79574966430664,-21.889965057373047,16.72909164428711,-11.989812850952148,14.346460342407227,-13.64604663848877,12.049468040466309,-2.0683252811431885,16.08330535888672,-3.9997403621673584,13.053019523620605,-4.315707206726074,9.601526260375977,-1.9236392974853516,10.997117042541504,0,real,file10153.wav_16k.wav_norm.wav_mono.wav_silence.wav
2.6389375,16000,0.09181452371987951,0.08729908361413746,1473.6699442898428,794.9606630866053,1736.9616181359984,343.2523834333304,2949.5481927710844,1528.3876564045345,0.17588695883750916,0.07737284898757935,-121.50492095947266,53.331966400146484,105.44633483886719,43.969512939453125,23.684051513671875,24.160036087036133,33.1114501953125,26.90675926208496,4.474870681762695,24.731168746948242,-7.246513843536377,17.118715286254883,4.111021995544434,17.380725860595703,-20.828227996826172,12.872978210449219,0.7708992958068848,13.282679557800293,-7.057857513427734,9.852012634277344,-11.060735702514648,9.151016235351562,-3.2454371452331543,10.341403007507324,-8.498236656188965,11.032540321350098,0,real,file10154.wav_16k.wav_norm.wav_mono.wav_silence.wav
2.889875,16000,0.10517900068681318,0.12709311350405025,1467.2732456632837,1274.5526861509584,1330.4900732547683,485.6033063506166,2655.992445054945,2035.9543245308382,0.22341857850551605,0.11373560130596161,-181.9137420654297,70.09432983398438,89.79440307617188,67.07149505615234,-0.43273165822029114,44.617523193359375,27.97043228149414,21.646038055419922,-15.505011558532715,20.653528213500977,4.029923439025879,16.99521827697754,-3.9241726398468018,13.064347267150879,-8.804211616516113,14.753602027893066,-4.710686206817627,12.080801963806152,-8.810916900634766,10.607878684997559,-8.108275413513184,7.485038757324219,-2.9765501022338867,10.475479125976562,-10.976118087768555,6.083601474761963,0,real,file10155.wav_16k.wav_norm.wav_mono.wav_silence.wav
3.310375,16000,0.10568472055288461,0.07057083233030079,1614.6025909182188,786.5807313686695,1510.3449725083958,367.0793646939871,3057.4669471153848,1217.8968552372364,0.08370188623666763,0.054436445236206055,-184.68344116210938,92.69261169433594,99.54601287841797,51.79963302612305,-11.346630096435547,31.659452438354492,48.63706970214844,27.355140686035156,-1.6865836381912231,13.350597381591797,-3.3518083095550537,18.73206329345703,2.1175830364227295,11.890766143798828,-9.507051467895508,13.587193489074707,4.306489944458008,10.839130401611328,-1.4929636716842651,10.627435684204102,-1.4882798194885254,8.695998191833496,-3.1282665729522705,8.674469947814941,-3.2733259201049805,8.993005752563477,0,real,file10156.wav_16k.wav_norm.wav_mono.wav_silence.wav
2.582125,16000,0.13808714313271606,0.06982160170876381,1575.7705655434904,654.4562231060779,1245.0480925944066,265.2767216478846,2643.4220679012346,1030.5858176117445,0.12183493375778198,0.05246714502573013,-130.24273681640625,66.10746002197266,119.81565856933594,47.274078369140625,-52.85860824584961,28.90066909790039,24.97962188720703,26.032751083374023,-24.75126075744629,25.85863494873047,6.029449939727783,13.765796661376953,-40.2911376953125,22.396177291870117,0.9387187957763672,13.340453147888184,-17.960079193115234,13.365583419799805,10.184441566467285,13.565547943115234,-13.145515441894531,10.74241828918457,4.390890598297119,8.573661804199219,-8.3825044631958,9.987588882446289,0,real,file10158.wav_16k.wav_norm.wav_mono.wav_silence.wav
2.3768125,16000,0.2125390625,0.20931410113550258,2344.088124906822,1760.166882976932,1602.4017103030214,478.49683631374234,3818.0208333333335,2107.652372737391,0.15113669633865356,0.06504000723361969,-159.96075439453125,69.74748992919922,69.51608276367188,74.06309509277344,6.005560398101807,57.69750213623047,10.276237487792969,38.83773422241211,-28.015979766845703,34.0804443359375,-29.5229434967041,24.361717224121094,-21.68009376525879,16.906251907348633,-15.722023010253906,16.012941360473633,-5.595416069030762,8.533089637756348,-23.183332443237305,12.027935981750488,-9.905012130737305,10.457040786743164,-11.998588562011719,10.263689994812012,-0.3724789321422577,7.801384925842285,0,real,file10159.wav_16k.wav_norm.wav_mono.wav_silence.wav
6.0670625,16000,0.14335423519736842,0.11710655216204692,2298.3245591271675,1012.5059448666168,1900.4812483294445,359.69311143967025,4388.898026315789,1317.5957328787842,0.10579351335763931,0.06110656261444092,-190.5390167236328,82.5312728881836,41.194515228271484,38.36484146118164,0.07464905083179474,36.57857894897461,23.392040252685547,30.134227752685547,-7.992021560668945,21.0677433013916,-1.5457667112350464,17.803672790527344,-3.2178947925567627,12.685044288635254,-2.0790531635284424,17.602153778076172,-1.0516839027404785,12.917187690734863,-1.536422610282898,13.121002197265625,-4.075030326843262,9.906917572021484,3.4878296852111816,9.19197940826416,-4.1877031326293945,9.568387031555176,0,real,file1016.wav_16k.wav_norm.wav_mono.wav_silence.wav
2.4523125,16000,0.16403079342532467,0.192302408066225,1811.0124294232012,1516.1183661799107,1444.1191445355594,524.9929908171813,3196.5300324675327,2190.224005821965,0.20547617971897125,0.10552844405174255,-189.73313903808594,61.33400344848633,73.51789855957031,73.49624633789062,3.762655258178711,42.095672607421875,37.9647216796875,33.164764404296875,-12.197864532470703,22.73208999633789,0.603537380695343,14.191834449768066,-4.529344081878662,15.932037353515625,-5.0079827308654785,16.03191375732422,-6.4853386878967285,11.51401138305664,-3.7334213256835938,11.616020202636719,-12.117669105529785,8.570112228393555,-0.5794447660446167,13.147924423217773,-10.631047248840332,6.674413204193115,0,real,file10161.wav_16k.wav_norm.wav_mono.wav_silence.wav
6.8369375,16000,0.093505859375,0.1216149302988525,1818.4899742958178,1337.5962320750157,1388.3924043093216,358.4744691323668,2961.4120911214955,1920.9103057885386,0.06989869475364685,0.041988056153059006,-340.7178649902344,133.89329528808594,33.824851989746094,68.21540832519531,-12.067596435546875,36.39065170288086,70.49981689453125,38.991302490234375,-17.110620498657227,26.28011703491211,39.61431884765625,19.51910400390625,-8.8502779006958,24.40120506286621,15.571870803833008,12.9506196975708,-4.757829189300537,20.066059112548828,5.51476526260376,18.217449188232422,5.989395618438721,15.051462173461914,10.54407787322998,14.505464553833008,0.31666985154151917,11.744595527648926,0,real,file10162.wav_16k.wav_norm.wav_mono.wav_silence.wav
6.7195625,16000,0.13478655133928572,0.13603368326228127,1859.0540415046275,1214.754663418105,1553.327530516907,439.1360432301354,3353.0505952380954,1770.5156387065344,0.1828494518995285,0.07241728901863098,-148.12782287597656,97.805908203125,80.30562591552734,62.984371185302734,-4.898540019989014,45.092384338378906,23.859193801879883,43.31814956665039,-21.189090728759766,28.950756072998047,-15.395419120788574,20.217317581176758,-4.816713809967041,20.247303009033203,-25.243547439575195,18.05769157409668,-3.934813976287842,13.925930976867676,-16.552446365356445,14.449898719787598,-15.412843704223633,11.587787628173828,-1.2820860147476196,10.52346134185791,-19.643815994262695,11.336234092712402,0,real,file10163.wav_16k.wav_norm.wav_mono.wav_silence.wav
7.6074375,16000,0.16119230895483194,0.1488371373253401,1936.6374610957423,1265.1408531839375,1583.6702259778876,469.0147886153777,3491.0057773109243,1855.859924946464,0.09683545678853989,0.06513138860464096,-224.0157012939453,103.5816650390625,79.07526397705078,55.84083938598633,-11.748679161071777,44.20801544189453,10.111824989318848,37.47542953491211,-26.214569091796875,25.622690200805664,-20.023767471313477,14.847260475158691,-31.190885543823242,14.21576976776123,-19.038179397583008,15.499677658081055,-4.256216049194336,10.652350425720215,-18.500600814819336,12.166691780090332,-8.698205947875977,9.927451133728027,-11.667638778686523,10.610323905944824,-2.7733826637268066,8.286999702453613,0,real,file10164.wav_16k.wav_norm.wav_mono.wav_silence.wav
1.836,16000,0.10961072198275862,0.14660620498857715,1483.527361738853,1427.739380253979,1439.235851552247,500.6219187714926,2608.0280172413795,2162.334140514216,0.1503709852695465,0.06573142111301422,-221.28497314453125,55.12234115600586,96.6766128540039,73.24014282226562,46.267417907714844,33.75326156616211,53.70703887939453,43.17209243774414,10.216742515563965,21.788257598876953,2.494483709335327,22.034711837768555,-1.5932773351669312,14.304771423339844,5.972625255584717,12.78657341003418,-13.07948112487793,8.719391822814941,2.742565870285034,13.219365119934082,-9.684617042541504,11.060531616210938,0.5224336385726929,5.415383815765381,-9.369356155395508,10.158896446228027,0,real,file10165.wav_16k.wav_norm.wav_mono.wav_silence.wav
3.278375,16000,0.14749412166262135,0.14566191574955623,1754.7476990709197,1214.7551576120968,1585.7640088638173,465.7034805683177,3285.573422330097,1869.4065182872678,0.09821593761444092,0.06120750308036804,-196.00790405273438,69.06726837158203,91.88802337646484,55.38383102416992,9.112032890319824,34.07489013671875,33.504573822021484,32.29280090332031,-7.265500068664551,19.30719566345215,-8.638968467712402,15.948155403137207,-19.574249267578125,12.108826637268066,-10.353483200073242,10.63413143157959,-17.951763153076172,9.550952911376953,-12.460668563842773,11.979405403137207,-7.8371477127075195,9.349116325378418,-8.491694450378418,7.7683186531066895,-10.479707717895508,7.624750137329102,0,real,file10166.wav_16k.wav_norm.wav_mono.wav_silence.wav
6.782125,16000,0.24770369619693397,0.2204738827760328,2568.736251724095,1726.7545218298421,1660.3450227189849,495.08048526059406,4255.417158018868,2041.822304979838,0.08017658442258835,0.046581968665122986,-220.65484619140625,92.15757751464844,57.77867126464844,69.31822204589844,1.107051968574524,56.249473571777344,4.164525508880615,36.122093200683594,-29.03228187561035,26.973888397216797,-25.266921997070312,20.655546188354492,-23.75857162475586,15.602633476257324,-12.14826488494873,14.776564598083496,-8.149208068847656,11.862452507019043,-18.067733764648438,11.612081527709961,-8.525398254394531,10.713134765625,-14.160776138305664,12.396276473999023,-3.3326549530029297,9.711620330810547,0,real,file10167.wav_16k.wav_norm.wav_mono.wav_silence.wav
4.112125,16000,0.16153782097868216,0.13467252981859962,2001.1538143787798,1097.468555277884,1548.541032955522,294.7756503235424,3591.6303294573645,1360.5769211787413,0.09453180432319641,0.06872957199811935,-203.03775024414062,106.20406341552734,74.56927490234375,53.53398132324219,-11.020453453063965,38.34158706665039,29.900493621826172,33.25334930419922,-24.54739761352539,25.022878646850586,15.416422843933105,18.732135772705078,-25.846555709838867,19.471403121948242,7.044771194458008,14.856706619262695,-19.77057647705078,15.564104080200195,0.5700309872627258,16.28054428100586,-17.166574478149414,10.570011138916016,-0.830329954624176,10.432756423950195,-13.732721328735352,9.378024101257324,0,real,file10168.wav_16k.wav_norm.wav_mono.wav_silence.wav
3.6373125,16000,0.20983672560307018,0.1902956849204521,2171.89323989568,1664.7729750375127,1493.179980565397,592.9173925784434,3570.1069078947367,2272.717804419517,0.089786596596241,0.05231761932373047,-229.6180419921875,64.49694061279297,78.87911987304688,77.85520935058594,-1.7674635648727417,60.36845779418945,-10.077507019042969,31.723451614379883,-30.544889450073242,25.512699127197266,-24.080982208251953,18.90509605407715,-32.37607192993164,19.763778686523438,-17.42415428161621,13.819792747497559,-11.281121253967285,10.213884353637695,-17.117977142333984,13.669758796691895,-10.433409690856934,9.838799476623535,-11.763071060180664,12.978691101074219,-6.098814964294434,9.925416946411133,0,real,file10169.wav_16k.wav_norm.wav_mono.wav_silence.wav
9.615125,16000,0.24564926806478404,0.21320373281856417,2744.2612819322294,1690.2618886215052,1758.455480655365,498.42028421589515,4617.3691860465115,1917.7976597257996,0.0780603438615799,0.041424430906772614,-234.8450469970703,96.87145233154297,42.93170928955078,67.37344360351562,20.50884437561035,56.45860290527344,16.156009674072266,40.31039047241211,-22.112071990966797,27.995878219604492,-16.690576553344727,19.39612579345703,-28.10683822631836,16.052433013916016,-24.436105728149414,15.365249633789062,-11.16632080078125,12.442588806152344,-8.170939445495605,12.857240676879883,-9.878249168395996,10.340264320373535,-12.291078567504883,11.263189315795898,1.281003713607788,8.760699272155762,0,real,file1017.wav_16k.wav_norm.wav_mono.wav_silence.wav
2.9530625,16000,0.1913274949596774,0.14786145822554694,1948.7277508458762,1140.1707343713333,1493.6430150985502,389.4733372058772,3400.537634408602,1692.7876092058018,0.11781744658946991,0.09303484857082367,-185.9911346435547,62.48200988769531,70.49193572998047,57.686256408691406,1.7248682975769043,32.9996337890625,49.11661148071289,29.160863876342773,-20.27031707763672,22.509519577026367,-18.806371688842773,15.78518295288086,-51.91734313964844,20.772741317749023,0.6430747509002686,18.046886444091797,-27.766599655151367,14.2301664352417,-19.9442081451416,9.281235694885254,-22.709096908569336,9.801900863647461,-10.428535461425781,10.849766731262207,-14.139286041259766,7.449732780456543,0,real,file10170.wav_16k.wav_norm.wav_mono.wav_silence.wav
1.778625,16000,0.07087053571428571,0.04599688131072284,1125.4938005502,421.7406615050054,1265.2918694762343,319.9064944824147,2333.7053571428573,1104.7485056348019,0.15104317665100098,0.08884072303771973,-154.15296936035156,41.50442886352539,139.74676513671875,27.056039810180664,-10.984222412109375,21.36222267150879,34.463871002197266,20.643482208251953,-33.71238327026367,16.292821884155273,7.0649824142456055,10.262283325195312,-7.29766845703125,11.16138744354248,0.2211940586566925,10.624407768249512,-11.711750984191895,6.6291184425354,10.254080772399902,8.126945495605469,-20.866193771362305,6.321646690368652,8.587454795837402,7.023231029510498,5.219662189483643,7.127686500549316,0,real,file10172.wav_16k.wav_norm.wav_mono.wav_silence.wav
4.2326875,16000,0.11261674694548872,0.1069123658732397,1315.661185542472,806.8613875413674,1309.2157342465712,341.84905446996356,2432.5070488721803,1275.1415808686613,0.09853542596101761,0.07380998134613037,-218.78550720214844,45.351646423339844,125.77291107177734,49.614315032958984,-2.085590362548828,25.259933471679688,30.705835342407227,31.307199478149414,-8.980694770812988,19.922269821166992,2.796574831008911,21.067657470703125,-7.417339324951172,14.53418254852295,-5.72974157333374,11.415480613708496,-6.073919773101807,12.680723190307617,-6.544172763824463,9.512787818908691,-9.696436882019043,10.982704162597656,-1.3442761898040771,9.175966262817383,-12.599031448364258,9.479515075683594,0,real,file10173.wav_16k.wav_norm.wav_mono.wav_silence.wav
1.821125,16000,0.11661355537280702,0.11480825113179394,1671.4999369525801,985.2172147011763,1676.0858099095763,352.4676791927197,3279.468201754386,1617.479816644917,0.18597710132598877,0.08891709893941879,-153.65643310546875,92.02342987060547,79.47564697265625,57.95377731323242,11.986063003540039,21.543041229248047,51.94767379760742,23.342926025390625,10.263415336608887,16.011043548583984,-18.25715446472168,21.032405853271484,-18.507017135620117,15.7900972366333,-3.9825828075408936,10.028215408325195,-18.0117244720459,15.051253318786621,0.29111921787261963,9.453461647033691,-17.56724739074707,9.342419624328613,7.830030918121338,8.676581382751465,-11.466315269470215,9.652259826660156,0,real,file10174.wav_16k.wav_norm.wav_mono.wav_silence.wav
4.603,16000,0.08592393663194445,0.10664743479262045,1576.751142140217,1065.527230668889,1687.2244793000114,395.6110236774025,3131.1848958333335,1635.736422046224,0.08918671309947968,0.06688344478607178,-250.88568115234375,187.707763671875,68.77130889892578,62.40387725830078,-0.6995728611946106,29.87325668334961,24.261695861816406,20.061906814575195,0.04549916461110115,15.079587936401367,2.25604248046875,17.30234718322754,-4.769510269165039,14.237576484680176,-3.266502857208252,16.994794845581055,0.04936279356479645,12.673375129699707,-0.17961280047893524,8.864117622375488,0.6390607357025146,7.845191478729248,1.4360018968582153,7.290189743041992,2.424262523651123,6.5037384033203125,0,real,file10175.wav_16k.wav_norm.wav_mono.wav_silence.wav
5.5285,16000,0.20466322705924855,0.18005066758055474,2445.1068226767798,1577.9521318389775,1717.837913790038,472.8476074754674,4232.1622109826585,1888.3134935756261,0.10454747080802917,0.058533232659101486,-202.43524169921875,88.76907348632812,51.17561340332031,69.01265716552734,14.253318786621094,58.41353988647461,18.65264892578125,36.94675064086914,-23.071422576904297,25.09088897705078,-22.70223045349121,18.18499755859375,-31.082809448242188,14.721335411071777,-23.2132568359375,16.80385971069336,-10.043437004089355,10.951239585876465,-10.16808032989502,12.064955711364746,-13.092844009399414,11.630051612854004,-12.528822898864746,10.589337348937988,-0.7543885111808777,8.516818046569824,0,real,file10176.wav_16k.wav_norm.wav_mono.wav_silence.wav
4.6421875,16000,0.09403761772260275,0.0820684015904854,1385.1096419592698,770.6870590121689,1333.068223616039,403.51826783371627,2539.9186643835615,1301.6775591188577,0.11935725063085556,0.055895399302244186,-163.19956970214844,66.97303009033203,121.77117919921875,54.054988861083984,-18.486541748046875,36.05400466918945,32.75633239746094,26.082849502563477,-9.411616325378418,20.096141815185547,2.2953503131866455,18.570547103881836,4.767269611358643,13.87824821472168,-14.359346389770508,16.131710052490234,0.17620781064033508,11.208797454833984,2.071551561355591,14.303646087646484,-2.2104952335357666,8.184412956237793,0.33201417326927185,8.14280891418457,-2.767690896987915,8.391868591308594,0,real,file10177.wav_16k.wav_norm.wav_mono.wav_silence.wav
9.782875,16000,0.17377706290849673,0.15833895315464594,2034.6930520238702,1291.9546511242595,1527.995626679223,467.7385198354187,3487.515318627451,1786.3364924316286,0.103415347635746,0.05328946188092232,-198.05970764160156,95.93013000488281,77.3833999633789,63.15035629272461,-23.90007781982422,54.36246871948242,6.075847148895264,39.310726165771484,-34.31270217895508,24.488801956176758,-17.12906837463379,23.32598876953125,-20.126630783081055,17.488676071166992,-31.81218719482422,18.218687057495117,-4.65263032913208,16.067913055419922,-15.479020118713379,13.18051528930664,-18.866392135620117,12.172099113464355,-11.066709518432617,12.654428482055664,-1.1519765853881836,10.49015998840332,0,real,file10178.wav_16k.wav_norm.wav_mono.wav_silence.wav
7.4316875,16000,0.22652896995708155,0.18512119184036982,2464.854110943838,1702.6058398415146,1590.2181746468677,521.0303938923718,4040.0013412017165,2158.4367650279078,0.12316472828388214,0.05557239055633545,-186.13546752929688,68.5166244506836,66.40594482421875,75.0916976928711,12.727810859680176,62.19820022583008,10.794153213500977,41.90302276611328,-28.625389099121094,28.417253494262695,-18.773784637451172,21.697641372680664,-24.33608055114746,17.143362045288086,-6.626252174377441,16.566272735595703,-12.866659164428711,12.68569278717041,-12.937390327453613,12.089192390441895,-7.356028079986572,10.84284496307373,-12.672183990478516,10.9290132522583,3.5857391357421875,10.240471839904785,0,real,file10179.wav_16k.wav_norm.wav_mono.wav_silence.wav
6.4701875,16000,0.17642828278940886,0.14966976940150695,2235.948633235904,1318.4606596360136,1762.3481314128467,464.4340457359161,4113.262007389162,1785.0349794331598,0.11354625225067139,0.07050639390945435,-212.8878173828125,107.10570526123047,54.867244720458984,61.067237854003906,7.137983322143555,48.6632080078125,17.37141990661621,36.068275451660156,-32.093605041503906,22.172760009765625,-24.732402801513672,15.209118843078613,-28.69227409362793,16.855581283569336,-21.626760482788086,13.417214393615723,-6.190966606140137,11.73123550415039,-20.751882553100586,13.351499557495117,-12.347007751464844,12.739889144897461,-17.56694793701172,10.95981502532959,-0.2574886977672577,9.801319122314453,0,real,file1018.wav_16k.wav_norm.wav_mono.wav_silence.wav
0.8595,16000,0.10584852430555555,0.1070799724327957,1410.0603539004373,866.6040036443263,1558.1281014872625,447.3202975699735,2801.215277777778,1767.3530103776368,0.10919378697872162,0.051467716693878174,-174.5956268310547,86.62617492675781,119.24695587158203,41.36921310424805,18.821149826049805,25.09168243408203,17.23407554626465,17.21495819091797,-25.762685775756836,25.066200256347656,-3.9395556449890137,11.998184204101562,5.989526271820068,9.704999923706055,-8.398865699768066,10.430025100708008,-12.599822044372559,8.608397483825684,-6.817916393280029,8.844698905944824,-12.537591934204102,9.025952339172363,-1.3471089601516724,7.519736289978027,-6.102759838104248,5.438409328460693,0,real,file10180.wav_16k.wav_norm.wav_mono.wav_silence.wav
8.505875,16000,0.17124904546522557,0.16050074506827403,1963.9755066131659,1355.1506828835572,1559.797048544189,523.3376491248547,3472.215695488722,1962.853336295237,0.09247199445962906,0.06849712878465652,-248.6795654296875,108.26622772216797,73.3336181640625,60.58829116821289,-8.035513877868652,48.00267028808594,1.801992654800415,34.5889778137207,-31.9739990234375,26.437158584594727,-31.799379348754883,20.669971466064453,-21.75859832763672,16.3781795501709,-16.871416091918945,15.689244270324707,-15.80474853515625,12.81203556060791,-18.92596435546875,14.795780181884766,-6.262339115142822,11.080498695373535,-15.375622749328613,14.062735557556152,-2.7179927825927734,10.143649101257324,0,real,file10181.wav_16k.wav_norm.wav_mono.wav_silence.wav
3.0953125,16000,0.21627839078608246,0.261851988676817,2083.8635485330424,1879.0102939891174,1461.6892149069165,537.4891317460387,3414.223582474227,2330.8339823386123,0.2358117252588272,0.1256549060344696,-185.45091247558594,66.54962158203125,72.5638427734375,66.29830169677734,10.50046443939209,45.57268142700195,26.28105354309082,31.132795333862305,-8.557777404785156,24.71748161315918,-0.7000308632850647,15.624526023864746,-9.196313858032227,14.614274978637695,-0.6689809560775757,12.609374046325684,-7.646399974822998,12.703414916992188,-5.9942731857299805,14.571528434753418,-7.911190509796143,9.0355806350708,0.9897965788841248,9.934821128845215,-12.161442756652832,7.2594122886657715,0,real,file10182.wav_16k.wav_norm.wav_mono.wav_silence.wav
3.5250625,16000,0.28856981981981983,0.24478467181874286,2758.720116030469,1880.9167183755985,1682.296470178761,495.3261789181,4293.355855855856,2326.698184867982,0.14125873148441315,0.07953902333974838,-169.24395751953125,93.91947174072266,52.53924560546875,82.33792114257812,24.245466232299805,37.034671783447266,8.924968719482422,34.856929779052734,-7.734364032745361,24.96751594543457,-2.185356378555298,18.851118087768555,-4.326157569885254,15.719261169433594,-22.260013580322266,19.194730758666992,-17.0595703125,10.866713523864746,-4.847218036651611,9.888751029968262,-12.578450202941895,10.923386573791504,0.07982703298330307,8.76496410369873,-5.06083869934082,9.942953109741211,0,real,file10183.wav_16k.wav_norm.wav_mono.wav_silence.wav
8.4886875,16000,0.19235527784304512,0.18529800772332874,2156.48598140271,1552.0674354110952,1555.9102457732617,561.6178909188275,3704.6816259398497,2064.4630066709797,0.08958805352449417,0.056720130145549774,-247.76156616210938,103.19725036621094,75.52316284179688,67.25655364990234,6.108407974243164,56.15552520751953,5.770917892456055,33.693302154541016,-27.75506591796875,27.959774017333984,-29.268339157104492,19.92854881286621,-26.75579261779785,16.319435119628906,-4.283870220184326,14.303642272949219,-13.998454093933105,10.642386436462402,-20.713430404663086,12.571186065673828,-3.0815255641937256,10.228043556213379,-17.821304321289062,12.187324523925781,-2.3057727813720703,10.256064414978027,0,real,file10184.wav_16k.wav_norm.wav_mono.wav_silence.wav
6.235375,16000,0.19081530448717948,0.16853570900614062,2259.1793124033916,1338.176119507992,1701.8107233858243,498.44905080719013,4060.176282051282,1772.0795437647391,0.09255674481391907,0.06384620815515518,-249.73902893066406,137.41329956054688,59.89397048950195,60.525089263916016,2.1339855194091797,53.96763610839844,17.859050750732422,29.3455867767334,-32.24272537231445,31.062992095947266,-23.733352661132812,22.371532440185547,-22.10897445678711,17.859527587890625,-13.171517372131348,16.745454788208008,-4.544581890106201,12.08938980102539,-22.61191177368164,12.111333847045898,-12.212898254394531,10.493695259094238,-11.473875999450684,12.554435729980469,-1.5193467140197754,9.202958106994629,0,real,file10185.wav_16k.wav_norm.wav_mono.wav_silence.wav
7.7100625,16000,0.2237766629927386,0.20786703927235672,2352.714449453895,1675.63276632342,1630.6649676095767,571.0300905950687,3904.369813278008,2129.5592361642066,0.06713158637285233,0.043723415583372116,-262.99786376953125,101.70340728759766,67.51824188232422,67.798095703125,-0.5084922313690186,60.099769592285156,-2.606574058532715,38.06489944458008,-23.240375518798828,28.23977279663086,-23.95885467529297,18.48775291442871,-25.263277053833008,16.287588119506836,-24.482507705688477,15.949555397033691,-8.60602855682373,13.213282585144043,-15.062088966369629,13.55611801147461,-12.981416702270508,10.3740234375,-9.925321578979492,11.209969520568848,-2.6889309883117676,8.426680564880371,0,real,file10186.wav_16k.wav_norm.wav_mono.wav_silence.wav
5.1245625,16000,0.010578416149068322,0.012470640224390147,985.5911880121834,536.6554881451913,1468.413612193578,339.2374543178182,2242.2360248447203,1236.4372713835266,0.21803909540176392,0.033673547208309174,-199.0279998779297,71.25092315673828,90.07402801513672,48.46487808227539,-3.428892135620117,21.572668075561523,36.31067657470703,25.047222137451172,-17.526960372924805,19.062231063842773,24.293535232543945,13.328238487243652,-17.57557487487793,14.84482479095459,15.383464813232422,13.634885787963867,-10.914957046508789,11.968767166137695,14.362214088439941,8.997466087341309,-9.493061065673828,8.56028938293457,11.103191375732422,7.496805191040039,-2.7350642681121826,7.157851219177246,0,real,file10187.wav_16k.wav_norm.wav_mono.wav_silence.wav
8.26175,16000,0.201011628257722,0.18720706828698006,2134.223993869073,1535.4629110474673,1579.108105674988,517.1346576376997,3746.5009652509652,2050.095421974383,0.0770426020026207,0.052301377058029175,-257.35791015625,97.5005874633789,70.82628631591797,71.69900512695312,9.202823638916016,49.97703170776367,19.054019927978516,33.98845291137695,-25.8338565826416,25.404415130615234,-20.935348510742188,20.097383499145508,-34.7484245300293,18.249794006347656,-20.16093635559082,14.256073951721191,0.09741063416004181,9.520561218261719,-19.47298812866211,12.730116844177246,-12.955751419067383,10.546122550964355,-12.047734260559082,11.762080192565918,-2.4796526432037354,9.537895202636719,0,real,file10188.wav_16k.wav_norm.wav_mono.wav_silence.wav
1.5801875,16000,0.058154296875,0.028937122251875197,1191.4218119160948,508.9044515199291,1407.2816959248955,378.7512405779238,2292.5,1256.2909663718433,0.2052634358406067,0.09579794108867645,-148.6854248046875,77.57325744628906,126.13306427001953,32.759281158447266,-9.632988929748535,29.050283432006836,11.329166412353516,18.51769256591797,-2.25307559967041,17.438859939575195,7.543778896331787,16.389705657958984,-13.678881645202637,14.591391563415527,-18.55779457092285,12.647767066955566,-16.0517635345459,15.495918273925781,16.583450317382812,20.366947174072266,-20.998598098754883,13.310283660888672,5.819953441619873,10.019965171813965,-5.29062032699585,9.163095474243164,0,real,file10189.wav_16k.wav_norm.wav_mono.wav_silence.wav
7.175875,16000,0.19641493055555556,0.18602523955850744,2133.8458914557464,1549.533183460449,1492.3854667286714,505.89468766531013,3518.402777777778,2111.663596154846,0.10075580328702927,0.06633217632770538,-227.57156372070312,80.05078887939453,72.67852783203125,78.05790710449219,-3.3734447956085205,48.164920806884766,6.821582794189453,33.60641098022461,-25.624588012695312,25.86406707763672,-19.239337921142578,21.534191131591797,-28.400766372680664,15.2765474319458,-31.332246780395508,16.828399658203125,-2.6077804565429688,13.604724884033203,-14.629873275756836,11.979106903076172,-14.963299751281738,11.532303810119629,-13.40182113647461,10.879894256591797,-3.109463691711426,9.364253997802734,0,real,file1019.wav_16k.wav_norm.wav_mono.wav_silence.wav
2.7401875,16000,0.13623046875,0.14813023191593988,1864.6042245342667,1429.3544088648043,1495.7940218523158,515.4046841855838,3358.6482558139537,2001.3265877948058,0.170428067445755,0.08516530692577362,-183.01649475097656,71.42005920410156,77.68769073486328,54.436073303222656,-11.808723449707031,51.08015060424805,29.232084274291992,27.023902893066406,-12.196032524108887,25.38258934020996,5.509120941162109,13.229368209838867,1.5572891235351562,16.431180953979492,2.615854501724243,16.20924949645996,-3.2920756340026855,12.185873031616211,-3.0363473892211914,10.740118026733398,-12.643635749816895,9.448193550109863,0.7328562140464783,9.413374900817871,-11.365030288696289,8.424005508422852,0,real,file10192.wav_16k.wav_norm.wav_mono.wav_silence.wav
3.8426875,16000,0.11647727272727272,0.13464066028488683,1822.0273338460236,1136.4773171356655,1698.1623015783719,353.1411997897726,3459.3879132231405,1691.4887061771442,0.16515326499938965,0.07043059915304184,-141.86375427246094,64.64004516601562,79.78548431396484,66.5387191772461,13.67048454284668,30.087997436523438,37.87527847290039,30.72793197631836,6.52614164352417,16.297880172729492,-12.390854835510254,24.939321517944336,-21.586380004882812,13.852170944213867,-3.024226188659668,11.990781784057617,-18.98067855834961,15.154746055603027,8.897132873535156,16.388134002685547,-18.67386817932129,10.664557456970215,8.721429824829102,11.175840377807617,-10.791034698486328,10.17696762084961,0,real,file10193.wav_16k.wav_norm.wav_mono.wav_silence.wav
1.7105,16000,0.06020326967592592,0.039539910042589645,1134.9787084012696,455.41875109351093,1326.9754373234491,344.33838315599246,2122.974537037037,1118.170646370097,0.26144811511039734,0.08422327786684036,-136.29759216308594,56.74076843261719,115.59685516357422,44.95055389404297,-6.114170074462891,25.106786727905273,32.948455810546875,39.932212829589844,-2.2174274921417236,21.993497848510742,-9.35793685913086,19.379863739013672,-15.790693283081055,13.602740287780762,-13.55429458618164,14.64362621307373,-22.684497833251953,14.792831420898438,9.770362854003906,13.983527183532715,-17.639556884765625,12.337562561035156,14.086626052856445,9.764141082763672,-12.003499031066895,11.04155445098877,0,real,file10194.wav_16k.wav_norm.wav_mono.wav_silence.wav
2.5928125,16000,0.16929068216463414,0.10885121170968648,2001.09492103042,946.9739746849018,1436.4685843256743,319.1344597029294,3504.3826219512193,1313.8553142977235,0.08214958757162094,0.04485848918557167,-167.68666076660156,44.05073928833008,91.89839935302734,57.03572082519531,-34.6026725769043,33.86892318725586,45.98203659057617,33.647151947021484,-32.861881256103516,18.020036697387695,15.779759407043457,19.113079071044922,-40.89307403564453,13.219649314880371,5.221470832824707,13.706620216369629,-20.401222229003906,12.32240104675293,0.8316112756729126,11.362066268920898,-13.242941856384277,9.398819923400879,2.844435930252075,7.8522257804870605,-4.570504188537598,7.275965690612793,0,real,file10196.wav_16k.wav_norm.wav_mono.wav_silence.wav
1.2573125,16000,0.10286865234375,0.03810899672216881,1985.4173410611868,541.7026155234319,1770.2360797652575,269.54237841544915,3831.0546875,931.2465386038334,0.13193334639072418,0.05707141384482384,-160.16502380371094,77.10060119628906,53.159271240234375,32.338626861572266,-11.154458045959473,36.13077163696289,22.016746520996094,25.577171325683594,-16.988845825195312,15.668617248535156,-4.922170639038086,17.758346557617188,-4.678863048553467,15.398954391479492,-10.989344596862793,15.703882217407227,-2.497147798538208,14.776007652282715,-4.829897403717041,11.720404624938965,-3.5882179737091064,8.48925495147705,-1.0412155389785767,11.432072639465332,-5.715283393859863,8.888970375061035,0,real,file10197.wav_16k.wav_norm.wav_mono.wav_silence.wav
1.8595,16000,0.17891783633474576,0.10168112712535708,1953.607277718228,925.5375988596666,1075.9831284994928,250.57084123273896,3028.2044491525426,1136.7466359911969,0.08329217880964279,0.06448017060756683,-205.80979919433594,69.41049194335938,84.34343719482422,78.6726303100586,-86.90707397460938,46.122737884521484,23.10713005065918,34.65184020996094,-29.7008056640625,19.18818473815918,-18.54341697692871,19.889114379882812,-23.360010147094727,15.817440032958984,1.008194923400879,14.73743724822998,-17.673555374145508,11.274152755737305,3.7028985023498535,13.122418403625488,4.60282039642334,14.342920303344727,-2.1584997177124023,9.578088760375977,-4.525298118591309,8.728795051574707,0,real,file10198.wav_16k.wav_norm.wav_mono.wav_silence.wav
6.570875,16000,0.19923297178398058,0.1688947265674783,2236.5270308758577,1479.8373997807005,1588.6772044141042,516.0161604943557,3772.7548543689322,2066.276120768468,0.0963531956076622,0.06329400092363358,-217.21083068847656,107.54542541503906,70.41285705566406,73.23811340332031,-5.4946465492248535,52.21012878417969,8.367924690246582,36.676151275634766,-37.955039978027344,26.107280731201172,-22.61246681213379,19.587411880493164,-8.82291316986084,15.336173057556152,-6.67751407623291,14.110207557678223,-13.724772453308105,12.136954307556152,-14.713470458984375,15.762862205505371,-5.865858554840088,10.917109489440918,-12.609695434570312,10.861248970031738,-0.9483164548873901,9.287663459777832,0,real,file10199.wav_16k.wav_norm.wav_mono.wav_silence.wav
3.515125,16000,0.168798828125,0.157179209871301,1854.8146203654876,1264.949317257194,1547.1134163646036,563.4362311449464,3394.1051136363635,1923.1283406168693,0.14144766330718994,0.06528911739587784,-163.9927520751953,81.6806411743164,96.31607055664062,69.09979248046875,-8.8565673828125,47.578857421875,36.706912994384766,35.119651794433594,2.0550596714019775,25.244403839111328,-20.09735679626465,20.42692756652832,-2.181612253189087,14.95036792755127,-24.895849227905273,20.3068904876709,-13.52244758605957,11.699313163757324,-4.740971088409424,12.369630813598633,-16.668668746948242,11.091885566711426,-4.932452201843262,9.153998374938965,-8.901869773864746,10.244857788085938,0,real,file102.wav_16k.wav_norm.wav_mono.wav_silence.wav
3.9380625,16000,0.22970482610887097,0.21668096627831412,2278.7294234991286,1786.923270093737,1627.3061846930952,623.0758899371101,3878.0871975806454,2353.8736370945935,0.1772996038198471,0.09273938834667206,-189.82232666015625,55.91225051879883,67.0200424194336,67.21723175048828,11.393887519836426,49.11948776245117,21.944107055664062,29.152254104614258,-9.930724143981934,20.963668823242188,-3.7519357204437256,13.051993370056152,-8.16982364654541,11.626127243041992,1.9229398965835571,12.642966270446777,-5.207772254943848,12.548750877380371,-7.951018810272217,13.686138153076172,-10.689714431762695,8.946157455444336,0.9671441316604614,9.235626220703125,-11.780240058898926,6.795986175537109,0,real,file1020.wav_16k.wav_norm.wav_mono.wav_silence.wav
2.952625,16000,0.07242838541666667,0.052841767898363944,1184.1617672685368,622.4743274324568,1280.5052398976686,415.57303377030945,2269.9932795698924,1167.5330979895484,0.1642610728740692,0.07162263989448547,-167.45574951171875,57.378318786621094,129.2307586669922,47.866798400878906,-14.79295825958252,35.48052215576172,37.846702575683594,26.911924362182617,-3.7066285610198975,25.709182739257812,-7.075855731964111,20.38490867614746,14.075847625732422,15.804080963134766,-15.509458541870117,12.895581245422363,-2.2781636714935303,14.40999698638916,-1.5694780349731445,11.55362319946289,-4.890080451965332,9.15307903289795,1.3112772703170776,8.376997947692871,-6.621652126312256,9.561020851135254,0,real,file10200.wav_16k.wav_norm.wav_mono.wav_silence.wav
3.46375,16000,0.14535550458715596,0.12342021135293914,1779.0027913312854,1058.0282260019842,1545.6427018597865,583.2829016993508,3295.6565366972477,1870.6255038250624,0.10795409232378006,0.08041877299547195,-235.61729431152344,101.47063446044922,94.93482208251953,61.29237747192383,0.935820460319519,46.1305046081543,7.654374122619629,36.39579772949219,-36.384708404541016,26.41948890686035,-24.07808494567871,18.965824127197266,-6.992203712463379,18.06655502319336,-27.520910263061523,18.429643630981445,-12.366804122924805,12.659771919250488,-9.248880386352539,15.042604446411133,-14.159745216369629,13.395487785339355,-1.6958998441696167,11.154502868652344,-7.858070373535156,7.925088405609131,0,real,file10201.wav_16k.wav_norm.wav_mono.wav_silence.wav
2.15925,16000,0.1272259880514706,0.10392301314909813,1763.1908607230844,1079.3032431305116,1596.6364575930436,407.9772955389099,3299.2876838235293,1741.4672334359152,0.17031876742839813,0.06606560945510864,-121.36578369140625,50.41176986694336,91.18775939941406,64.28924560546875,2.891059398651123,32.58404541015625,27.824220657348633,29.037919998168945,-2.557199239730835,18.77463722229004,3.4631099700927734,20.669775009155273,-12.805885314941406,12.329941749572754,-12.286917686462402,12.782538414001465,-21.603919982910156,16.22690200805664,12.12686824798584,15.879894256591797,-14.884909629821777,9.014076232910156,2.6069490909576416,8.866005897521973,-4.473537921905518,7.368343830108643,0,real,file10203.wav_16k.wav_norm.wav_mono.wav_silence.wav
3.1544375,16000,0.23412346117424243,0.18586589623365996,2496.4487596912622,1623.4946663341984,1751.6470956643022,506.2667477740622,4329.308712121212,2093.1558110552446,0.12573683261871338,0.06431516259908676,-180.94384765625,65.55073547363281,50.69832229614258,71.23664855957031,10.283124923706055,56.24196243286133,13.531756401062012,35.66862869262695,-14.988760948181152,23.03594970703125,-25.578392028808594,17.69242286682129,-29.746261596679688,15.191537857055664,-22.117530822753906,12.694644927978516,-7.006610870361328,12.894481658935547,-19.795066833496094,10.630402565002441,-13.438687324523926,10.366341590881348,-9.127368927001953,8.703653335571289,0.754662811756134,9.71371841430664,0,real,file10204.wav_16k.wav_norm.wav_mono.wav_silence.wav
2.9715625,16000,0.1320249495967742,0.11516547783177812,1812.2122083912016,992.4087783395557,1523.6039646425268,355.1506871165904,3316.0282258064517,1441.3046618961491,0.11782604455947876,0.06283067166805267,-144.06240844726562,69.91485595703125,87.70618438720703,56.89413070678711,-18.839115142822266,35.12205505371094,47.71100997924805,27.310367584228516,9.770133018493652,18.704715728759766,2.0187954902648926,12.743391990661621,-6.703104019165039,15.30445384979248,-11.962963104248047,16.615144729614258,-2.4508512020111084,12.289931297302246,-5.820638656616211,14.004871368408203,-3.6434855461120605,10.869416236877441,1.8289711475372314,7.849056243896484,-5.103279113769531,11.458561897277832,0,real,file10205.wav_16k.wav_norm.wav_mono.wav_silence.wav
3.900875,16000,0.07944576075819672,0.0770600496189018,1326.205110802057,797.2404565124125,1481.6752734396623,423.4670458710437,2627.1132172131147,1534.4312356421153,0.17603492736816406,0.07479891926050186,-172.6851043701172,60.65363311767578,103.16706085205078,52.13859176635742,2.2203638553619385,27.104705810546875,36.475650787353516,35.431922912597656,4.232475757598877,21.891803741455078,-9.91052532196045,19.66471290588379,-16.03724479675293,15.074708938598633,-14.575654983520508,12.960310935974121,-22.44111442565918,14.881906509399414,5.807133674621582,13.42226791381836,-20.63623046875,12.260151863098145,1.8257163763046265,9.449750900268555,-4.572100639343262,8.936589241027832,0,real,file10206.wav_16k.wav_norm.wav_mono.wav_silence.wav
6.773625,16000,0.18985388413915094,0.17410855825232896,2181.202941796791,1518.6316747526123,1653.7146289912514,527.0589571878703,3775.8696933962265,2066.923808439776,0.08977485448122025,0.050460174679756165,-236.0356903076172,85.21102142333984,75.91900634765625,59.08041763305664,8.430655479431152,50.364891052246094,14.197256088256836,34.687320709228516,-20.630859375,24.449748992919922,-34.213626861572266,21.16245460510254,-26.116790771484375,21.576427459716797,-7.312979698181152,16.065502166748047,-10.315629005432129,12.016294479370117,-15.681699752807617,11.3486909866333,-11.637748718261719,10.389424324035645,-20.34900665283203,11.22502326965332,5.63861608505249,10.746771812438965,0,real,file10207.wav_16k.wav_norm.wav_mono.wav_silence.wav
8.1955,16000,0.13152624939202334,0.10679929396522775,1507.9367691619782,986.2878873222782,1290.25102818892,551.77812033203,2675.7964494163425,1749.7801543877913,0.09588783234357834,0.06780388206243515,-264.3153076171875,92.66759490966797,107.36279296875,49.94439697265625,-26.549570083618164,40.119529724121094,1.8466928005218506,24.93146324157715,-21.657787322998047,22.30956268310547,-14.69448471069336,16.61829376220703,-19.739307403564453,13.85237979888916,-11.787819862365723,14.464200019836426,-10.767312049865723,12.089930534362793,-12.567485809326172,12.036764144897461,-12.397997856140137,9.265555381774902,-7.143407821655273,9.590510368347168,-8.509256362915039,8.816631317138672,0,real,file10209.wav_16k.wav_norm.wav_mono.wav_silence.wav
3.0100625,16000,0.12338096217105263,0.09566969112026673,2012.3659948870172,725.6430036787133,1785.431677186778,300.8783030056756,3862.1710526315787,1065.1807535644002,0.09856181591749191,0.07483850419521332,-227.2093505859375,105.52071380615234,46.0516357421875,39.23775100708008,-5.7053937911987305,37.095298767089844,26.333385467529297,31.619155883789062,-13.117365837097168,21.12514305114746,-5.160272121429443,17.803232192993164,0.415248304605484,14.646072387695312,-6.30405855178833,15.0650053024292,3.3017377853393555,15.061806678771973,-3.395465612411499,11.685272216796875,-4.696046352386475,10.234025955200195,7.3681135177612305,9.44222354888916,-5.352781772613525,6.941529750823975,0,real,file1021.wav_16k.wav_norm.wav_mono.wav_silence.wav
1.8130625,16000,0.07242838541666667,0.08428591329165074,1289.8953428810687,1044.4323081180164,1498.4177775243447,439.8524904276857,2436.814692982456,1817.2025971399578,0.1631096750497818,0.06825629621744156,-193.77423095703125,56.42924118041992,107.11859130859375,56.169410705566406,49.114200592041016,30.439006805419922,45.023380279541016,28.657556533813477,-8.27585506439209,24.15713119506836,8.209295272827148,22.41506004333496,-6.563481330871582,16.869518280029297,3.1150858402252197,12.659581184387207,-9.289573669433594,9.263567924499512,3.8062448501586914,13.684178352355957,-7.116576671600342,11.964886665344238,0.2351198047399521,7.976896286010742,-7.717848300933838,9.449381828308105,0,real,file10210.wav_16k.wav_norm.wav_mono.wav_silence.wav
2.626125,16000,0.16359775037650603,0.1071466544158007,2215.637995227711,715.370442798309,1645.7572286794828,231.9288808463856,4189.759036144578,805.9485656467457,0.06561180204153061,0.039279863238334656,-207.89456176757812,60.06496810913086,58.80445861816406,43.90993118286133,-15.873833656311035,19.124116897583008,77.07672119140625,26.90743064880371,-17.97320556640625,17.819156646728516,19.909486770629883,15.212004661560059,-21.73272705078125,16.05141258239746,10.380152702331543,13.124194145202637,-17.14783477783203,10.526047706604004,18.477380752563477,16.72744369506836,-17.655139923095703,10.907069206237793,0.8494036793708801,13.449381828308105,-1.5926700830459595,11.832832336425781,0,real,file10211.wav_16k.wav_norm.wav_mono.wav_silence.wav
6.0895625,16000,0.17048429319371727,0.1488584166319326,2033.005614970537,1342.9795002935746,1616.8521185531738,521.5083376440812,3668.5618455497383,1926.1221262925874,0.09940420091152191,0.05875791609287262,-227.76620483398438,99.54151153564453,76.88915252685547,61.93446350097656,4.877112865447998,52.148643493652344,7.054876804351807,38.347286224365234,-29.14398193359375,28.1248722076416,-13.239640235900879,18.961204528808594,-30.235458374023438,16.155424118041992,-26.107437133789062,15.983016967773438,-6.609559059143066,12.27065372467041,-11.388620376586914,11.477792739868164,-10.04656982421875,10.566996574401855,-10.494759559631348,12.968567848205566,0.9735088348388672,7.515208721160889,0,real,file10212.wav_16k.wav_norm.wav_mono.wav_silence.wav
3.6124375,16000,0.020624481471238937,0.02819451894157572,966.2271708630723,870.8939760721278,1299.0339472886387,387.6905379737808,1627.350663716814,1693.1928965427321,0.055898021906614304,0.0411040261387825,-363.94329833984375,147.20858764648438,76.82658386230469,59.532798767089844,4.963220119476318,37.51548767089844,30.957767486572266,26.142745971679688,-1.0530226230621338,22.239253997802734,12.980515480041504,15.396136283874512,-1.7576106786727905,16.804515838623047,8.460308074951172,16.30951690673828,6.134884834289551,13.130741119384766,4.853614807128906,13.47604751586914,1.639137864112854,8.526591300964355,6.2678141593933105,8.19278335571289,0.30352088809013367,9.704090118408203,0,real,file10213.wav_16k.wav_norm.wav_mono.wav_silence.wav
2.8775,16000,0.12740885416666667,0.11843581995559513,1718.1553763841,833.3258163031142,1507.7909432427502,359.6065615274952,3200.2604166666665,1309.804425447176,0.09947913140058517,0.047304607927799225,-152.4831085205078,59.74126052856445,95.17252349853516,41.19664764404297,-23.511262893676758,38.330501556396484,29.861499786376953,35.82117462158203,-11.62161636352539,20.36969566345215,1.1546493768692017,11.257560729980469,-16.04547882080078,14.70772647857666,-5.350837230682373,10.680635452270508,-3.0974271297454834,11.243244171142578,-11.185463905334473,14.458395004272461,-8.26025676727295,10.903155326843262,2.9236788749694824,10.193581581115723,-13.475296974182129,8.277824401855469,0,real,file10214.wav_16k.wav_norm.wav_mono.wav_silence.wav
4.9109375,16000,0.16378348214285715,0.11484505461491419,2471.3512330870994,916.841459568222,2142.8960870117758,255.42789650735722,5111.607142857143,1050.6837313403503,0.09052836149930954,0.07185016572475433,-163.7807159423828,66.45433044433594,49.81889343261719,39.54039764404297,28.516963958740234,22.797754287719727,26.74065589904785,19.371183395385742,-3.1721065044403076,16.12449073791504,8.594809532165527,11.950121879577637,-1.7110488414764404,12.814358711242676,8.361091613769531,10.402607917785645,4.612184047698975,10.209953308105469,5.0305867195129395,11.778095245361328,2.4550769329071045,7.214787483215332,3.9720823764801025,6.925364017486572,1.9166861772537231,6.700613498687744,0,real,file10217.wav_16k.wav_norm.wav_mono.wav_silence.wav
4.307875,16000,0.10664785879629629,0.07670936909101714,1674.9544101945771,930.398973274469,1580.7503744255635,407.9840884351936,3094.1550925925926,1600.9681085692425,0.07177054136991501,0.047763530164957047,-197.85540771484375,76.82232666015625,101.17237854003906,58.20414352416992,-0.11350730806589127,35.02353286743164,24.431262969970703,29.943050384521484,-1.1982609033584595,24.151395797729492,-1.8377450704574585,16.97226905822754,0.30920708179473877,15.725212097167969,-3.2586140632629395,13.668730735778809,-2.832624912261963,11.26008129119873,2.87723708152771,11.203800201416016,-1.466786503791809,8.341151237487793,4.583223342895508,7.523672580718994,-5.2509355545043945,8.67569637298584,0,real,file10218.wav_16k.wav_norm.wav_mono.wav_silence.wav
5.1274375,16000,0.19941891498447206,0.1886555344555069,2276.564298193804,1531.796460674494,1673.0772901192086,501.05506243403954,3920.8559782608695,2089.780440977198,0.10882789641618729,0.07061012834310532,-226.7547607421875,104.31222534179688,59.97637939453125,67.1020278930664,8.269292831420898,45.245826721191406,8.527973175048828,38.80666732788086,-30.599382400512695,28.996070861816406,-31.48299217224121,19.87677574157715,-21.52700424194336,15.113006591796875,-11.014854431152344,13.248738288879395,-14.228780746459961,11.81192398071289,-20.878515243530273,11.207731246948242,-3.1972477436065674,9.998944282531738,-14.209944725036621,10.888101577758789,-2.173726797103882,9.79492473602295,0,real,file1022.wav_16k.wav_norm.wav_mono.wav_silence.wav
1.174,16000,0.09282622466216216,0.09617474360981489,1353.6512800346093,1027.917519003562,1498.376169739814,470.13793482371545,2551.3091216216217,1955.8229174996811,0.1454848349094391,0.06650003790855408,-201.5067901611328,62.30912399291992,105.96403503417969,58.19679260253906,36.514366149902344,19.70931625366211,48.09561538696289,28.42898178100586,-6.0717902183532715,21.243654251098633,3.1127572059631348,14.823755264282227,-1.8074547052383423,17.250154495239258,-1.0021003484725952,13.05177116394043,-8.045143127441406,13.203642845153809,3.977156400680542,9.295126914978027,-7.528960227966309,9.868701934814453,-0.1632191240787506,7.050683498382568,-9.53557014465332,8.38973617553711,0,real,file10220.wav_16k.wav_norm.wav_mono.wav_silence.wav
3.5928125,16000,0.20126261753318583,0.15748442844771457,2147.7628615358417,1244.2781096478998,1614.2681066359057,389.2358814904938,3801.0232300884954,1780.394395138245,0.16713400185108185,0.08598019927740097,-119.72855377197266,81.84941864013672,68.09950256347656,71.48458099365234,-10.835716247558594,27.026350021362305,22.659751892089844,25.168502807617188,-12.12972640991211,21.51865577697754,-5.83465051651001,16.781871795654297,-9.81997013092041,18.00713539123535,-11.173805236816406,15.587601661682129,-7.355454921722412,12.013609886169434,-7.354540824890137,9.828714370727539,-8.074663162231445,9.771075248718262,-0.16481567919254303,11.253795623779297,-7.027372360229492,9.399489402770996,0,real,file10221.wav_16k.wav_norm.wav_mono.wav_silence.wav
4.5031875,16000,0.23607878989361702,0.2243475230155127,2788.325903060603,1773.50722436629,1800.1425239137095,493.6043951339589,4688.441932624113,1956.135639552716,0.09660384058952332,0.058857403695583344,-217.3922576904297,98.0990982055664,43.83738327026367,64.70802307128906,21.859285354614258,59.449161529541016,13.642345428466797,27.166271209716797,-19.456138610839844,21.657489776611328,-22.79838752746582,20.412565231323242,-12.87179183959961,13.191343307495117,-12.240520477294922,14.489165306091309,-11.867713928222656,14.150827407836914,-20.146400451660156,12.72998046875,-7.755313873291016,10.851096153259277,-7.868175506591797,8.73548698425293,-0.587765634059906,7.982062816619873,0,real,file10222.wav_16k.wav_norm.wav_mono.wav_silence.wav
3.277875,16000,0.21429858161407767,0.19801760949482974,2379.799595275844,1677.4535059412308,1566.2393589737499,546.6105086434055,3976.714199029126,2051.1687265659984,0.07613078504800797,0.04930128529667854,-250.90573120117188,107.50634765625,74.90106964111328,70.25133514404297,-5.250058174133301,65.58025360107422,11.695233345031738,42.54845428466797,-25.023958206176758,30.046911239624023,-21.646236419677734,20.817577362060547,-13.449217796325684,15.341875076293945,-12.03502082824707,15.304615020751953,-12.400835990905762,12.97868537902832,-16.687070846557617,11.337757110595703,-5.463181972503662,10.724128723144531,-10.752660751342773,12.003464698791504,-0.4524270296096802,8.987547874450684,0,real,file10223.wav_16k.wav_norm.wav_mono.wav_silence.wav
5.4238125,16000,0.2014447380514706,0.18144613456460992,2371.0737286990343,1616.3409601424944,1622.381795615498,551.9963912422029,3991.0386029411766,2126.2559244379368,0.08456700295209885,0.05805609002709389,-253.3843994140625,104.85513305664062,63.678585052490234,80.51294708251953,9.031636238098145,52.243350982666016,1.531693458557129,38.42040252685547,-24.572175979614258,23.342714309692383,-22.753089904785156,21.192005157470703,-19.938474655151367,14.709551811218262,-17.9518985748291,18.385072708129883,-8.684906005859375,14.125951766967773,-23.79052734375,11.114569664001465,-16.001529693603516,12.517483711242676,-7.494539260864258,9.595026969909668,-7.371296405792236,8.70490837097168,0,real,file10224.wav_16k.wav_norm.wav_mono.wav_silence.wav
5.933625,16000,0.1986805905577957,0.18787023797418628,2125.593171258551,1561.4237299130148,1513.6868491258163,493.68814695495337,3543.5567876344085,2110.935790530049,0.12759259343147278,0.07107478380203247,-196.42799377441406,100.94904327392578,82.3027572631836,81.55543518066406,-2.3622515201568604,50.052085876464844,-1.2104626893997192,37.24917221069336,-27.38770866394043,30.11189842224121,-14.600394248962402,16.392885208129883,-21.98930549621582,17.186262130737305,-28.384828567504883,15.241532325744629,-0.3263605535030365,13.062003135681152,-9.641236305236816,13.574047088623047,-12.741754531860352,13.750941276550293,-4.642663955688477,12.661023139953613,1.7446895837783813,8.963271141052246,0,real,file10225.wav_16k.wav_norm.wav_mono.wav_silence.wav
8.633,16000,0.20434208622685185,0.1894252026447639,2282.447589015518,1724.812618273762,1556.109479465824,533.8566018133241,3773.003472222222,2208.5012141512407,0.09458746016025543,0.05726584792137146,-240.63694763183594,95.49766540527344,63.93271255493164,78.24276733398438,16.74813461303711,54.13023376464844,7.596879482269287,33.313819885253906,-25.153356552124023,25.267337799072266,-22.677690505981445,20.126127243041992,-30.121112823486328,15.852296829223633,-17.19344711303711,16.277599334716797,-9.176886558532715,10.210627555847168,-17.570959091186523,10.820563316345215,-12.477982521057129,9.554831504821777,-13.588253021240234,10.333696365356445,-5.871975421905518,8.099456787109375,0,real,file10227.wav_16k.wav_norm.wav_mono.wav_silence.wav
2.336125,16000,0.14776446368243243,0.12209587735633778,1774.4444188017628,1276.8756580530794,1458.8250247824656,552.0487429580345,3155.8277027027025,1989.784293354567,0.139688640832901,0.07576014846563339,-163.61083984375,67.43991088867188,95.09977722167969,64.06157684326172,-17.626283645629883,48.4470100402832,8.847167015075684,27.654300689697266,-22.9086856842041,22.960474014282227,-22.830474853515625,16.685670852661133,-32.911319732666016,11.944568634033203,-19.37360191345215,15.438987731933594,-3.6981523036956787,10.313166618347168,-17.10080337524414,9.182323455810547,-11.838302612304688,9.880352973937988,-11.184640884399414,9.313607215881348,-0.9599712491035461,7.739351749420166,0,real,file10228.wav_16k.wav_norm.wav_mono.wav_silence.wav
4.378125,16000,0.19981751824817517,0.18806853954263555,2115.287703365176,1593.1795800730863,1498.750809016121,514.922878387397,3495.0387773722628,2073.5574813556655,0.08968507498502731,0.04529872164130211,-211.41905212402344,82.34982299804688,84.23561096191406,70.9404525756836,-13.417786598205566,57.86308670043945,-7.011878490447998,32.866844177246094,-27.62456512451172,26.527488708496094,-17.80936622619629,22.281261444091797,-30.022653579711914,16.271202087402344,-27.480257034301758,16.891155242919922,-6.872898101806641,11.587419509887695,-10.651615142822266,14.00035572052002,-19.84541893005371,12.167499542236328,-11.532848358154297,10.445784568786621,3.88629150390625,10.384108543395996,0,real,file1023.wav_16k.wav_norm.wav_mono.wav_silence.wav
8.6816875,16000,0.22838098862591913,0.1981078821706267,2426.420630407464,1636.8473913711491,1617.6408126428933,484.3289019342654,4005.9742647058824,2069.556200149528,0.08310841023921967,0.05651918053627014,-242.4612274169922,107.57927703857422,64.5565185546875,74.80314636230469,10.378434181213379,53.582313537597656,6.337500095367432,35.360939025878906,-38.969242095947266,31.525821685791016,-21.10708999633789,21.982013702392578,-18.447628021240234,16.864755630493164,-13.369344711303711,15.427279472351074,-16.49672508239746,11.890955924987793,-18.493085861206055,12.575042724609375,-8.56966495513916,10.195186614990234,-10.721365928649902,9.90934944152832,-5.877777099609375,8.263407707214355,0,real,file10230.wav_16k.wav_norm.wav_mono.wav_silence.wav
5.0788125,16000,0.16571774272798742,0.1363737750102067,2133.526435921448,1166.7209862225486,1708.317749525137,480.91178603386993,3912.637578616352,1661.3369207000624,0.0688876062631607,0.046013277024030685,-251.49887084960938,111.88856506347656,65.34515380859375,50.88939666748047,-4.7847137451171875,48.65718460083008,17.349000930786133,28.883129119873047,-36.19911193847656,23.873409271240234,-33.99335479736328,18.516857147216797,-26.762393951416016,16.242218017578125,-11.06434440612793,13.87969970703125,-15.099032402038574,12.51917839050293,-18.748884201049805,10.740591049194336,-5.76379919052124,9.988850593566895,-17.352628707885742,12.764809608459473,3.8640658855438232,10.891030311584473,0,real,file10231.wav_16k.wav_norm.wav_mono.wav_silence.wav
3.6895,16000,0.05951980064655173,0.04375644031863279,1177.23651893067,595.0553923349208,1224.7597792123806,335.2590860675751,2216.2580818965516,1067.081056990604,0.11130992323160172,0.05744447559118271,-185.1095733642578,68.73945617675781,136.4532470703125,47.86075210571289,-24.24156379699707,26.301599502563477,38.97716522216797,23.713642120361328,-0.6580181121826172,26.349395751953125,-2.1092731952667236,15.314681053161621,6.4306230545043945,12.587510108947754,-13.60560417175293,14.607266426086426,-2.274062156677246,12.604753494262695,-2.638498067855835,9.469514846801758,-3.7735962867736816,10.201058387756348,-3.032860517501831,10.830215454101562,-6.62278938293457,12.180084228515625,0,real,file10232.wav_16k.wav_norm.wav_mono.wav_silence.wav
3.4185,16000,0.10576536945093458,0.10375159164153981,1422.5676084506622,866.6137669657955,1359.2234000788785,372.2328957487477,2832.6518691588785,1311.239049497235,0.20098550617694855,0.10445833206176758,-155.3422393798828,56.31562423706055,103.50829315185547,43.76105499267578,-12.85580825805664,28.879852294921875,76.370849609375,31.548200607299805,8.71329116821289,19.427213668823242,5.500706672668457,16.3107852935791,-16.03522300720215,15.52564525604248,2.700289726257324,17.056447982788086,-23.209718704223633,12.54782772064209,-7.249567985534668,12.197635650634766,-11.301410675048828,8.426470756530762,3.877609968185425,11.925849914550781,-0.9017022848129272,8.01708984375,0,real,file10234.wav_16k.wav_norm.wav_mono.wav_silence.wav
4.537625,16000,0.2401552871919014,0.2536230399432759,2445.808873038105,2004.5542588486553,1497.5208999477723,467.7525511708289,3853.6531690140846,2219.677727458464,0.09448067843914032,0.06141598895192146,-253.70425415039062,114.73806762695312,69.431396484375,82.83614349365234,14.223812103271484,59.34362030029297,2.929532527923584,35.47866439819336,-11.406193733215332,24.65196418762207,-13.23374080657959,21.631858825683594,-28.27052116394043,16.627973556518555,-20.090805053710938,20.314620971679688,-2.000664472579956,9.963945388793945,-15.443556785583496,10.087752342224121,-15.999687194824219,11.084632873535156,0.41946184635162354,10.992063522338867,-0.6890773773193359,8.275856971740723,0,real,file10235.wav_16k.wav_norm.wav_mono.wav_silence.wav
8.018625,16000,0.17937819036354583,0.16861934492240538,1942.9532851057236,1410.9632841123262,1530.6669636985146,565.0233415702303,3384.617778884462,2096.146139927935,0.09345150738954544,0.061028242111206055,-246.6324005126953,101.50106048583984,85.1814956665039,67.08393096923828,-2.5409491062164307,47.815067291259766,-4.535192012786865,26.889928817749023,-45.7277946472168,29.382564544677734,-27.05998420715332,18.616851806640625,-6.530691146850586,14.09906005859375,-22.888437271118164,16.87216567993164,-21.063859939575195,12.712130546569824,-19.950336456298828,14.939834594726562,-4.637589454650879,11.131275177001953,-10.036247253417969,12.373725891113281,-3.1302266120910645,8.421273231506348,0,real,file10236.wav_16k.wav_norm.wav_mono.wav_silence.wav
3.285,16000,0.18125663683252427,0.10820093888104296,2116.9519055296337,834.0702293505356,1466.0344718173067,305.8022601838133,3734.4508495145633,1079.420531117677,0.10274729877710342,0.045779913663864136,-153.260986328125,48.92184829711914,77.35541534423828,46.763248443603516,-42.03837203979492,38.35774230957031,53.94996643066406,31.843534469604492,-36.5067024230957,19.769683837890625,12.320326805114746,19.320960998535156,-37.22816848754883,12.440632820129395,1.9001808166503906,17.092159271240234,-20.525178909301758,12.53663158416748,-4.284616947174072,13.171493530273438,-7.6627702713012695,9.621865272521973,-4.151927947998047,12.427230834960938,-4.036774635314941,6.985019207000732,0,real,file10237.wav_16k.wav_norm.wav_mono.wav_silence.wav
8.4625,16000,0.1794147995283019,0.17103366907672574,2081.8068362700137,1470.2390126873822,1607.8087602754572,559.9423765010647,3666.9221698113206,2021.9935757385767,0.10429795831441879,0.060683175921440125,-214.28204345703125,103.31076049804688,79.84413146972656,59.84402847290039,2.9494993686676025,49.53661346435547,14.662909507751465,34.31840133666992,-28.89401626586914,26.97789192199707,-28.317441940307617,21.725370407104492,-20.658565521240234,16.068511962890625,-12.01737117767334,14.125284194946289,-7.183610439300537,10.646263122558594,-16.715303421020508,12.149772644042969,-9.37654972076416,12.106085777282715,-12.641352653503418,10.932921409606934,4.489679336547852,8.933443069458008,0,real,file10238.wav_16k.wav_norm.wav_mono.wav_silence.wav
1.615125,16000,0.08178232230392157,0.037436773885209586,1461.188276368877,608.2682338130862,1364.755044233,301.1670944161171,2726.8688725490197,912.8040146475554,0.11233000457286835,0.07545341551303864,-161.99148559570312,83.77311706542969,115.77703094482422,48.78827667236328,-28.125526428222656,33.06261444091797,48.06471252441406,31.230072021484375,-3.377256155014038,22.0732364654541,-15.32501220703125,19.498611450195312,11.289424896240234,15.678780555725098,-15.9193115234375,18.11195945739746,-2.082298517227173,11.28461742401123,0.025552719831466675,12.045343399047852,-4.141926288604736,8.595717430114746,2.4551169872283936,11.476941108703613,-0.6725428700447083,8.388496398925781,0,real,file10239.wav_16k.wav_norm.wav_mono.wav_silence.wav
2.5181875,16000,0.044359424446202535,0.011701505466939105,1244.4299011525827,590.4318465019152,1642.6296268700326,406.535766668068,2556.665348101266,1587.5019410320901,0.2178219109773636,0.08195599168539047,-157.92860412597656,62.3064079284668,110.5133285522461,40.62102127075195,24.854415893554688,26.187368392944336,25.156143188476562,27.192453384399414,11.527139663696289,17.86768913269043,-7.340733051300049,22.609363555908203,-13.405866622924805,15.6109619140625,-6.388458728790283,12.816356658935547,-23.296627044677734,15.72082805633545,12.628094673156738,14.361242294311523,-19.79458236694336,9.241959571838379,5.921131134033203,10.966538429260254,-10.202133178710938,9.324821472167969,0,real,file1024.wav_16k.wav_norm.wav_mono.wav_silence.wav
2.7488125,16000,0.09114394077034883,0.08840138234957177,1153.3935488970897,753.5135628760761,1040.5135123375278,361.4545564116324,2016.5334302325582,1226.1200196435284,0.14049410820007324,0.07460084557533264,-201.41307067871094,47.530540466308594,142.02325439453125,45.33929443359375,-25.412965774536133,29.4040584564209,22.33989143371582,34.59407043457031,-38.476951599121094,27.23464584350586,-14.068992614746094,16.83895492553711,-33.22148132324219,18.778181076049805,-11.068765640258789,18.174999237060547,-18.69213104248047,12.089675903320312,-9.865255355834961,13.055233001708984,-4.289303302764893,13.67088794708252,-10.10512638092041,12.650789260864258,-5.137057781219482,8.463741302490234,0,real,file10240.wav_16k.wav_norm.wav_mono.wav_silence.wav
3.7025625,16000,0.21353886045258622,0.17873730448895594,2304.5847088670253,1402.1764877028606,1726.59647799619,443.9734383766352,4029.498922413793,1915.967693565602,0.10727810114622116,0.07403438538312912,-172.77024841308594,126.87285614013672,66.53825378417969,72.08161163330078,9.215863227844238,38.776939392089844,21.81056785583496,28.71796417236328,9.95656967163086,19.43324851989746,0.5630105137825012,15.156229972839355,-20.745359420776367,15.684503555297852,-2.2353811264038086,15.930834770202637,-0.5837223529815674,12.09218692779541,3.4795634746551514,12.531803131103516,-0.7813960909843445,8.338719367980957,3.725156545639038,8.008210182189941,-4.054901599884033,10.363749504089355,0,real,file10241.wav_16k.wav_norm.wav_mono.wav_silence.wav
1.9983125,16000,0.18227616567460317,0.07248553200711737,1694.4797017895307,434.13154918371436,1133.3137415322906,118.24716690802474,2673.3630952380954,363.9020450546863,0.11432238668203354,0.09118480980396271,-169.20423889160156,53.35834503173828,112.91252136230469,34.866966247558594,-67.7838363647461,18.505380630493164,67.8733901977539,22.08656883239746,-5.594677925109863,12.127096176147461,-11.78188705444336,8.9153470993042,1.8194316625595093,10.913717269897461,12.297128677368164,8.20437240600586,-25.15258026123047,10.802645683288574,-1.526837944984436,9.82395076751709,0.655310869216919,7.860825061798096,-5.038486480712891,8.141947746276855,-7.390198230743408,7.495843887329102,0,real,file10242.wav_16k.wav_norm.wav_mono.wav_silence.wav
6.457,16000,0.24830310179455445,0.20339808117308078,2545.1745344205815,1698.5552619341927,1694.4433735642262,535.1354240557807,4273.746905940594,2111.685232414617,0.09393773972988129,0.061315521597862244,-217.67701721191406,95.92735290527344,60.419456481933594,71.71039581298828,9.421579360961914,55.66716766357422,-0.7902647852897644,37.117462158203125,-24.438331604003906,26.452791213989258,-16.903926849365234,17.205202102661133,-28.46702003479004,15.647782325744629,-20.512088775634766,13.597281455993652,-5.857290267944336,12.27755355834961,-11.832460403442383,11.003334999084473,-14.773276329040527,9.60116958618164,-11.38511848449707,10.093926429748535,4.171713352203369,7.6356377601623535,0,real,file10244.wav_16k.wav_norm.wav_mono.wav_silence.wav
3.3638125,16000,0.20804005748820756,0.1664754583754913,2251.4383550268744,1414.7971645973207,1620.3233077890627,493.7286628777396,3888.2665094339623,2015.0733444719226,0.10605872422456741,0.07231364399194717,-216.73947143554688,100.26866912841797,61.02024841308594,75.99638366699219,8.366018295288086,45.970428466796875,13.78940200805664,41.32748031616211,-32.56193542480469,28.978015899658203,-6.201119899749756,18.882423400878906,-21.802337646484375,13.06297779083252,-27.65399932861328,16.503633499145508,-11.91024398803711,12.85930347442627,-5.704789638519287,14.941288948059082,-11.310846328735352,11.17541790008545,-10.642457962036133,10.79944133758545,-0.7166823744773865,10.275635719299316,0,real,file10245.wav_16k.wav_norm.wav_mono.wav_silence.wav
6.661375,16000,0.2513013045753589,0.22045161659350657,2480.1774455878485,1798.7269529304551,1575.8138144846237,521.642456413391,3997.3086124401916,2175.5917860369123,0.06404956430196762,0.0482589416205883,-280.5528564453125,107.42390441894531,64.21937561035156,75.99364471435547,7.620082378387451,56.859378814697266,1.9661966562271118,29.841575622558594,-26.499788284301758,24.980836868286133,-21.40496253967285,19.03984832763672,-25.872682571411133,16.447994232177734,-15.989583015441895,17.204364776611328,-6.660470962524414,11.7892484664917,-18.998062133789062,12.389737129211426,-9.247845649719238,9.174333572387695,-9.270440101623535,11.053692817687988,-2.4427194595336914,8.594731330871582,0,real,file10247.wav_16k.wav_norm.wav_mono.wav_silence.wav
6.695625,16000,0.2006556919642857,0.1779433727915758,2182.513914613097,1540.712859438452,1592.48411579841,543.8087104265394,3709.4866071428573,2084.6190989420716,0.10292559117078781,0.06330075860023499,-211.39871215820312,80.571533203125,80.31668853759766,67.97605895996094,3.787792682647705,53.303367614746094,11.626953125,40.18250274658203,-26.328697204589844,33.2888298034668,-29.457733154296875,21.64377212524414,-18.852115631103516,18.919918060302734,-5.54218864440918,15.149127006530762,-10.107582092285156,12.606590270996094,-17.446434020996094,13.176558494567871,-11.834296226501465,12.147893905639648,-15.775761604309082,12.03537368774414,0.6598171591758728,8.980579376220703,0,real,file10248.wav_16k.wav_norm.wav_mono.wav_silence.wav
8.4668125,16000,0.1677200029481132,0.14309343611632652,1834.028200715938,1190.0982569986925,1442.8474790993334,458.7118641280477,3110.1120283018868,1823.256438556246,0.11063522100448608,0.066367506980896,-179.80795288085938,48.605621337890625,88.16226196289062,65.55098724365234,-17.177215576171875,31.841171264648438,3.3177871704101562,26.780954360961914,-16.978567123413086,17.493104934692383,-6.584452152252197,16.598522186279297,-23.819372177124023,14.693523406982422,-15.381590843200684,13.941975593566895,-18.241655349731445,10.63880443572998,-3.9755537509918213,10.360553741455078,-11.155430793762207,7.639440536499023,-5.485254764556885,10.64758014678955,-14.604490280151367,8.415450096130371,0,real,file10249.wav_16k.wav_norm.wav_mono.wav_silence.wav
4.1251875,16000,0.1614734738372093,0.15145109153426273,1956.9797799183282,1340.1173814034703,1694.2212612064973,558.7301287069155,3736.9186046511627,2075.2707426106936,0.19038857519626617,0.09766075760126114,-175.56126403808594,69.58631134033203,66.58039855957031,56.360572814941406,16.73171615600586,43.18821334838867,34.43195724487305,33.94155502319336,-14.800328254699707,24.338817596435547,0.6968812346458435,13.544065475463867,-2.4047000408172607,16.50033187866211,-2.2155730724334717,16.182010650634766,-12.86235523223877,11.787117004394531,-3.7849602699279785,11.32333755493164,-14.32399845123291,9.139419555664062,3.328887462615967,9.125321388244629,-9.65860652923584,7.089158535003662,0,real,file10253.wav_16k.wav_norm.wav_mono.wav_silence.wav
4.5516875,16000,0.16795850633741258,0.1375781321516036,2097.0970438522736,1312.0485346277144,1644.9639038710764,506.10687315936593,3737.652972027972,1846.0575845806538,0.09467239677906036,0.06757011264562607,-221.56991577148438,95.06163024902344,71.07373809814453,62.57394027709961,0.4785749614238739,48.24138641357422,17.323951721191406,36.984405517578125,-29.101993560791016,24.6346492767334,-27.685707092285156,17.816120147705078,-20.956886291503906,15.21535587310791,-14.909063339233398,15.3516206741333,-8.062891960144043,10.733452796936035,-18.832433700561523,12.222248077392578,-6.243845462799072,10.488334655761719,-12.606494903564453,10.855952262878418,2.0944435596466064,8.92257022857666,0,real,file10255.wav_16k.wav_norm.wav_mono.wav_silence.wav
6.590125,16000,0.08620771389563107,0.037915699590103505,1027.3741672568897,502.37418739043005,1108.2300247240428,522.7472064199103,1813.106796116505,1360.430898727759,0.14161229133605957,0.07764365524053574,-213.3019256591797,59.18325424194336,162.45008850097656,43.32884979248047,-12.128828048706055,33.34722900390625,-7.005974292755127,26.7640323638916,-16.420595169067383,18.420516967773438,-24.038707733154297,13.572839736938477,1.9742982387542725,13.955657005310059,-5.899302005767822,10.994051933288574,-3.279902458190918,12.804875373840332,-11.270669937133789,9.298955917358398,-10.895203590393066,9.611227989196777,1.1430981159210205,8.49945068359375,0.49659284949302673,8.435882568359375,0,real,file10256.wav_16k.wav_norm.wav_mono.wav_silence.wav
6.2491875,16000,0.057241011639030615,0.0467061572498124,1370.5856064832876,393.9660830390681,1679.7366471804455,274.7821248245603,2860.530931122449,838.570557899733,0.30686888098716736,0.23384122550487518,-50.14789962768555,76.1139144897461,109.96923065185547,21.352937698364258,-5.332945346832275,12.587312698364258,15.935497283935547,17.447927474975586,15.214868545532227,13.844491958618164,9.13214111328125,13.085369110107422,-2.576789140701294,10.773122787475586,4.425348281860352,9.945791244506836,1.6797443628311157,7.902007579803467,5.112184047698975,10.104937553405762,3.2721641063690186,6.808528900146484,4.7758469581604,6.564416885375977,-2.882291316986084,7.575922012329102,0,real,file10258.wav_16k.wav_norm.wav_mono.wav_silence.wav
4.85725,16000,0.20903898540296054,0.18927126976912825,2285.223551335787,1537.3635356953741,1601.0198442434387,546.0364008201167,3909.693667763158,2002.4164024999436,0.11437900364398956,0.07286664098501205,-195.89065551757812,98.44912719726562,66.38858795166016,66.13195037841797,-2.0625786781311035,57.694786071777344,1.1283172369003296,35.35588455200195,-32.76396179199219,26.053213119506836,-32.73141860961914,24.662338256835938,-24.929105758666992,18.322704315185547,-8.774391174316406,15.16062068939209,-17.302505493164062,11.294538497924805,-22.851314544677734,10.442119598388672,-3.4892101287841797,9.56385326385498,-15.246464729309082,10.883001327514648,-1.3219499588012695,9.514406204223633,0,real,file10259.wav_16k.wav_norm.wav_mono.wav_silence.wav
3.587,16000,0.17057867809734514,0.16095139251420895,2425.8780725822953,1279.7339371298765,1797.5970331591004,323.1042828051446,4383.9186946902655,1351.5666431310215,0.1507415622472763,0.07117877900600433,-134.5902557373047,65.28466796875,41.32157897949219,64.12199401855469,29.53875732421875,36.1395149230957,54.424095153808594,32.0903205871582,-8.399751663208008,17.834348678588867,3.7727952003479004,19.88444709777832,-22.240238189697266,17.578279495239258,-4.6942458152771,15.8119535446167,-1.6480706930160522,9.372750282287598,-3.5337846279144287,12.141000747680664,2.30039119720459,10.29680061340332,-6.233950138092041,7.839894771575928,-10.121440887451172,9.182160377502441,0,real,file1026.wav_16k.wav_norm.wav_mono.wav_silence.wav
2.6815,16000,0.10244024367559523,0.10849003740968907,1445.5149859943172,873.3092864086782,1502.4922824867917,360.8639088404064,2769.6242559523807,1480.4927959158554,0.20956940948963165,0.08850380033254623,-132.92608642578125,51.28672790527344,99.30792999267578,45.43911361694336,-4.412572383880615,26.90164566040039,36.29671096801758,35.2439079284668,4.896488666534424,14.099002838134766,-16.04800033569336,18.437971115112305,-29.066551208496094,10.971602439880371,-7.4427008628845215,10.734642028808594,-21.218181610107422,10.783699989318848,9.336130142211914,18.549030303955078,-13.130837440490723,9.492231369018555,4.855327129364014,8.383294105529785,-9.671387672424316,7.196205139160156,0,real,file10261.wav_16k.wav_norm.wav_mono.wav_silence.wav
2.5319375,16000,0.126068115234375,0.14524171999948998,1494.3542512527733,1252.355154431944,1402.7339768551606,543.7397843805988,2845.703125,1852.261825674116,0.1871550977230072,0.10978762805461884,-203.46568298339844,69.79009246826172,98.72977447509766,53.2913703918457,3.9061901569366455,39.32813262939453,21.01170539855957,29.559200286865234,-6.395918369293213,20.413436889648438,7.382009983062744,11.192172050476074,-8.510997772216797,13.16089916229248,-6.0959296226501465,15.625815391540527,-2.4104933738708496,13.602431297302246,-5.532509803771973,11.843165397644043,-11.684895515441895,10.559186935424805,-3.208634614944458,8.529949188232422,-11.650056838989258,7.916337966918945,0,real,file10262.wav_16k.wav_norm.wav_mono.wav_silence.wav
4.6905,16000,0.23072451636904762,0.22763916253948294,2569.036239491172,1723.6150727634815,1662.946636327176,505.5883954719808,4182.557397959184,2033.809032328342,0.0792451873421669,0.047473520040512085,-242.7058868408203,96.89585876464844,52.63731002807617,67.9782943725586,15.031778335571289,58.85424041748047,18.036035537719727,36.23667907714844,-30.57320213317871,28.523372650146484,-33.9283447265625,18.620542526245117,-20.34292984008789,15.75145435333252,-19.436038970947266,13.612977981567383,-8.06928539276123,11.6948881149292,-17.308332443237305,9.71158504486084,-10.249709129333496,11.206151962280273,-10.764290809631348,10.622654914855957,-7.723154544830322,9.844103813171387,0,real,file10265.wav_16k.wav_norm.wav_mono.wav_silence.wav
2.9418125,16000,0.14924953294836957,0.15211998192273696,1891.6171855797559,1319.694375934748,1522.045527241425,505.10113239924993,3316.0665760869565,1859.6944562257193,0.14235004782676697,0.1000160202383995,-217.19400024414062,94.71623992919922,73.09776306152344,67.89586639404297,0.5524417161941528,59.34096145629883,16.731948852539062,40.65278625488281,-34.101253509521484,25.907428741455078,-28.833301544189453,18.649824142456055,-24.27972412109375,12.09670352935791,-28.171873092651367,18.835533142089844,-10.660974502563477,13.259391784667969,-19.2401065826416,12.912840843200684,-12.793527603149414,13.960890769958496,-11.185384750366211,8.696797370910645,-7.736031532287598,8.304010391235352,0,real,file10266.wav_16k.wav_norm.wav_mono.wav_silence.wav
3.21,16000,0.07091197400990099,0.044893536142247864,1261.2767828122653,547.6113679770438,1282.1730932815105,341.5395264680776,2405.785891089109,1046.2842037814096,0.1255296766757965,0.079828642308712,-172.21865844726562,71.12345886230469,125.12916564941406,45.864654541015625,-22.13344383239746,29.95528221130371,42.21818923950195,25.996597290039062,-5.7914533615112305,23.59517478942871,-11.05037784576416,15.580608367919922,7.1056694984436035,14.31824016571045,-7.636972427368164,11.77772331237793,-5.913452625274658,13.061996459960938,-3.3840696811676025,12.015935897827148,-7.571211814880371,9.50175952911377,-2.1349034309387207,9.730142593383789,-5.981168746948242,7.9593682289123535,0,real,file10268.wav_16k.wav_norm.wav_mono.wav_silence.wav
4.301375,16000,0.14993127893518518,0.12346294390093987,1970.9136621382954,1322.530242389953,1478.7586297786916,521.338612562387,3401.8518518518517,1931.3093226346846,0.1235409751534462,0.06924982368946075,-197.54368591308594,102.45846557617188,86.31940460205078,70.3823013305664,-13.39336109161377,50.26869583129883,4.974334716796875,29.965303421020508,-34.63706588745117,25.730472564697266,-12.105597496032715,19.261465072631836,-31.584779739379883,13.981124877929688,-19.987567901611328,15.897907257080078,-3.164442777633667,12.541163444519043,-21.400686264038086,15.707035064697266,-8.743245124816895,12.676519393920898,-8.952259063720703,11.568272590637207,0.44594308733940125,10.35864543914795,0,real,file10269.wav_16k.wav_norm.wav_mono.wav_silence.wav
6.2423125,16000,0.16762246890943877,0.17386162890848508,1984.0983968454113,1375.8209858423359,1511.4178548708257,441.0180920210434,3454.0417729591836,1737.5854292874765,0.07181094586849213,0.041293587535619736,-234.33035278320312,87.94336700439453,84.70801544189453,64.43370056152344,-13.268000602722168,44.96290588378906,11.166003227233887,31.842201232910156,-29.6745548248291,24.443178176879883,-4.23444938659668,25.729516983032227,-30.41485023498535,18.131982803344727,-26.8996524810791,15.437163352966309,-4.053548812866211,12.415702819824219,-13.134638786315918,12.339338302612305,-11.004918098449707,11.539369583129883,-11.998355865478516,12.233651161193848,-1.5967888832092285,12.209927558898926,0,real,file1027.wav_16k.wav_norm.wav_mono.wav_silence.wav
8.3485625,16000,0.20375172114463602,0.17736924098275408,2368.4273061758904,1544.3529495146408,1729.3288318546288,553.3614688298582,4158.225574712644,1994.3486788072216,0.11873530596494675,0.07151808589696884,-198.491943359375,93.11965942382812,60.02888870239258,64.1230697631836,10.199737548828125,53.28485870361328,8.808981895446777,38.49490737915039,-23.454444885253906,24.989763259887695,-22.835145950317383,18.124542236328125,-27.9788875579834,14.628159523010254,-24.198585510253906,15.279268264770508,-8.607135772705078,13.782093048095703,-7.550211429595947,11.502365112304688,-16.88070297241211,11.559133529663086,-13.195087432861328,11.252429008483887,2.302467107772827,8.17209243774414,0,real,file10270.wav_16k.wav_norm.wav_mono.wav_silence.wav
7.7658125,16000,0.17896813914609053,0.17534917663484287,2175.612366240401,1414.0343023172095,1605.0929103465494,449.33328889819717,3849.5691872427983,1788.9689377219595,0.09371202439069748,0.05671164020895958,-238.9315185546875,115.8309097290039,61.25553894042969,69.90084075927734,11.87291431427002,51.1236686706543,24.062685012817383,32.62016677856445,-29.088991165161133,25.57247543334961,-14.845579147338867,20.51193618774414,-37.476318359375,17.101713180541992,-19.223875045776367,15.55691909790039,-6.086668968200684,10.039576530456543,-19.741722106933594,12.863804817199707,-14.674874305725098,10.840864181518555,-12.527490615844727,11.501932144165039,2.4356675148010254,10.907573699951172,0,real,file10271.wav_16k.wav_norm.wav_mono.wav_silence.wav
3.636625,16000,0.20189573053728072,0.14925376685789496,2251.673660079269,1345.5481994494905,1681.0476605379129,503.94340086189374,4058.7993421052633,1926.1495737009127,0.10368668287992477,0.06148836016654968,-216.7631072998047,108.2631607055664,67.06885528564453,74.0223388671875,8.187931060791016,51.041831970214844,23.979124069213867,33.612403869628906,-29.58234405517578,25.53998565673828,-15.343476295471191,20.21409797668457,-30.284099578857422,16.00042152404785,-19.606565475463867,16.658973693847656,-1.9565627574920654,13.175392150878906,-19.127826690673828,14.201536178588867,-7.798074722290039,10.639243125915527,-6.100076675415039,9.710465431213379,2.1257236003875732,7.098184585571289,0,real,file10272.wav_16k.wav_norm.wav_mono.wav_silence.wav
3.6919375,16000,0.10905509159482758,0.13551175269381693,1473.7217031468767,1238.8380617179564,1344.394255893186,505.21804851767513,2697.400323275862,1916.2118907282324,0.19560061395168304,0.08713659644126892,-195.35369873046875,67.2221908569336,92.5916976928711,51.687137603759766,-10.809454917907715,40.937767028808594,27.210914611816406,27.75478172302246,-16.166501998901367,22.873891830444336,0.6569915413856506,14.764091491699219,-4.430995941162109,14.511690139770508,-3.16678786277771,15.804290771484375,-6.480485916137695,10.462396621704102,-10.824834823608398,10.596482276916504,-6.373540878295898,11.028569221496582,-1.2710949182510376,9.921346664428711,-8.878568649291992,7.447305679321289,0,real,file10276.wav_16k.wav_norm.wav_mono.wav_silence.wav
5.7520625,16000,0.09894748263888889,0.0796062782295438,1550.7281894475736,705.0530848420498,1649.3115952606352,409.51632908245534,3164.019097222222,1445.6309468115367,0.14140859246253967,0.10585975646972656,-159.31515502929688,65.04409790039062,93.27066040039062,40.69364547729492,-3.4777462482452393,17.26676368713379,25.633455276489258,23.37849998474121,16.597515106201172,18.929868698120117,18.087657928466797,13.877205848693848,-8.183684349060059,18.276811599731445,-8.680658340454102,14.026986122131348,-7.67603063583374,10.55359935760498,0.6717141270637512,9.384086608886719,1.4509743452072144,10.305420875549316,0.6466583013534546,9.904356002807617,0.2864479124546051,8.50877571105957,0,real,file10277.wav_16k.wav_norm.wav_mono.wav_silence.wav
3.8743125,16000,0.030029296875,0.023659762252567385,1071.447685389774,638.6725289522152,1531.7250236782572,407.01448372134865,2166.2397540983607,1383.1410614655065,0.16757982969284058,0.06440906226634979,-195.4174346923828,71.83014678955078,112.3392333984375,42.04338073730469,14.415318489074707,16.165922164916992,19.382099151611328,13.748479843139648,19.20271873474121,12.252664566040039,14.457392692565918,8.324711799621582,-12.998209953308105,16.715347290039062,-0.9929529428482056,8.925034523010254,-1.2466094493865967,9.354251861572266,-6.703551292419434,17.828136444091797,-6.805639743804932,14.094640731811523,5.301452159881592,9.993337631225586,-5.204010963439941,11.974926948547363,0,real,file10278.wav_16k.wav_norm.wav_mono.wav_silence.wav
4.351875,16000,0.18373018152573528,0.18216669860866738,2013.2476158663674,1547.3677795322321,1529.0002871048848,517.6447780750565,3523.150275735294,2163.63740949139,0.08851753920316696,0.04817173257470131,-234.64068603515625,68.3736572265625,81.36507415771484,77.1874771118164,4.314072608947754,49.24007034301758,1.7836387157440186,33.97074890136719,-36.15235137939453,35.47968673706055,-17.456018447875977,25.071992874145508,-28.650243759155273,14.526557922363281,-30.31854248046875,15.350199699401855,-9.669059753417969,11.884218215942383,-13.552913665771484,14.166545867919922,-11.689438819885254,10.5535306930542,-17.019433975219727,9.395379066467285,-2.521329164505005,9.759363174438477,0,real,file10279.wav_16k.wav_norm.wav_mono.wav_silence.wav
5.10575,16000,0.2257110595703125,0.19081132449356672,2478.9514164833076,1635.1355722823266,1717.7211761162266,563.1551932827315,4268.5546875,2096.233068408044,0.12780968844890594,0.06049641594290733,-174.7326202392578,69.79785919189453,59.44019317626953,68.19819641113281,6.9417009353637695,59.302467346191406,9.994999885559082,37.33903121948242,-25.786571502685547,30.480772018432617,-18.044071197509766,19.98104476928711,-31.28960609436035,14.90451717376709,-24.694995880126953,15.415095329284668,-6.789309501647949,13.337251663208008,-7.763780117034912,12.91552448272705,-11.869824409484863,11.161959648132324,-13.884286880493164,11.389713287353516,2.69222092628479,9.93195629119873,0,real,file1028.wav_16k.wav_norm.wav_mono.wav_silence.wav
4.1118125,16000,0.13504572432170542,0.11609030391760086,2188.3919896202297,759.7857467625423,1862.1389413340073,386.2606080691702,4357.921511627907,1156.1426887212356,0.0494132898747921,0.04143315926194191,-195.59014892578125,68.14588165283203,65.58210754394531,34.81195831298828,-15.454761505126953,34.15727996826172,17.862064361572266,15.399112701416016,-8.74986457824707,18.652217864990234,0.5793911218643188,14.707653045654297,-2.8415627479553223,10.90962028503418,-4.544039249420166,14.618517875671387,-1.7192691564559937,8.416418075561523,3.7865519523620605,7.712888240814209,-0.36747920513153076,7.531595706939697,5.23122501373291,8.482522010803223,-1.3230884075164795,6.500962257385254,0,real,file10280.wav_16k.wav_norm.wav_mono.wav_silence.wav
2.359875,16000,0.19169657939189189,0.11061777332467798,2568.335906354196,749.2396223594412,1961.4664154759107,222.88382860386238,4833.720439189189,862.0510012527515,0.05805237963795662,0.040519822388887405,-175.96441650390625,111.5556869506836,41.74943923950195,43.432674407958984,-7.860838890075684,23.649784088134766,16.487876892089844,29.393102645874023,-7.192568302154541,19.036602020263672,7.9236741065979,18.48664665222168,-7.801835536956787,15.49398422241211,7.8256025314331055,12.06843376159668,4.003117084503174,9.969279289245605,1.0941438674926758,12.907896995544434,-1.6747902631759644,9.044283866882324,5.139591217041016,11.35113525390625,0.20969441533088684,6.687017917633057,0,real,file10281.wav_16k.wav_norm.wav_mono.wav_silence.wav
8.9603125,16000,0.20445778191725977,0.18557851922981417,2224.667298957969,1549.1519379335152,1597.712652847586,503.06763539704554,3786.8939056939503,2072.2908481392515,0.09712957590818405,0.06201423704624176,-216.36715698242188,92.50553894042969,77.32386779785156,71.1222915649414,8.477479934692383,54.74554443359375,4.602535724639893,36.40492248535156,-33.89913558959961,29.352825164794922,-15.733377456665039,21.35381317138672,-26.53695297241211,14.602112770080566,-14.184391975402832,17.851720809936523,-4.252467632293701,12.853914260864258,-19.373119354248047,14.152334213256836,-12.801575660705566,13.608017921447754,-11.538559913635254,13.487435340881348,-1.955198049545288,9.002346992492676,0,real,file10282.wav_16k.wav_norm.wav_mono.wav_silence.wav
5.2225,16000,0.22110804115853658,0.1148883927091321,2476.9025638003113,945.9393136647693,1748.3967116316699,238.3538366363702,4429.735137195122,1122.9160919180515,0.08219161629676819,0.05519777536392212,-172.0830535888672,82.15631866455078,50.90580749511719,50.01362609863281,-11.754362106323242,29.012176513671875,31.914705276489258,29.30083465576172,-24.303546905517578,21.06639862060547,6.39687967300415,20.38748550415039,-30.718366622924805,18.023420333862305,11.453561782836914,15.93885326385498,-15.142012596130371,14.82614517211914,6.96048641204834,13.200467109680176,-14.841534614562988,8.692365646362305,13.887504577636719,12.12410831451416,-12.475332260131836,9.979093551635742,0,real,file10283.wav_16k.wav_norm.wav_mono.wav_silence.wav
3.012375,16000,0.08755653782894737,0.09196778556475627,1548.5309726423566,992.91923838055,1572.0250686159548,397.0902369006578,3017.5986842105262,1606.3037444054694,0.19237136840820312,0.10233315080404282,-175.04415893554688,80.33154296875,86.2702407836914,63.10975646972656,13.28923225402832,31.503877639770508,45.57362747192383,35.0881233215332,9.928144454956055,22.528778076171875,-9.644248962402344,22.403295516967773,-18.290170669555664,14.818915367126465,-7.576223373413086,12.648979187011719,-17.036365509033203,18.7265682220459,3.137957811355591,9.662144660949707,-16.838499069213867,13.210739135742188,4.01989221572876,11.550056457519531,-5.0820088386535645,9.0039644241333,0,real,file10284.wav_16k.wav_norm.wav_mono.wav_silence.wav
2.097375,16000,0.3424257220643939,0.28201383865205576,3236.7231399913626,2062.4802138216173,1771.1515427180616,493.2316395190923,4996.803977272727,2322.850305094508,0.13937115669250488,0.07765243947505951,-180.23507690429688,92.70106506347656,32.04637908935547,73.62877655029297,26.292924880981445,45.582984924316406,6.4067888259887695,31.772186279296875,-11.504326820373535,26.298419952392578,-33.198883056640625,15.68770980834961,-36.8888053894043,10.41419506072998,-3.4127306938171387,12.490468978881836,-2.8463082313537598,13.995478630065918,-21.192684173583984,11.137176513671875,-5.723026275634766,9.239324569702148,-8.443465232849121,10.614431381225586,0.11246282607316971,8.657443046569824,0,real,file10285.wav_16k.wav_norm.wav_mono.wav_silence.wav
7.00925,16000,0.23086159446022728,0.18459003585806916,2598.82214930855,1580.2950275391916,1751.9248238230912,510.4088212448256,4429.509943181818,1935.7393030810613,0.07117277383804321,0.044920582324266434,-248.86195373535156,87.64797973632812,45.048095703125,69.81075286865234,22.2968692779541,57.06181716918945,14.461285591125488,38.131893157958984,-25.64960479736328,28.406166076660156,-25.467466354370117,20.356399536132812,-30.199848175048828,17.639862060546875,-14.857279777526855,16.4620361328125,-12.024714469909668,12.580086708068848,-18.5269832611084,13.50422191619873,-12.030559539794922,11.22304630279541,-13.860560417175293,10.560742378234863,-2.4329495429992676,8.335541725158691,0,real,file10287.wav_16k.wav_norm.wav_mono.wav_silence.wav
6.767625,16000,0.1695049933667453,0.1615042502964281,1984.434739796541,1284.7706644059135,1561.7398759971163,470.7585972570051,3466.2072523584907,1862.643583782496,0.08925862610340118,0.05396860092878342,-233.1072540283203,109.66231536865234,74.09619140625,63.5796012878418,-12.23176097869873,52.51935958862305,3.3987040519714355,34.36687469482422,-29.28953742980957,25.10493278503418,-20.314043045043945,19.39006805419922,-25.82736587524414,16.141443252563477,-29.281003952026367,21.01913070678711,-4.9587531089782715,15.023893356323242,-18.368356704711914,13.497519493103027,-17.160112380981445,10.130430221557617,-11.341947555541992,12.620863914489746,-4.1673054695129395,10.755797386169434,0,real,file10288.wav_16k.wav_norm.wav_mono.wav_silence.wav
5.804875,16000,0.1253434065934066,0.10650687736619556,1744.993021864197,1057.4471212923556,1574.6535433720178,528.9418458606183,3261.160714285714,1744.1425666525402,0.10079746693372726,0.052020616829395294,-230.74192810058594,85.26204681396484,87.40609741210938,57.131797790527344,2.575044631958008,52.09478759765625,13.206555366516113,35.39695358276367,-34.58794021606445,29.25228500366211,-23.62746238708496,22.192031860351562,-21.828088760375977,18.224811553955078,-14.132684707641602,14.248075485229492,-2.744046449661255,12.435977935791016,-20.268598556518555,12.10349178314209,-10.31000804901123,9.685076713562012,-15.878872871398926,11.574335098266602,1.3888109922409058,10.171244621276855,0,real,file10289.wav_16k.wav_norm.wav_mono.wav_silence.wav
5.2274375,16000,0.20818049733231708,0.19190762757641774,2278.977105040319,1591.2013153619832,1566.76996541693,524.4688916734096,3891.625381097561,2013.9557431934709,0.10442287474870682,0.06741750240325928,-227.98313903808594,100.2054443359375,62.50952911376953,70.7442626953125,-1.7390080690383911,52.42997360229492,5.852137088775635,32.20838928222656,-26.720523834228516,30.761728286743164,-37.02991485595703,23.04984474182129,-21.397104263305664,17.973997116088867,-6.173095703125,16.482635498046875,-21.535919189453125,13.341976165771484,-20.892425537109375,15.418170928955078,-8.27853775024414,11.00278091430664,-10.572538375854492,12.31348991394043,-8.116145133972168,7.5319037437438965,0,real,file1029.wav_16k.wav_norm.wav_mono.wav_silence.wav
3.1859375,16000,0.10947265625,0.0893579768261398,1432.957066902799,820.3444901280733,1364.5359851564208,425.0932528713419,2615.15625,1425.9546641115778,0.13190972805023193,0.060523804277181625,-165.77743530273438,84.4381103515625,116.76338958740234,59.84052658081055,-16.23385238647461,34.106788635253906,16.712200164794922,33.899147033691406,-9.999029159545898,21.28948402404785,1.237753987312317,19.901315689086914,-25.66991424560547,16.85450553894043,-22.595548629760742,17.09391212463379,-14.546338081359863,12.10897159576416,-4.06632661819458,14.872539520263672,-20.3303279876709,11.024272918701172,-0.9427056312561035,10.261683464050293,-15.919774055480957,13.34716796875,0,real,file10290.wav_16k.wav_norm.wav_mono.wav_silence.wav
2.4089375,16000,0.11218904194078948,0.09571610043131558,1612.9065604622535,895.5037904350294,1432.9561388939894,325.7995073219422,3028.371710526316,1346.3447936321256,0.14478546380996704,0.06566271185874939,-159.7488555908203,79.15579223632812,90.06246948242188,57.036041259765625,-14.850809097290039,30.788480758666992,65.7398910522461,22.66683578491211,3.853888988494873,17.640972137451172,-10.505678176879883,20.184900283813477,7.559654712677002,12.545668601989746,-8.435310363769531,15.997895240783691,-0.23092108964920044,10.455388069152832,-7.469730377197266,12.073850631713867,-10.068674087524414,9.148362159729004,0.03486964479088783,8.11634349822998,-9.951910018920898,11.224485397338867,0,real,file10291.wav_16k.wav_norm.wav_mono.wav_silence.wav
2.5869375,16000,0.17789110725308643,0.15687736171270067,1712.0035729231015,1124.8492778760108,1380.241208829142,451.664900982123,2985.0501543209875,1708.623188808148,0.07584738731384277,0.04523858428001404,-217.49978637695312,57.82603454589844,109.05990600585938,63.22163009643555,-25.6220703125,35.3090705871582,24.512418746948242,30.449094772338867,-13.691291809082031,22.533384323120117,-7.14600133895874,17.227691650390625,-41.49788284301758,16.8505859375,7.393362522125244,16.258737564086914,-30.700979232788086,14.35013484954834,-6.709536552429199,12.145557403564453,-15.519377708435059,11.879823684692383,-3.8040311336517334,10.347524642944336,-21.880704879760742,9.127055168151855,0,real,file10292.wav_16k.wav_norm.wav_mono.wav_silence.wav
4.3329375,16000,0.11102653952205882,0.05074461081476383,1351.5806064996916,610.1630999033307,1256.0685991946298,516.2670306852318,2411.9370404411766,1501.9869541578903,0.12708847224712372,0.0804302766919136,-179.29888916015625,59.436927795410156,130.24160766601562,40.94087219238281,-37.739341735839844,38.25578308105469,-13.57724666595459,26.863231658935547,-15.298742294311523,19.40319061279297,-12.650033950805664,12.884944915771484,-16.889612197875977,15.922789573669434,-13.994749069213867,11.728355407714844,-5.060043811798096,12.837601661682129,-4.659246921539307,10.691009521484375,-3.6360676288604736,9.278742790222168,-4.9313130378723145,9.474018096923828,-5.014693260192871,9.145034790039062,0,real,file10293.wav_16k.wav_norm.wav_mono.wav_silence.wav
3.373,16000,0.08413178066037735,0.07708920671982399,1113.4104977952518,810.1851274171646,1296.667885124699,425.9116806715273,2116.303066037736,1617.4233036497594,0.1235889121890068,0.0780605673789978,-224.2791748046875,45.37958526611328,126.70149993896484,45.328407287597656,30.837825775146484,22.176166534423828,51.06486892700195,21.908132553100586,-5.193026542663574,12.916049003601074,12.640290260314941,15.451202392578125,-27.404029846191406,15.263562202453613,-1.6283173561096191,14.108736038208008,-17.700054168701172,10.283479690551758,4.658801555633545,9.697739601135254,-6.421676158905029,7.605123043060303,-0.45904770493507385,7.082242012023926,5.449801921844482,7.521087646484375,0,real,file10294.wav_16k.wav_norm.wav_mono.wav_silence.wav
8.047,16000,0.16347539992559523,0.14915580819644636,2118.4136977280305,1282.7357871103286,1654.1140221651979,477.8411972532055,3794.4568452380954,1856.3945879061407,0.10718945413827896,0.07405858486890793,-227.94671630859375,120.1375961303711,63.15243911743164,71.28617858886719,6.766818046569824,44.446109771728516,30.2984619140625,35.89366149902344,-26.88734245300293,23.61501693725586,-20.429594039916992,18.002485275268555,-26.92159652709961,16.652164459228516,-25.686140060424805,17.360754013061523,-5.6730546951293945,12.023848533630371,-20.391071319580078,13.016441345214844,-6.692819118499756,10.42951774597168,-10.303799629211426,10.927495002746582,1.612605094909668,8.738101959228516,0,real,file10295.wav_16k.wav_norm.wav_mono.wav_silence.wav
3.919375,16000,0.09080840320121951,0.08093005732831834,1460.8725275455993,937.4290699960873,1412.3485474644538,439.2633073017811,2771.023882113821,1516.3562853694348,0.15254639089107513,0.07469859719276428,-155.53887939453125,58.75868225097656,112.38851165771484,59.8965950012207,-4.6649394035339355,29.440547943115234,41.738433837890625,29.69223976135254,-2.954592704772949,20.24740982055664,0.8524239659309387,21.15491485595703,2.0042293071746826,14.462121963500977,-9.65507984161377,14.578523635864258,-0.28521838784217834,10.84625244140625,-4.361795425415039,12.452613830566406,-0.2133854478597641,10.306928634643555,-0.6579317450523376,7.709452152252197,-2.816729784011841,10.066954612731934,0,real,file10297.wav_16k.wav_norm.wav_mono.wav_silence.wav
8.4750625,16000,0.1146281692216981,0.09453008955112506,1860.266789252553,1059.6799171295895,1571.7552254724064,379.02058265722223,3608.932783018868,1513.795469196647,0.06440014392137527,0.053573135286569595,-260.98724365234375,140.25225830078125,83.67171478271484,53.781436920166016,-9.378758430480957,35.122947692871094,58.45679473876953,34.449928283691406,-1.5907851457595825,23.238479614257812,17.160005569458008,17.659757614135742,-5.827017784118652,14.214756965637207,-0.13547132909297943,15.841093063354492,-0.9916477203369141,12.691093444824219,11.87636947631836,13.660806655883789,-8.641830444335938,14.112568855285645,8.968698501586914,9.395551681518555,-4.758040904998779,11.428200721740723,0,real,file10299.wav_16k.wav_norm.wav_mono.wav_silence.wav
2.78625,16000,0.09063720703125,0.11791308207449616,1293.7351200280807,1097.340250227032,1437.3551105042206,477.1393149831693,2399.4140625,1870.0795895817034,0.15871025621891022,0.0959203764796257,-217.759765625,115.16961669921875,105.49079895019531,63.376220703125,37.144840240478516,30.137168884277344,37.729774475097656,28.92570686340332,4.786502361297607,19.761064529418945,10.531495094299316,19.05967903137207,-6.319365978240967,16.16547203063965,4.43311882019043,12.546886444091797,-5.160689830780029,14.437922477722168,3.972390651702881,14.379775047302246,-8.163742065429688,8.908884048461914,1.4639854431152344,8.927909851074219,-7.659422397613525,9.660059928894043,0,real,file103.wav_16k.wav_norm.wav_mono.wav_silence.wav
3.745875,16000,0.21974311440677965,0.1626828406197488,2505.458405460471,1337.35972602163,1828.6555337709667,458.49907902514866,4480.005296610169,1771.6865207906528,0.12399201840162277,0.07044994086027145,-157.52293395996094,57.24365234375,47.34490966796875,56.59077453613281,10.291036605834961,45.22956466674805,25.486356735229492,35.75096893310547,-34.85325241088867,25.60181999206543,-24.548259735107422,16.84661293029785,-30.88188362121582,13.399864196777344,-18.2443904876709,16.254911422729492,-1.3649218082427979,11.458656311035156,-14.779349327087402,11.27975845336914,-11.579331398010254,11.788981437683105,-13.058202743530273,10.825658798217773,1.6931649446487427,9.39651870727539,0,real,file1030.wav_16k.wav_norm.wav_mono.wav_silence.wav
4.748625,16000,0.011161650587248322,0.015288449191708367,672.4571548053744,494.2205466193386,1107.8646782006429,303.8086449293902,1108.6933724832215,1145.5813257222076,0.12515780329704285,0.03614868223667145,-280.2949523925781,105.5500717163086,131.4552764892578,46.4272575378418,2.980797290802002,37.10327911376953,28.739667892456055,15.908836364746094,-9.795618057250977,23.28022575378418,19.864700317382812,18.47908592224121,-1.0612672567367554,15.894916534423828,9.00525188446045,17.52440071105957,-6.3166584968566895,10.936389923095703,9.850068092346191,9.793075561523438,-0.37230461835861206,8.59954833984375,12.117114067077637,6.574264049530029,4.865381240844727,6.6817169189453125,0,real,file10300.wav_16k.wav_norm.wav_mono.wav_silence.wav
4.2195625,16000,0.14707623106060605,0.14404940165919583,1881.315407864957,1219.468387206833,1674.245874942806,325.83443543706744,3522.7272727272725,1692.0824312332163,0.15957142412662506,0.07087049633264542,-152.974365234375,60.01968002319336,68.86605072021484,61.14154815673828,11.085835456848145,31.040145874023438,42.924800872802734,34.26285934448242,9.3772554397583,17.494096755981445,-3.4754135608673096,21.767488479614258,-23.110780715942383,13.779485702514648,-8.14622974395752,12.663839340209961,-18.508495330810547,12.8436861038208,6.645759582519531,13.12767505645752,-20.433683395385742,11.406261444091797,3.8905019760131836,8.426865577697754,-8.788579940795898,8.160346031188965,0,real,file10301.wav_16k.wav_norm.wav_mono.wav_silence.wav
5.0324375,16000,0.15077692345727847,0.12166389342580006,1966.7043650771884,1261.8186030956192,1545.6210497328784,529.3954748558119,3547.46835443038,1841.8211222102111,0.10944187641143799,0.04901152104139328,-198.46682739257812,65.09917449951172,79.82160949707031,71.37889862060547,-0.2487611472606659,53.32818603515625,35.68364334106445,38.27964782714844,-28.129650115966797,24.06165885925293,-18.938940048217773,17.50660514831543,-35.38258361816406,15.699220657348633,-20.560169219970703,12.137883186340332,-0.9294441342353821,15.138702392578125,-20.07582664489746,15.177477836608887,-13.458483695983887,13.36520767211914,-16.40879249572754,12.981267929077148,5.823225975036621,9.155247688293457,0,real,file10302.wav_16k.wav_norm.wav_mono.wav_silence.wav
3.245125,16000,0.18481924019607843,0.14431220076229906,2146.892031392236,1077.358421130691,1616.6147779158607,388.3982065212362,3860.7536764705883,1644.0340150569207,0.11217732727527618,0.05644126981496811,-180.34938049316406,104.51593017578125,57.874210357666016,72.70630645751953,-22.148990631103516,38.85594940185547,12.949673652648926,32.21656799316406,-46.77621078491211,22.439605712890625,-16.484264373779297,17.471006393432617,-28.85710334777832,18.013898849487305,-29.12173843383789,16.394819259643555,-5.163782596588135,13.18028736114502,-11.320720672607422,14.142752647399902,-16.843460083007812,13.789617538452148,-12.340816497802734,13.863975524902344,1.156549334526062,10.29797649383545,0,real,file10303.wav_16k.wav_norm.wav_mono.wav_silence.wav
9.2808125,16000,0.22013262457044674,0.18938579802777694,2436.766093131118,1579.4501620958706,1691.1292885557034,535.5167708355344,4182.640678694158,2031.7933957956109,0.09514877945184708,0.05914415046572685,-229.07594299316406,101.61568450927734,55.820465087890625,64.49676513671875,10.936991691589355,54.285972595214844,10.75455379486084,35.848731994628906,-27.45770835876465,27.14346694946289,-24.270410537719727,19.197731018066406,-31.181821823120117,16.543048858642578,-19.057039260864258,17.131818771362305,-6.009121417999268,13.737711906433105,-17.136520385742188,12.76222038269043,-13.419185638427734,11.343901634216309,-13.438838958740234,11.691583633422852,-3.1622579097747803,8.364961624145508,0,real,file10304.wav_16k.wav_norm.wav_mono.wav_silence.wav
3.4815,16000,0.06725290280963303,0.07625343099893125,1193.4797167118686,954.6671806650058,1464.3202133433156,472.8230984728744,2192.015481651376,1930.8652090823894,0.13495558500289917,0.07631435990333557,-230.2469482421875,90.9321060180664,109.94817352294922,52.30917739868164,37.21683883666992,25.926502227783203,41.48281478881836,27.66659927368164,1.806593418121338,21.74134063720703,10.037016868591309,18.313873291015625,-0.500942051410675,13.627144813537598,1.4628537893295288,11.627216339111328,-7.5745744705200195,13.612335205078125,4.350595951080322,11.082905769348145,-7.111043453216553,11.637735366821289,0.1102306991815567,7.595834255218506,-9.358537673950195,9.434815406799316,0,real,file10306.wav_16k.wav_norm.wav_mono.wav_silence.wav
1.201375,16000,0.15383429276315788,0.0859484467442606,2337.907541297006,836.3460124078025,1839.791739557366,335.3545305574804,4430.5098684210525,1116.663749195677,0.14684130251407623,0.07190431654453278,-131.96527099609375,54.95514678955078,50.09625244140625,32.53227233886719,4.428297996520996,36.950904846191406,42.96147918701172,23.318788528442383,-42.12966537475586,25.775720596313477,2.206469774246216,16.978368759155273,-15.083235740661621,14.212363243103027,-8.35629653930664,10.329689979553223,-13.153281211853027,7.705379009246826,-11.168505668640137,11.503443717956543,-4.195321083068848,8.603548049926758,-7.1949143409729,8.206522941589355,2.763451099395752,6.394575119018555,0,real,file10308.wav_16k.wav_norm.wav_mono.wav_silence.wav
5.1115625,16000,0.1759124755859375,0.16110659966965474,2048.3933995524158,1461.1577564582126,1481.3427353899958,540.423630619423,3502.001953125,1993.9998739188948,0.10966561734676361,0.07062789052724838,-213.8459014892578,83.5363540649414,78.39349365234375,74.02011108398438,-8.641471862792969,55.29084396362305,-3.215794324874878,39.82283020019531,-36.92817306518555,29.799697875976562,-23.3402099609375,16.269500732421875,-29.558879852294922,16.59480094909668,-26.386682510375977,19.090435028076172,-9.962666511535645,15.13290023803711,-14.845611572265625,12.088150024414062,-10.151924133300781,10.117375373840332,-13.438924789428711,11.741868019104004,3.672154188156128,9.528413772583008,0,real,file1031.wav_16k.wav_norm.wav_mono.wav_silence.wav
7.89475,16000,0.15281819331983806,0.13302662199427542,1885.8418402759796,1237.0136908728532,1447.0429587647016,445.0484901333686,3322.6530870445345,1769.0928561473302,0.11797754466533661,0.07887477427721024,-195.18614196777344,90.90678405761719,84.27293395996094,69.94084930419922,-4.7137298583984375,50.39292526245117,13.601676940917969,37.32719039916992,-35.75229263305664,27.628864288330078,-9.65289306640625,19.722671508789062,-24.471248626708984,16.655555725097656,-28.086029052734375,16.368688583374023,-4.912756443023682,11.697747230529785,-9.297019004821777,11.798474311828613,-11.415888786315918,10.279594421386719,-4.914041042327881,10.1221923828125,5.298600673675537,9.595840454101562,0,real,file10310.wav_16k.wav_norm.wav_mono.wav_silence.wav
7.8631875,16000,0.19943311737804878,0.19294938924957186,2284.08205426374,1523.1211572420818,1734.3594931683601,472.74113375907115,4093.8135162601625,1850.2559345681636,0.05882376432418823,0.042326074093580246,-288.0242919921875,119.93807220458984,63.52436065673828,58.27431869506836,18.08810043334961,51.149478912353516,18.303115844726562,41.75815200805664,-31.225887298583984,28.19930076599121,-21.234020233154297,21.30604362487793,-27.416433334350586,15.580469131469727,-20.564180374145508,15.424776077270508,-6.038930892944336,11.728567123413086,-23.435792922973633,12.821748733520508,-8.808854103088379,11.312641143798828,-10.206277847290039,11.395400047302246,0.06624230742454529,8.43798542022705,0,real,file10311.wav_16k.wav_norm.wav_mono.wav_silence.wav
2.3099375,16000,0.0794560680650685,0.07529263909345647,1324.0743782303268,895.0935497084724,1274.4017199339694,469.76377754450033,2479.9871575342468,1541.5103386417613,0.19898609817028046,0.07648549228906631,-183.82528686523438,58.942176818847656,106.09059143066406,49.19023895263672,-28.05701446533203,50.40980529785156,18.36864471435547,26.164825439453125,-19.06934356689453,20.311683654785156,10.832194328308105,15.025787353515625,-18.31608009338379,19.191261291503906,-4.578629493713379,12.338010787963867,-1.4245966672897339,17.532594680786133,-11.05245590209961,11.428963661193848,-3.6759355068206787,10.291257858276367,-6.591965675354004,8.33521556854248,-9.03011417388916,6.854764938354492,0,real,file10313.wav_16k.wav_norm.wav_mono.wav_silence.wav
8.7655625,16000,0.231450658645073,0.21839566011478043,2551.0319756467898,1757.577924430675,1692.5241497626266,546.9441871872637,4250.712819343065,2173.048256507162,0.10690674930810928,0.06323308497667313,-226.05117797851562,109.44361114501953,55.372798919677734,75.10066223144531,15.567093849182129,56.01282501220703,7.7672295570373535,35.7518196105957,-22.131467819213867,28.12687110900879,-30.479122161865234,22.84721565246582,-26.56232452392578,14.5988187789917,-11.10414981842041,14.63700008392334,-11.837742805480957,10.676360130310059,-17.145771026611328,11.516858100891113,-10.560160636901855,11.104497909545898,-10.612287521362305,10.323253631591797,-4.542137622833252,9.368720054626465,0,real,file10314.wav_16k.wav_norm.wav_mono.wav_silence.wav
3.3481875,16000,0.17760416666666667,0.1341521123050895,2468.883573455746,997.4681698155786,1888.2068242579978,285.26976122816745,4620.758928571428,1368.9242916436708,0.27890744805336,0.14285911619663239,-25.82078742980957,90.94807434082031,39.64360046386719,48.87483215332031,-7.547566890716553,22.0438289642334,16.36507225036621,15.876259803771973,-10.7815580368042,15.162961959838867,-3.2251105308532715,11.199460983276367,-16.052886962890625,14.311049461364746,2.4668681621551514,14.072016716003418,-10.179898262023926,9.446812629699707,-7.508653163909912,8.991764068603516,-9.60063648223877,7.796420574188232,-6.773614406585693,7.42327356338501,-7.267903804779053,6.450311183929443,0,real,file10315.wav_16k.wav_norm.wav_mono.wav_silence.wav
1.6190625,16000,0.0892022824754902,0.1095889903066928,1293.9388649816087,1057.0297188350485,1488.9493828252103,429.4246864626198,2420.343137254902,1877.2549627216854,0.20237812399864197,0.06357622891664505,-158.10415649414062,50.31901550292969,107.63768768310547,52.53017807006836,41.24516677856445,26.19254493713379,51.057167053222656,24.175315856933594,1.4290496110916138,13.133646965026855,9.363601684570312,16.617849349975586,-14.119621276855469,13.829626083374023,6.035737991333008,11.665715217590332,-10.461103439331055,9.191859245300293,4.160082817077637,10.424760818481445,-4.478604316711426,9.335412979125977,-1.8158053159713745,6.818309783935547,-8.722016334533691,7.470919132232666,0,real,file10316.wav_16k.wav_norm.wav_mono.wav_silence.wav
1.77675,16000,0.11239188058035714,0.1303251740042448,1617.1122602370795,1242.728600803554,1501.303556639155,380.6395915305197,2855.1897321428573,1893.500596567798,0.20139993727207184,0.0795610323548317,-144.95973205566406,49.3194465637207,95.47391510009766,66.12857818603516,10.70887279510498,32.255306243896484,18.75020980834961,29.790210723876953,-0.7498411536216736,21.077587127685547,0.20295193791389465,25.340282440185547,-15.769965171813965,15.100509643554688,-9.527701377868652,10.122334480285645,-19.02811050415039,15.774417877197266,8.338550567626953,9.490866661071777,-15.76181697845459,10.771807670593262,6.170146465301514,8.324450492858887,-12.855525016784668,9.068358421325684,0,real,file10317.wav_16k.wav_norm.wav_mono.wav_silence.wav
8.1900625,16000,0.1601238250732422,0.14039698589773217,1951.8263160742385,1232.4720519827783,1626.8794674008122,519.8055349835734,3644.866943359375,1820.9579389208861,0.12868718802928925,0.07154801487922668,-193.84768676757812,98.27059936523438,82.06802368164062,54.892539978027344,-7.367828369140625,45.58413314819336,-0.16918611526489258,39.52835464477539,-35.60536193847656,26.797565460205078,-11.536243438720703,23.269554138183594,-27.528072357177734,15.302289009094238,-30.165891647338867,16.418107986450195,0.6979597210884094,11.571240425109863,-21.036090850830078,15.135952949523926,-12.087605476379395,12.877104759216309,-14.59209156036377,10.442527770996094,1.182486891746521,9.880721092224121,0,real,file10318.wav_16k.wav_norm.wav_mono.wav_silence.wav
6.855625,16000,0.2627906976744186,0.21593548951396946,2780.4101236312704,1788.877315116883,1728.8815491174041,497.8099657631608,4515.988372093023,2109.800071221472,0.10037495940923691,0.04990467056632042,-203.67213439941406,63.50499725341797,42.84217071533203,71.79419708251953,22.1400203704834,63.98550796508789,10.874154090881348,32.7172966003418,-14.745585441589355,20.35753059387207,-20.83537483215332,18.254549026489258,-35.769779205322266,16.49368667602539,-21.032167434692383,14.508235931396484,-6.413719654083252,11.020360946655273,-10.750164985656738,11.865971565246582,-14.200122833251953,10.697284698486328,-11.277034759521484,8.882194519042969,2.0071022510528564,8.210210800170898,0,real,file10319.wav_16k.wav_norm.wav_mono.wav_silence.wav
5.9886875,16000,0.11202158826462766,0.13303030725590342,1568.3045048164613,936.7099332166769,1602.6909822720052,431.5128262054624,3234.4581117021276,1546.573373622806,0.08747059106826782,0.09660018235445023,-288.9034423828125,147.7654571533203,98.97989654541016,46.77181625366211,9.773608207702637,24.629003524780273,11.443998336791992,20.473567962646484,-4.827832221984863,19.817487716674805,0.5259901881217957,16.100603103637695,-17.184669494628906,22.07240867614746,2.7173068523406982,12.610491752624512,-15.782631874084473,18.057003021240234,4.653108596801758,12.4935941696167,-19.30331039428711,14.122325897216797,0.8033339977264404,8.842344284057617,-10.199528694152832,10.161155700683594,0,real,file1032.wav_16k.wav_norm.wav_mono.wav_silence.wav
4.2459375,16000,0.10684915413533834,0.1019302252559364,2226.593685657642,842.3335970372945,2021.539012747134,238.56131186887276,4613.193139097744,974.2925293310074,0.10312768816947937,0.03849780187010765,-164.61178588867188,94.4823989868164,41.20389938354492,42.158817291259766,10.713017463684082,18.16158676147461,44.33152389526367,21.119077682495117,2.016422748565674,16.204788208007812,16.34395408630371,17.874557495117188,14.303986549377441,10.871635437011719,-0.3781040608882904,19.437332153320312,10.061152458190918,8.902360916137695,6.974132537841797,11.96068000793457,5.33076810836792,8.000704765319824,1.946282148361206,10.38929271697998,-1.2659354209899902,10.394770622253418,0,real,file10320.wav_16k.wav_norm.wav_mono.wav_silence.wav
4.923125,16000,0.11685775162337662,0.06537197224254972,1994.5331291660732,612.8296375162477,2055.288367740648,280.8704152322341,4393.770292207792,1195.2705618626073,0.10212802141904831,0.07733719795942307,-131.12269592285156,43.17424011230469,72.89662170410156,27.918413162231445,17.38241958618164,12.479989051818848,22.11171531677246,18.420654296875,4.7028069496154785,12.699252128601074,7.149593830108643,11.92121410369873,-7.2140607833862305,12.923227310180664,0.3875960409641266,10.58372974395752,-1.5192286968231201,6.87343692779541,3.930373191833496,8.689945220947266,-1.5292541980743408,5.738016605377197,7.016854286193848,5.925456523895264,-0.6204550862312317,5.8402276039123535,0,real,file10321.wav_16k.wav_norm.wav_mono.wav_silence.wav
1.5058125,16000,0.057210286458333336,0.0261059920273291,1127.7115975610013,365.47282150188323,1290.8625537687305,368.3487363053756,2237.3046875,1106.6191206527083,0.13158327341079712,0.10761195421218872,-218.0635528564453,102.79239654541016,138.05186462402344,27.603878021240234,-14.168435096740723,32.7983283996582,37.92197799682617,25.232276916503906,-24.395471572875977,32.810386657714844,-17.502790451049805,15.412632942199707,-2.113981008529663,10.769057273864746,-22.58917808532715,14.905348777770996,0.8745918273925781,7.585947513580322,-8.96660327911377,11.130908966064453,3.070449113845825,6.848574161529541,6.824405670166016,8.752668380737305,-4.955451488494873,8.2928466796875,0,real,file10322.wav_16k.wav_norm.wav_mono.wav_silence.wav
6.3203125,16000,0.18312766335227273,0.17706799429116762,2018.3606709086382,1498.5110005277256,1467.9371839248977,474.9913437462612,3418.008207070707,1987.7303246677427,0.0972413569688797,0.05179937556385994,-225.07765197753906,85.12373352050781,82.5213394165039,73.38414764404297,-15.12913703918457,44.42229080200195,1.3808951377868652,38.38880920410156,-21.777849197387695,27.39209747314453,-6.4868483543396,22.439237594604492,-31.87063980102539,16.86025047302246,-26.1000919342041,16.032312393188477,-2.6310718059539795,10.831339836120605,-14.082620620727539,13.764202117919922,-16.201744079589844,11.076570510864258,-6.581970691680908,10.618432998657227,-5.022372722625732,10.612327575683594,0,real,file10323.wav_16k.wav_norm.wav_mono.wav_silence.wav
3.117625,16000,0.17336973852040816,0.0619856167825684,1843.967417151447,588.5811421268479,1078.4299993436919,337.77685901678205,2788.504464285714,1027.5522723313136,0.0606561079621315,0.04562697187066078,-245.2069549560547,97.02709197998047,102.31800842285156,54.36164474487305,-91.0683822631836,39.7421760559082,26.254491806030273,44.02662658691406,-8.636241912841797,21.35795783996582,-17.857135772705078,21.529420852661133,-28.765430450439453,14.435602188110352,-8.037322044372559,17.847185134887695,-19.168968200683594,12.979907035827637,-0.009280579164624214,11.935376167297363,-11.639796257019043,12.226058959960938,1.3777648210525513,9.46383285522461,-6.262424945831299,8.031658172607422,0,real,file10324.wav_16k.wav_norm.wav_mono.wav_silence.wav
4.89,16000,0.14942363664215685,0.14221561151622905,1896.2071293636743,1278.2112511348703,1550.7336238036787,473.3724719614257,3513.174019607843,1816.3782140793155,0.09698785841464996,0.04381483793258667,-201.68772888183594,73.70499420166016,85.48189544677734,67.07403564453125,-4.487679481506348,50.1419792175293,24.231353759765625,34.023563385009766,-27.792362213134766,24.588970184326172,-19.344364166259766,19.500864028930664,-34.446781158447266,17.772531509399414,-21.565345764160156,15.85094165802002,-0.10619119554758072,13.665337562561035,-24.578941345214844,12.758831024169922,-14.61767292022705,10.022794723510742,-7.527919769287109,10.054180145263672,-6.456783771514893,8.991649627685547,0,real,file10325.wav_16k.wav_norm.wav_mono.wav_silence.wav
5.1126875,16000,0.0171295166015625,0.014493090236443145,1079.1367394520526,352.2648521729241,1605.1525411287691,320.33716856912906,2631.787109375,1110.691244997328,0.0767802819609642,0.04509194940328598,-257.19659423828125,66.46395874023438,91.23799896240234,45.03425216674805,4.327054977416992,21.647184371948242,34.60894775390625,19.04899787902832,2.0638744831085205,12.586976051330566,17.749141693115234,12.187989234924316,-0.7223629355430603,10.352259635925293,10.13274097442627,9.475505828857422,2.274118185043335,8.12093734741211,8.576936721801758,8.480340957641602,3.991590976715088,5.902170181274414,7.538058280944824,7.097106456756592,2.9742794036865234,6.15660285949707,0,real,file10327.wav_16k.wav_norm.wav_mono.wav_silence.wav
6.7806875,16000,0.19551518278301888,0.19138665250380338,2145.546173014905,1525.6291008061746,1578.4731963869347,515.9468608163008,3684.7361438679245,2018.2108296586443,0.09390924870967865,0.07262818515300751,-241.14427185058594,81.21639251708984,59.66472625732422,71.6198501586914,8.859813690185547,46.65699768066406,21.061344146728516,41.032161712646484,-22.363998413085938,25.451616287231445,-36.26593017578125,22.611194610595703,-28.80487823486328,18.030597686767578,-18.37752342224121,14.352922439575195,-12.059980392456055,12.48619270324707,-14.83669662475586,13.068227767944336,-11.622657775878906,10.607367515563965,-10.691082954406738,10.086209297180176,-9.499336242675781,9.726961135864258,0,real,file10329.wav_16k.wav_norm.wav_mono.wav_silence.wav
4.591625,16000,0.2027960883246528,0.16256209260929827,2241.6937330727105,1463.1131935537835,1572.747987029107,500.1382476522071,3766.8728298611113,2103.2645757663154,0.16343264281749725,0.09174812585115433,-149.89816284179688,93.08602905273438,70.59305572509766,77.89539337158203,-1.5920753479003906,53.2087287902832,-2.9462289810180664,36.26179504394531,-35.64200210571289,28.553083419799805,-21.221965789794922,20.19158172607422,-24.64997673034668,18.82423973083496,-22.451255798339844,17.689956665039062,3.97259259223938,12.886655807495117,-8.016740798950195,13.324647903442383,-16.838768005371094,11.089523315429688,-5.010110855102539,12.786721229553223,1.3356456756591797,8.715951919555664,0,real,file10330.wav_16k.wav_norm.wav_mono.wav_silence.wav
3.53625,16000,0.13505155546171171,0.14657419514897022,1668.0347729280932,1224.392535884289,1454.483590490358,536.0527420722669,2947.4943693693695,1949.1646704196107,0.18018005788326263,0.07172145694494247,-162.3959503173828,62.25538635253906,101.81768035888672,66.4765853881836,-6.728707313537598,38.1298713684082,11.879866600036621,41.266639709472656,-28.80323600769043,28.9969539642334,-24.249664306640625,17.177841186523438,-22.875484466552734,16.705459594726562,-22.07996940612793,14.827898979187012,-6.229618072509766,11.220791816711426,-26.470993041992188,15.135248184204102,-7.348690032958984,13.663163185119629,-13.905625343322754,11.55089282989502,0.16156277060508728,9.416336059570312,0,real,file10332.wav_16k.wav_norm.wav_mono.wav_silence.wav
1.64325,16000,0.052903395432692304,0.07180894888997699,1111.409818457681,1018.9585552140919,1370.3391606841044,612.9913244569351,2055.438701923077,2008.6420177902705,0.11870177835226059,0.05959270894527435,-249.94967651367188,80.02542114257812,130.65223693847656,57.00876235961914,49.22876739501953,33.52698516845703,29.552799224853516,25.52806854248047,-4.4269561767578125,25.672861099243164,4.1805243492126465,16.589933395385742,-2.688074827194214,19.89310646057129,5.4215569496154785,12.98525619506836,-5.467909812927246,11.29755687713623,7.018471717834473,12.007063865661621,-7.341924667358398,9.420913696289062,2.413224935531616,6.962441444396973,-5.5965800285339355,8.6441011428833,0,real,file10334.wav_16k.wav_norm.wav_mono.wav_silence.wav
1.9653125,16000,0.1372621597782258,0.11443013941895029,1915.3278153676592,1177.4517145476182,1661.2181395798139,331.7580035334685,3536.0383064516127,1765.1690566865898,0.14181600511074066,0.06598851829767227,-137.92770385742188,83.4262924194336,72.43948364257812,68.69622802734375,11.356024742126465,32.48220443725586,48.844268798828125,31.766597747802734,0.2489633858203888,25.767932891845703,6.679030895233154,16.13339614868164,-3.794084310531616,18.312000274658203,-11.701470375061035,12.868342399597168,-16.100597381591797,11.868368148803711,-4.021416187286377,15.13673210144043,-9.61568546295166,10.766748428344727,3.8008179664611816,10.128219604492188,-13.259116172790527,9.819846153259277,0,real,file10335.wav_16k.wav_norm.wav_mono.wav_silence.wav
5.8100625,16000,0.23822222699175824,0.15193169704685258,2717.732044905844,1192.0002349927133,1753.9060074422991,325.15866172632764,4653.030563186813,1262.1259604419126,0.1373874396085739,0.06821897625923157,-139.18267822265625,75.57022094726562,34.95861053466797,51.47029113769531,-14.788379669189453,34.24065017700195,27.35984992980957,23.34678840637207,-11.485507011413574,15.967366218566895,7.68877649307251,21.85228157043457,-23.173194885253906,17.95925521850586,10.590638160705566,13.877544403076172,-21.07908821105957,11.112149238586426,20.894214630126953,10.034199714660645,-22.42704200744629,10.020915031433105,9.223959922790527,7.9788498878479,-14.819191932678223,8.395962715148926,0,real,file10336.wav_16k.wav_norm.wav_mono.wav_silence.wav
4.976375,16000,0.05735426682692308,0.0949952232041407,1628.3147089063016,911.24138749664,2001.2710239171,441.69695819428125,3901.6426282051284,1700.5487196361985,0.1360020637512207,0.14192849397659302,-272.607421875,102.14105987548828,72.19834899902344,42.41644287109375,54.44866180419922,20.373451232910156,32.570350646972656,15.983945846557617,9.986072540283203,15.282496452331543,25.035911560058594,14.776800155639648,3.7199347019195557,13.902830123901367,11.111268997192383,8.999202728271484,-3.1856658458709717,11.40439224243164,1.8595013618469238,10.435762405395508,4.46016263961792,10.676383972167969,6.221346378326416,7.7505059242248535,6.277211666107178,7.062677383422852,0,real,file10338.wav_16k.wav_norm.wav_mono.wav_silence.wav
5.5933125,16000,0.16996930803571428,0.16643146182601978,2042.8590625335366,1415.1549447970815,1674.7691796698202,533.0029142289214,3638.5714285714284,2005.8497657712026,0.09594983607530594,0.07058961689472198,-245.08197021484375,113.80918884277344,76.21705627441406,57.50393295288086,15.122990608215332,51.19779586791992,9.04740047454834,33.650909423828125,-39.62110900878906,29.90229034423828,-29.30426025390625,19.611780166625977,-3.3171627521514893,16.470117568969727,-24.917036056518555,16.110937118530273,-13.83602237701416,13.662147521972656,-16.317230224609375,11.417084693908691,-2.1782379150390625,11.192231178283691,-10.176767349243164,9.580644607543945,-4.20371150970459,9.157995223999023,0,real,file10339.wav_16k.wav_norm.wav_mono.wav_silence.wav
5.7911875,16000,0.26008125431629836,0.20670040889637212,2745.567890443661,1717.0943418205322,1707.2863763029627,473.4216914380801,4454.463052486188,2025.5048249666286,0.10404639691114426,0.06360126286745071,-208.1674346923828,111.6515884399414,48.25178146362305,73.29039764404297,8.030683517456055,55.34324645996094,4.241157054901123,42.551753997802734,-16.797706604003906,21.824254989624023,-17.082839965820312,21.67066192626953,-24.591257095336914,17.052845001220703,-20.74570083618164,16.555191040039062,-5.674278736114502,12.163409233093262,-12.778802871704102,15.270912170410156,-15.799593925476074,13.84072208404541,-7.113003253936768,12.882302284240723,0.14829039573669434,8.8629732131958,0,real,file10340.wav_16k.wav_norm.wav_mono.wav_silence.wav
4.75425,16000,0.12158858536073826,0.08540862018256326,1654.1876275210261,747.3573279303886,1540.4452154310745,477.1366036125448,3119.44211409396,1470.7027459379033,0.15877683460712433,0.07034433633089066,-149.84912109375,57.09362030029297,88.08550262451172,46.003501892089844,-17.823867797851562,32.09475326538086,28.539003372192383,24.33806800842285,-8.844584465026855,18.145708084106445,-34.22810745239258,18.254365921020508,-16.8955020904541,13.831077575683594,-11.828907012939453,12.351044654846191,-12.739816665649414,12.781346321105957,-7.771023273468018,9.774223327636719,-12.958290100097656,10.184661865234375,-4.008279323577881,8.912679672241211,-5.8716206550598145,7.618819713592529,0,real,file10341.wav_16k.wav_norm.wav_mono.wav_silence.wav
2.5454375,16000,0.22379150390625,0.22335025678011,2205.998084172017,1664.645938498672,1597.3251099845152,544.3176445656485,3752.24609375,2270.4676806769157,0.1636762171983719,0.08818061649799347,-177.0391082763672,63.575870513916016,70.10612487792969,68.66812896728516,1.8287136554718018,48.14404296875,15.336230278015137,27.636856079101562,-13.961176872253418,22.38892936706543,3.153167724609375,13.96895980834961,-6.106886863708496,13.608521461486816,-5.988051414489746,15.393579483032227,-5.989603519439697,11.150017738342285,0.8187049031257629,12.343636512756348,-12.209890365600586,9.644172668457031,1.1803131103515625,9.872686386108398,-11.353769302368164,7.209080696105957,0,real,file10342.wav_16k.wav_norm.wav_mono.wav_silence.wav
2.6064375,16000,0.09083222179878049,0.07760412895257839,1472.3061818034746,879.5283103301716,1504.4683169141367,436.92898453421793,2821.7416158536585,1618.6703059992906,0.19080927968025208,0.08749991655349731,-146.74192810058594,54.02159881591797,104.98804473876953,44.97298812866211,-4.011737823486328,31.253721237182617,33.385562896728516,30.455209732055664,5.55544376373291,21.8708553314209,-17.917766571044922,22.639385223388672,-17.242170333862305,16.09029769897461,-15.489616394042969,12.201382637023926,-22.837039947509766,19.967159271240234,7.739057540893555,15.957207679748535,-23.07845687866211,11.192910194396973,3.2908947467803955,13.387579917907715,-5.0384087562561035,10.49974250793457,0,real,file10344.wav_16k.wav_norm.wav_mono.wav_silence.wav
8.8106875,16000,0.1915548573369565,0.15781530309824837,2064.6850340694355,1267.4399065058808,1607.4242107065356,507.9847529796813,3702.8985507246375,1827.7034901187567,0.0780363604426384,0.06064753234386444,-241.14096069335938,105.46057891845703,72.78873443603516,62.711944580078125,4.542356014251709,45.72615432739258,18.49053955078125,33.81565856933594,-36.242713928222656,28.112194061279297,-21.523374557495117,18.469982147216797,-25.176074981689453,15.034805297851562,-9.814384460449219,14.026659965515137,-5.056663513183594,10.589157104492188,-21.185089111328125,11.863801956176758,-7.828489303588867,9.740169525146484,-7.042356014251709,11.576210021972656,1.266613483428955,8.993760108947754,0,real,file10345.wav_16k.wav_norm.wav_mono.wav_silence.wav
8.1121875,16000,0.20340758796751968,0.1874794083279112,2396.644884737027,1503.9529939307442,1713.672764860147,453.6063025730891,4184.731791338582,1797.6570233068048,0.06711967289447784,0.05554092675447464,-273.6264953613281,116.50723266601562,53.41205978393555,56.43189239501953,2.311952590942383,55.08197784423828,11.304726600646973,37.56078338623047,-29.912870407104492,32.34959411621094,-31.008956909179688,19.116785049438477,-24.640182495117188,15.61862564086914,-10.546027183532715,16.461145401000977,-7.753833293914795,14.244817733764648,-26.881881713867188,13.242827415466309,-6.972064018249512,9.835415840148926,-11.510052680969238,11.345500946044922,-1.3047336339950562,7.797382354736328,0,real,file10349.wav_16k.wav_norm.wav_mono.wav_silence.wav
6.0715625,16000,0.1811472039473684,0.15766174199766853,2063.001165483043,1342.2805251753466,1589.1597340504761,517.5194539654125,3530.592105263158,1981.36643277839,0.10484976321458817,0.07285180687904358,-225.1213836669922,77.80577087402344,65.73531341552734,69.27392578125,2.6268885135650635,51.18706130981445,3.5592663288116455,41.32343292236328,-33.47862243652344,27.677257537841797,-17.520702362060547,18.648691177368164,-23.937114715576172,14.283397674560547,-35.53195571899414,15.61186408996582,-12.490316390991211,16.358369827270508,-7.834512710571289,11.851670265197754,-13.928075790405273,11.370938301086426,-14.052633285522461,11.186984062194824,-2.576632261276245,9.358163833618164,0,real,file10350.wav_16k.wav_norm.wav_mono.wav_silence.wav
6.6525,16000,0.16505549504206732,0.11173937723789389,1957.6590345522516,1009.3968349006888,1593.427208073755,357.17562378211676,3436.03515625,1615.8285679365251,0.1006552055478096,0.04203180968761444,-139.8222198486328,56.17819595336914,77.46453094482422,54.947628021240234,-17.57468032836914,27.220333099365234,18.967777252197266,28.90673828125,0.6561031341552734,16.97028923034668,-5.829483985900879,13.280988693237305,-24.780193328857422,14.289450645446777,-2.1238324642181396,11.532095909118652,-18.600481033325195,10.738723754882812,-8.46963882446289,12.876014709472656,-14.87569522857666,9.265478134155273,-8.802175521850586,7.404820919036865,-11.150838851928711,7.175851345062256,0,real,file10351.wav_16k.wav_norm.wav_mono.wav_silence.wav
4.24275,16000,0.12891726386278196,0.10726339988660973,1631.766341685521,951.576395984995,1570.73087464107,465.45228433831625,3132.2250939849623,1662.2057917768159,0.11247538775205612,0.07015148550271988,-180.09231567382812,119.56468963623047,103.42912292480469,53.14712142944336,-6.079111576080322,30.765342712402344,21.385175704956055,23.070392608642578,-1.9011718034744263,19.884061813354492,-5.200545787811279,11.906498908996582,-9.63581657409668,14.21606731414795,-8.104734420776367,12.414434432983398,-10.490946769714355,11.53633975982666,-12.21986198425293,10.452699661254883,-12.10175895690918,10.60547161102295,-4.759299278259277,10.328413963317871,-12.34060001373291,8.240021705627441,0,real,file10352.wav_16k.wav_norm.wav_mono.wav_silence.wav
9.0830625,16000,0.19914653939260563,0.193526161559009,2090.7675694160307,1670.4705114014705,1468.1203891434552,586.888643011615,3441.433758802817,2249.680043974774,0.08670155704021454,0.050363700836896896,-237.98382568359375,76.23320007324219,85.22150421142578,76.93425750732422,3.4588398933410645,61.00768280029297,10.012629508972168,33.98871994018555,-24.983545303344727,25.822025299072266,-36.06029510498047,19.635805130004883,-18.397979736328125,14.954432487487793,-14.61005973815918,15.50809097290039,-17.4779109954834,11.491543769836426,-19.930706024169922,11.75119400024414,-7.935044765472412,9.71226978302002,-12.433944702148438,11.947754859924316,-1.6434571743011475,7.987868309020996,0,real,file10353.wav_16k.wav_norm.wav_mono.wav_silence.wav
8.2925,16000,0.21736403245192307,0.18742800874834215,2410.7044943688984,1616.7677634357335,1689.0881936874732,498.6645206069194,4123.076923076923,2014.3244913599933,0.08844934403896332,0.05310928449034691,-225.8497314453125,91.42378234863281,58.45573043823242,63.640560150146484,9.468709945678711,47.16251754760742,5.873046875,32.22353744506836,-23.45732307434082,24.938112258911133,-24.806865692138672,19.983781814575195,-31.946210861206055,14.118429183959961,-17.690258026123047,15.487881660461426,-3.2073287963867188,13.08829116821289,-12.460792541503906,10.699963569641113,-10.152684211730957,12.330717086791992,-8.564391136169434,11.477410316467285,-2.745242118835449,8.731804847717285,0,real,file10354.wav_16k.wav_norm.wav_mono.wav_silence.wav
6.919875,16000,0.17495769729262672,0.16105607349121018,2044.7079370897582,1326.6023123159375,1625.372692437925,453.9872660085402,3646.5293778801843,1836.9620584126537,0.11618917435407639,0.07539123296737671,-202.92105102539062,99.4275894165039,70.01689147949219,64.6666488647461,3.1344873905181885,54.15079116821289,10.309998512268066,37.42351531982422,-34.544151306152344,27.95295524597168,-21.937572479248047,18.380477905273438,-30.50555419921875,17.06206512451172,-36.18082046508789,17.179269790649414,-9.782305717468262,13.873719215393066,-5.258170127868652,12.688957214355469,-15.74226188659668,12.690682411193848,-16.541500091552734,12.40383529663086,3.452914237976074,9.258767127990723,0,real,file10355.wav_16k.wav_norm.wav_mono.wav_silence.wav
3.0411875,16000,0.08377583821614583,0.0850453960281363,1394.7483868784195,1098.2129889005394,1508.3170020082314,524.8884553792251,2595.3776041666665,1984.8244359176317,0.14925254881381989,0.06944789737462997,-195.7987823486328,69.01641845703125,116.634765625,60.089332580566406,32.21504592895508,40.38080596923828,22.53125762939453,30.076704025268555,-5.156271457672119,22.540557861328125,10.747946739196777,13.334030151367188,-5.5125885009765625,12.251962661743164,4.4377570152282715,11.903382301330566,-8.59024429321289,14.498556137084961,7.311336040496826,9.522380828857422,-7.05115270614624,9.404374122619629,1.470026969909668,8.596376419067383,-7.304952144622803,9.284674644470215,0,real,file10356.wav_16k.wav_norm.wav_mono.wav_silence.wav
7.19975,16000,0.1885915798611111,0.1865476668210085,2089.2616289155076,1513.7359886501772,1501.8318419118552,546.2866647183031,3546.3541666666665,1999.2109988831983,0.08474557101726532,0.053073253482580185,-235.2760772705078,103.61793518066406,82.94682312011719,70.47785949707031,-6.505950927734375,54.91482162475586,12.552574157714844,35.26650619506836,-29.34576416015625,29.788856506347656,-31.534931182861328,24.02954864501953,-24.483871459960938,15.940250396728516,-10.876391410827637,15.29737663269043,-5.972503662109375,11.997213363647461,-24.142925262451172,15.04648208618164,-8.640313148498535,12.541163444519043,-11.856931686401367,11.877604484558105,-3.9468159675598145,9.841913223266602,0,real,file10357.wav_16k.wav_norm.wav_mono.wav_silence.wav
2.6440625,16000,0.1004859280873494,0.07777934106659318,1438.3970778984553,790.9487929680746,1354.2388051089245,377.15561085020505,2692.676957831325,1311.5669627081481,0.14118951559066772,0.0711863711476326,-144.5666961669922,57.39119338989258,114.30683898925781,58.134944915771484,-21.139259338378906,29.15035057067871,44.48421859741211,23.250019073486328,-0.7535978555679321,16.74326515197754,-2.77838397026062,17.034500122070312,2.686450719833374,14.710580825805664,-12.64393138885498,14.916465759277344,-4.139554500579834,10.457311630249023,-0.5449890494346619,10.629997253417969,-3.685206651687622,8.78381061553955,-0.011527624912559986,7.594270706176758,-3.975756883621216,9.336301803588867,0,real,file10358.wav_16k.wav_norm.wav_mono.wav_silence.wav
4.605125,16000,0.08634779188368055,0.06802138469978979,1272.9560598811581,595.5448270337621,1397.2217853414327,292.11472711105773,2614.8546006944443,1015.9104499455046,0.08369690924882889,0.07920412719249725,-194.27894592285156,69.66118621826172,122.68055725097656,34.50448989868164,-7.068422317504883,31.081022262573242,53.79123306274414,20.479907989501953,-1.234321117401123,11.81399917602539,16.901567459106445,14.912460327148438,-11.68551254272461,13.545088768005371,9.572278022766113,12.110652923583984,-14.399882316589355,8.9425048828125,8.27611255645752,8.608960151672363,-5.410259246826172,6.810606956481934,2.5580270290374756,7.1306562423706055,-0.6058511137962341,7.350722789764404,0,real,file10359.wav_16k.wav_norm.wav_mono.wav_silence.wav
3.212375,16000,0.18981087561881188,0.07961939053952839,2334.0408421401016,568.4672839063036,1843.8543228493838,419.3823542094099,4468.053836633663,1084.3105639695486,0.04760342463850975,0.05033645033836365,-203.43707275390625,81.60845184326172,60.96967697143555,24.78006362915039,-23.97388458251953,36.99929428100586,25.13058853149414,23.317956924438477,-6.072729110717773,14.199821472167969,-0.31807592511177063,13.001631736755371,-3.7699756622314453,9.406214714050293,-5.914475917816162,15.466666221618652,3.291249990463257,7.930739402770996,6.257984161376953,7.496949672698975,-2.0622189044952393,6.6997389793396,4.713312149047852,5.18880033493042,-0.6641199588775635,5.0278825759887695,0,real,file1036.wav_16k.wav_norm.wav_mono.wav_silence.wav
1.7398125,16000,0.07532848011363637,0.06835794530677317,1289.6073798598827,803.5448409923247,1432.0089287859894,394.0768462787425,2579.8295454545455,1592.516854505078,0.1317283660173416,0.09236837923526764,-186.29434204101562,89.93838500976562,107.51840209960938,50.7762336730957,3.9692344665527344,22.446687698364258,54.96451187133789,23.832063674926758,12.308652877807617,21.75812339782715,8.627517700195312,18.483158111572266,0.28814896941185,15.843681335449219,13.173398971557617,9.682967185974121,-6.838586330413818,13.031454086303711,7.568392276763916,7.516217231750488,-5.771953582763672,7.272404193878174,1.4448262453079224,8.485149383544922,-1.5487289428710938,8.242730140686035,0,real,file10360.wav_16k.wav_norm.wav_mono.wav_silence.wav
3.117625,16000,0.16734095982142858,0.213709840809182,1786.5090823747157,1691.2131069139941,1356.9349320660035,625.785147811452,2988.28125,2324.7085371857515,0.18565237522125244,0.11871819943189621,-211.3335418701172,63.097660064697266,90.60565948486328,60.60768127441406,3.891935110092163,49.883731842041016,15.686601638793945,24.60975456237793,-11.988122940063477,25.023601531982422,1.2530385255813599,15.731501579284668,-8.081534385681152,13.778687477111816,-9.24858570098877,18.22276496887207,-5.174944877624512,12.312488555908203,-2.777074098587036,9.310640335083008,-10.137849807739258,8.909088134765625,1.6020727157592773,9.831918716430664,-10.147815704345703,6.445369243621826,0,real,file10361.wav_16k.wav_norm.wav_mono.wav_silence.wav
4.4915,16000,0.11166749778368794,0.09114471298680808,1502.6097603500168,871.2798039497733,1531.3163482435948,424.66061027202363,2939.1622340425533,1536.120912125709,0.08684858679771423,0.04558376595377922,-213.55291748046875,81.17100524902344,101.24482727050781,45.98388671875,4.530355453491211,30.224285125732422,37.032981872558594,30.398637771606445,-14.353080749511719,26.92167854309082,-10.831942558288574,15.824065208435059,-8.43752384185791,12.387116432189941,-8.223617553710938,9.96549129486084,-16.75389289855957,10.106973648071289,-12.196186065673828,13.130568504333496,-9.66344165802002,7.772488594055176,-6.354300022125244,6.8613176345825195,-13.03724479675293,9.578523635864258,0,real,file10362.wav_16k.wav_norm.wav_mono.wav_silence.wav
1.68975,16000,0.30357274469339623,0.2212424244727637,2902.359709237171,1827.1085920416037,1629.322999025478,525.4342815483598,4465.801886792453,2053.17069435725,0.09062833338975906,0.06640376895666122,-213.3480987548828,87.28105163574219,47.460445404052734,73.8286361694336,5.550547122955322,57.98969268798828,1.1400705575942993,38.876705169677734,-21.524280548095703,25.190956115722656,-23.57190704345703,16.022897720336914,-33.54631423950195,14.848068237304688,-14.496952056884766,15.256452560424805,-10.287300109863281,10.384001731872559,-6.5496907234191895,12.598169326782227,-14.411717414855957,6.780890941619873,-18.103975296020508,9.756467819213867,-3.786736488342285,8.235625267028809,0,real,file10364.wav_16k.wav_norm.wav_mono.wav_silence.wav
4.9476875,16000,0.1863375756048387,0.16835663107682242,2242.7478136451027,1519.5642158537414,1664.7668355353176,563.4632104785949,3915.6754032258063,2028.0749644294717,0.11857741326093674,0.0717693567276001,-207.2200164794922,86.70658874511719,67.09400177001953,69.7134780883789,8.190291404724121,55.56686019897461,6.635028839111328,38.42151641845703,-29.118642807006836,29.598529815673828,-25.638202667236328,19.924846649169922,-27.851722717285156,14.855347633361816,-18.04545021057129,14.148669242858887,-11.265667915344238,12.590994834899902,-19.72531509399414,11.957683563232422,-9.19870376586914,12.574668884277344,-9.174517631530762,11.364967346191406,-1.5419834852218628,8.674729347229004,0,real,file10365.wav_16k.wav_norm.wav_mono.wav_silence.wav
2.9863125,16000,0.1290568899601064,0.12006789372117706,1756.5974369804871,1089.7349210335328,1613.4608538445918,376.83843334106325,3239.9434840425533,1824.1386165783697,0.16626115143299103,0.09420289844274521,-137.59034729003906,81.56532287597656,83.41295623779297,73.89205932617188,3.6985039710998535,25.086095809936523,29.244321823120117,34.949825286865234,5.488353252410889,24.375511169433594,7.588919162750244,11.985331535339355,-1.8201954364776611,15.861710548400879,-1.1006580591201782,14.415460586547852,-20.576217651367188,12.173095703125,-3.593245506286621,14.955819129943848,-12.677077293395996,11.304511070251465,9.950474739074707,10.32922649383545,-14.368215560913086,10.157831192016602,0,real,file10367.wav_16k.wav_norm.wav_mono.wav_silence.wav
2.8444375,16000,0.07442174332865169,0.05707633116881141,1337.5524294953477,721.413581939944,1545.9720177340698,357.46292734268144,2569.6980337078653,1530.2868950454417,0.16628985106945038,0.07013063877820969,-174.12220764160156,87.05786895751953,109.05919647216797,43.64704895019531,7.3935418128967285,31.639156341552734,21.36454200744629,30.946964263916016,4.788663387298584,24.1727352142334,-10.511117935180664,22.120912551879883,-18.392717361450195,14.122940063476562,-5.094562530517578,11.6948823928833,-15.155059814453125,17.87544822692871,8.893656730651855,15.542208671569824,-15.723162651062012,10.32877254486084,5.950507164001465,12.10596752166748,-14.841909408569336,8.731471061706543,0,real,file10368.wav_16k.wav_norm.wav_mono.wav_silence.wav
3.403625,16000,0.1705607476635514,0.09474487095331519,2089.660790684579,652.0091590700172,1618.942349208175,193.95092072295486,3951.73773364486,867.4369701761236,0.09252920746803284,0.061087146401405334,-172.55633544921875,87.97366333007812,65.4493179321289,37.54447555541992,-30.329652786254883,21.479276657104492,33.8792610168457,28.4754695892334,-27.343795776367188,22.59829330444336,0.05537739768624306,20.589418411254883,-36.70323181152344,18.173974990844727,15.105510711669922,12.736231803894043,-15.461714744567871,14.70811653137207,5.1648969650268555,12.73260498046875,-13.39730453491211,10.543972969055176,5.303041934967041,12.124773025512695,-8.728590965270996,9.607206344604492,0,real,file1037.wav_16k.wav_norm.wav_mono.wav_silence.wav
3.69925,16000,0.12423390355603449,0.12133834330213639,1696.0083874367872,1063.9821296427024,1622.1187079065132,373.58369103825356,3249.1244612068967,1703.0872382023713,0.17929798364639282,0.08362452685832977,-136.38973999023438,67.25585174560547,89.0937728881836,56.675079345703125,8.217653274536133,28.214162826538086,27.64072036743164,27.483566284179688,7.372014045715332,20.537017822265625,3.4243688583374023,20.126338958740234,-31.260652542114258,15.508055686950684,-12.58169937133789,14.593646049499512,-14.391518592834473,15.912429809570312,9.594603538513184,14.857465744018555,-18.226041793823242,12.439497947692871,-0.706814169883728,11.280902862548828,-9.172431945800781,9.862910270690918,0,real,file10372.wav_16k.wav_norm.wav_mono.wav_silence.wav
4.4265,16000,0.13681359599820145,0.11018354812813629,1980.61964054368,1240.2170336815345,1658.754243039787,364.1459876555831,3591.3331834532373,1857.5169081738613,0.14486466348171234,0.06941601634025574,-134.2454376220703,67.32430267333984,73.14002990722656,74.97335815429688,10.429536819458008,26.93082618713379,44.99393081665039,28.076644897460938,5.041886329650879,19.167896270751953,5.174993515014648,15.845256805419922,-6.933813095092773,15.070443153381348,-7.277870178222656,12.812294006347656,-14.769420623779297,13.550657272338867,-1.114376425743103,14.84682846069336,-11.912283897399902,9.759114265441895,4.455728054046631,8.525279998779297,-11.597339630126953,9.67801284790039,0,real,file10373.wav_16k.wav_norm.wav_mono.wav_silence.wav
8.1441875,16000,0.11831916360294117,0.10395600774615978,1553.440565170339,919.6118664640851,1548.0490000997443,423.4334251429496,2907.598039215686,1601.5623063010357,0.12020434439182281,0.07252056896686554,-180.30535888671875,80.53334045410156,102.63813781738281,48.625736236572266,4.671210765838623,33.52876281738281,20.737455368041992,32.75455093383789,-3.0975992679595947,30.035938262939453,-6.992483615875244,19.965290069580078,-28.70224380493164,19.724641799926758,-9.51445484161377,12.908468246459961,-19.628650665283203,17.98907470703125,-6.633673191070557,13.33753490447998,-12.212865829467773,10.643231391906738,-5.898472785949707,8.873735427856445,-9.760188102722168,10.478827476501465,0,real,file10374.wav_16k.wav_norm.wav_mono.wav_silence.wav
3.714,16000,0.13745743189102563,0.1389350986040439,1763.5104689776183,1213.1654510013302,1568.3666703277183,428.13269022587355,3169.9385683760684,1859.8914146039408,0.15934738516807556,0.06813367456197739,-153.1916961669922,55.4832649230957,84.54853820800781,67.62417602539062,4.05450963973999,30.590124130249023,42.284706115722656,25.381746292114258,11.52607536315918,19.316762924194336,-10.936015129089355,24.30494499206543,-28.166706085205078,14.925985336303711,-14.364273071289062,15.022368431091309,-14.622122764587402,13.566878318786621,5.2069091796875,13.934804916381836,-19.279998779296875,10.218737602233887,8.8672513961792,9.406597137451172,-11.53325080871582,7.964359760284424,0,real,file10375.wav_16k.wav_norm.wav_mono.wav_silence.wav
1.044625,16000,0.08163174715909091,0.030067605836453782,1417.3740596480757,330.2688509222769,1401.4539010070328,161.2697490079829,2718.276515151515,868.2712298072313,0.17039918899536133,0.06197514757514,-124.97303771972656,68.48411560058594,106.17203521728516,30.94106101989746,-20.262184143066406,31.32219123840332,37.55609893798828,37.91645050048828,-37.195228576660156,15.524724006652832,-3.8541228771209717,16.682458877563477,-23.362686157226562,8.997889518737793,9.052117347717285,10.153303146362305,-11.405129432678223,10.909733772277832,-10.68627643585205,15.12362003326416,-1.759422779083252,7.907743453979492,-18.894805908203125,8.430488586425781,-6.408454895019531,6.016840934753418,0,real,file10376.wav_16k.wav_norm.wav_mono.wav_silence.wav
5.1805625,16000,0.21303530092592593,0.18995848958317432,2341.714935629889,1563.82392749329,1709.4291331255492,516.6382644993192,4072.0486111111113,2020.456133957319,0.12274151295423508,0.07484123855829239,-188.81655883789062,76.20662689208984,59.40564727783203,61.177696228027344,14.315876007080078,54.200889587402344,19.176790237426758,37.92634201049805,-35.25200653076172,25.892480850219727,-36.269676208496094,17.095726013183594,-18.98921012878418,15.097853660583496,-12.150114059448242,14.577509880065918,-15.80056095123291,12.493070602416992,-20.42467498779297,11.753156661987305,-2.8897194862365723,11.932564735412598,-15.18959903717041,9.660648345947266,1.0961287021636963,8.457085609436035,0,real,file10377.wav_16k.wav_norm.wav_mono.wav_silence.wav
3.99975,16000,0.00021875,0.0011644556802429193,185.1316956095163,169.86470427518654,618.6838009322206,216.99423999758258,261.8125,439.2694307739841,0.45216453075408936,0.01580856740474701,-344.1268310546875,86.53438568115234,131.13523864746094,35.82958984375,-6.015780925750732,21.478057861328125,17.30803680419922,18.963457107543945,21.307191848754883,14.186314582824707,15.256585121154785,10.974492073059082,6.162168979644775,8.376249313354492,11.583914756774902,7.703098773956299,18.590517044067383,7.849532604217529,12.496038436889648,11.033212661743164,8.288370132446289,8.53262710571289,-0.15646909177303314,14.606623649597168,2.937472105026245,9.041532516479492,0,real,file10379.wav_16k.wav_norm.wav_mono.wav_silence.wav
3.566625,16000,0.23514665876116073,0.219294227585213,2578.8990220694227,1765.9351530062747,1617.0090345011918,535.1236151409089,4079.171316964286,2139.8844296670745,0.14365315437316895,0.06808166950941086,-192.38436889648438,100.21868133544922,51.991424560546875,78.94405364990234,17.61220932006836,58.02262496948242,-1.639423131942749,34.715087890625,-34.465572357177734,30.003629684448242,-11.984575271606445,24.070106506347656,-28.58198356628418,18.36035919189453,-26.5506591796875,21.03636360168457,-8.240201950073242,13.717243194580078,-15.5414400100708,13.278712272644043,-12.629416465759277,12.153725624084473,-8.910017967224121,13.151026725769043,-2.2504138946533203,10.79493236541748,0,real,file1038.wav_16k.wav_norm.wav_mono.wav_silence.wav
2.9803125,16000,0.21920191988031915,0.17786099874103764,2572.1896660546076,1722.7917642387072,1739.3566285647387,542.1248091368187,4403.75664893617,2010.8643619109828,0.10558541119098663,0.07150673866271973,-212.538818359375,104.565185546875,54.09656524658203,61.89216995239258,17.813051223754883,57.92007064819336,15.246853828430176,38.79827880859375,-26.20399284362793,34.49406814575195,-34.884647369384766,21.574661254882812,-30.268983840942383,14.987231254577637,-6.738809108734131,12.114285469055176,-7.716989040374756,13.148757934570312,-20.265798568725586,11.88835620880127,-10.426177024841309,8.234055519104004,-11.048446655273438,10.011549949645996,-8.672481536865234,10.901580810546875,0,real,file10380.wav_16k.wav_norm.wav_mono.wav_silence.wav
2.1480625,16000,0.09435317095588236,0.16011283466989693,1367.2086659147085,1224.7843846670419,1271.3445387462264,478.0546549643507,2535.6158088235293,1728.764992892561,0.22517314553260803,0.09054826945066452,-182.03724670410156,72.05323028564453,103.22503662109375,47.762454986572266,-17.061050415039062,52.41571044921875,28.197689056396484,24.380144119262695,-12.826419830322266,19.579788208007812,-0.32131263613700867,15.75510025024414,-9.739871978759766,11.932352066040039,-2.159602403640747,11.76674747467041,-4.284640312194824,13.546982765197754,-8.24769115447998,9.390089988708496,-10.185784339904785,5.743006229400635,-2.5111002922058105,10.31888484954834,-12.936860084533691,7.533971309661865,0,real,file10381.wav_16k.wav_norm.wav_mono.wav_silence.wav
5.5361875,16000,0.10592335668103449,0.09014027077860351,1463.0032608850831,990.4049934321595,1440.450719966022,492.5457798468819,2682.605962643678,1808.418140926765,0.12389849871397018,0.07077896595001221,-190.1844482421875,74.17740631103516,115.92366027832031,61.323326110839844,9.243738174438477,32.13540267944336,23.66764259338379,27.561017990112305,-7.749060153961182,26.78044319152832,-11.335100173950195,21.939760208129883,-29.320480346679688,19.722522735595703,-17.362001419067383,18.07806396484375,-11.36080265045166,10.002665519714355,-1.8878427743911743,14.804326057434082,-19.498140335083008,11.307098388671875,3.0491483211517334,11.060748100280762,-18.731325149536133,10.756382942199707,0,real,file10383.wav_16k.wav_norm.wav_mono.wav_silence.wav
3.399625,16000,0.17580863025700935,0.12353397178262289,2214.4240968303407,834.8784496644731,1707.8563219812268,259.5430221792932,4226.416471962617,1040.6195959117042,0.07952900230884552,0.0495234914124012,-187.80068969726562,97.53579711914062,61.14339065551758,42.42927932739258,-19.814374923706055,32.03449249267578,35.65652084350586,25.28144645690918,-20.48452377319336,20.342994689941406,9.542069435119629,16.560096740722656,-31.317462921142578,18.67543601989746,13.92519474029541,13.465363502502441,-14.344035148620605,16.711313247680664,11.258875846862793,13.738889694213867,-14.935667991638184,10.547269821166992,13.475499153137207,12.162949562072754,-13.314821243286133,11.48287296295166,0,real,file10385.wav_16k.wav_norm.wav_mono.wav_silence.wav
4.0265,16000,0.0989777095734127,0.05734683159270244,1376.0884464689664,575.5376007687506,1357.690300832065,401.56958625228935,2818.8864087301586,1199.5982474645373,0.038760874420404434,0.04075198620557785,-318.690185546875,126.24288940429688,125.20002746582031,49.71628952026367,-14.65359878540039,31.82579231262207,25.509662628173828,23.64046859741211,-4.967059135437012,17.402788162231445,3.9601027965545654,11.568277359008789,-17.963212966918945,17.062204360961914,-7.914064884185791,11.764164924621582,-5.284579277038574,10.455364227294922,-0.5992516875267029,7.3987321853637695,-2.5052378177642822,9.224739074707031,6.413524150848389,8.940942764282227,-4.5912957191467285,10.551033020019531,0,real,file10387.wav_16k.wav_norm.wav_mono.wav_silence.wav
9.4553125,16000,0.19412148965371623,0.1898145672224409,2017.2266870950257,1605.689009215411,1460.7301147820142,515.7468725758756,3314.6906672297296,2101.1608536687195,0.11735546588897705,0.0734577625989914,-227.16236877441406,96.62486267089844,85.95320129394531,78.79369354248047,9.496408462524414,57.47047424316406,7.185519695281982,34.24788284301758,-25.933313369750977,24.18264389038086,-32.05427932739258,21.699817657470703,-11.11388874053955,18.296110153198242,-9.059972763061523,17.1313533782959,-20.179630279541016,13.364726066589355,-19.597309112548828,13.297684669494629,-3.672820568084717,10.133505821228027,-4.489762783050537,10.14938735961914,-1.4767303466796875,7.9125800132751465,0,real,file10388.wav_16k.wav_norm.wav_mono.wav_silence.wav
2.7979375,16000,0.1672696200284091,0.09314665984855425,2220.9193905736056,851.6844474021348,1618.5080945788584,351.0132537133903,4075.017755681818,1214.3809520755528,0.10150127112865448,0.06574811041355133,-212.85467529296875,161.10931396484375,67.77352905273438,45.38084411621094,-23.290189743041992,29.22130584716797,65.30596923828125,42.61301040649414,-39.27207565307617,27.000473022460938,8.865933418273926,16.969022750854492,-21.546403884887695,16.041664123535156,0.8842667937278748,11.81851863861084,-21.83757209777832,14.481663703918457,0.42298975586891174,11.244810104370117,-10.875221252441406,11.227250099182129,-6.4842071533203125,12.198835372924805,-4.09285306930542,6.752558708190918,0,real,file10389.wav_16k.wav_norm.wav_mono.wav_silence.wav
2.6114375,16000,0.11443645198170732,0.09088148751466413,1751.3580192476752,950.7571398711195,1551.4038305012416,334.099344709499,3378.525152439024,1497.6098607619492,0.1493106633424759,0.06886805593967438,-129.2285919189453,61.26396179199219,99.82682800292969,50.74580383300781,0.9353504776954651,29.73267364501953,38.891380310058594,23.646896362304688,-32.70598602294922,29.458608627319336,23.600955963134766,15.413880348205566,-20.623130798339844,14.379558563232422,11.485020637512207,15.396831512451172,-12.04796314239502,12.766802787780762,14.71967601776123,15.330052375793457,-7.516944885253906,10.442084312438965,10.485889434814453,9.973090171813965,-4.0740838050842285,8.515914916992188,0,real,file1039.wav_16k.wav_norm.wav_mono.wav_silence.wav
3.27075,16000,0.08380423240291263,0.09386244737480896,1309.320729089315,1109.597527930058,1439.3141314861264,497.53558441876186,2457.5242718446602,1924.1006868712777,0.10876147449016571,0.06192200630903244,-249.97268676757812,69.35899353027344,107.59777069091797,62.92982482910156,40.68632888793945,33.56993103027344,48.465736389160156,31.54508399963379,6.609898090362549,20.872844696044922,5.976716995239258,18.031850814819336,-2.0829460620880127,16.356719970703125,2.347561836242676,17.11196517944336,-7.454512119293213,12.024029731750488,4.60420036315918,11.174839973449707,-10.124025344848633,8.462106704711914,-0.06754764169454575,8.019948959350586,-7.879059314727783,9.255659103393555,0,real,file10390.wav_16k.wav_norm.wav_mono.wav_silence.wav
4.7495625,16000,0.015621722944630873,0.02291020932009684,1369.5513407771734,1051.5323107619342,1661.621977317351,369.1511443671328,2628.6703020134228,1827.15284129315,0.19425249099731445,0.0285468902438879,-203.28260803222656,107.4024429321289,52.13727951049805,52.67096710205078,0.5641161799430847,21.147701263427734,30.892433166503906,19.943729400634766,1.2848656177520752,18.691158294677734,13.307597160339355,15.8115873336792,-1.4556087255477905,13.182340621948242,2.2033252716064453,9.967818260192871,5.104353904724121,10.799928665161133,5.403598785400391,7.983896255493164,3.844205617904663,8.63500690460205,5.305924415588379,8.36757755279541,4.702179431915283,7.113736629486084,0,real,file10391.wav_16k.wav_norm.wav_mono.wav_silence.wav
2.324625,16000,0.08847923801369863,0.08486570191282335,1350.0707431684682,992.2192815312575,1493.307690409311,452.5986795524026,2478.9169520547944,1820.1789191846083,0.17064860463142395,0.05766674503684044,-155.7969207763672,58.86488342285156,121.00296783447266,59.79479217529297,30.871572494506836,37.30239486694336,22.775259017944336,26.81196403503418,-10.74782657623291,24.374645233154297,13.524419784545898,19.327363967895508,-0.23974211513996124,14.7106294631958,5.669129848480225,12.837974548339844,-13.125658988952637,10.748560905456543,9.524105072021484,11.572857856750488,-6.712976455688477,12.64632797241211,1.852087378501892,11.454501152038574,-8.15040397644043,10.142609596252441,0,real,file10393.wav_16k.wav_norm.wav_mono.wav_silence.wav
9.5875,16000,0.235771484375,0.22178356833480492,2508.657354340288,1806.0312842375279,1618.5934215439777,550.43832896816,4084.296875,2246.2601736351703,0.07517872005701065,0.04588337987661362,-241.75526428222656,92.08613586425781,61.97916030883789,75.94466400146484,5.993889808654785,51.55923843383789,3.0796704292297363,40.7066764831543,-22.48133087158203,32.957786560058594,-15.516196250915527,20.970792770385742,-26.79351806640625,17.841428756713867,-24.574499130249023,16.98432731628418,-3.7770235538482666,12.304525375366211,-13.969247817993164,12.641995429992676,-13.132131576538086,12.72813892364502,-5.428088188171387,13.081750869750977,-5.8536248207092285,9.53212833404541,0,real,file10394.wav_16k.wav_norm.wav_mono.wav_silence.wav
3.7706875,16000,0.10479839777542373,0.08875317896848053,1469.182478570106,948.8353774226556,1312.1042611581997,431.5716538970784,2629.303495762712,1555.6808285523862,0.1386171132326126,0.07780888676643372,-162.86605834960938,54.84553909301758,116.03086853027344,70.0421142578125,-8.87501335144043,31.046146392822266,41.08972930908203,31.72983169555664,-8.604399681091309,19.831838607788086,-2.107590436935425,19.25230598449707,6.896190643310547,13.99428939819336,-13.991384506225586,13.865129470825195,-5.715342998504639,11.928386688232422,-2.3900654315948486,11.41291618347168,-3.444345712661743,8.918554306030273,-1.201446771621704,8.049768447875977,-2.421050786972046,9.177908897399902,0,real,file10395.wav_16k.wav_norm.wav_mono.wav_silence.wav
2.8698125,16000,0.10692816840277777,0.059438735681850915,1435.1457121062017,580.9069451263674,1181.5327896744861,316.7539885264238,2616.9270833333335,912.1288084564294,0.10165021568536758,0.0505572184920311,-174.52952575683594,59.91993713378906,135.5840301513672,48.684425354003906,-54.25339126586914,35.40687561035156,47.127445220947266,27.913116455078125,-11.607887268066406,24.374311447143555,-7.100531578063965,23.904136657714844,0.8351486325263977,15.46375560760498,-17.7353572845459,13.311717987060547,-2.980966091156006,11.979122161865234,1.4894717931747437,13.461114883422852,-4.33775520324707,11.812759399414062,1.1107779741287231,9.754477500915527,2.2529473304748535,8.897695541381836,0,real,file10397.wav_16k.wav_norm.wav_mono.wav_silence.wav
1.4175,16000,0.15061848958333332,0.11230976362320343,1966.2425604968273,794.4406183919541,1598.2187768409271,262.5048505012208,3677.2569444444443,1257.8150041191238,0.14239422976970673,0.07483454793691635,-113.93783569335938,78.5980224609375,82.8729248046875,47.986637115478516,-32.80413055419922,30.1125545501709,15.904386520385742,27.37336540222168,-30.381301879882812,17.68228530883789,7.536017417907715,19.840238571166992,-28.928857803344727,15.389710426330566,25.6033992767334,12.254039764404297,-13.512003898620605,9.326467514038086,13.697961807250977,14.619172096252441,-16.588037490844727,10.263504028320312,14.667603492736816,10.058960914611816,-14.702698707580566,9.4329833984375,0,real,file10398.wav_16k.wav_norm.wav_mono.wav_silence.wav
9.0874375,16000,0.18447231238996478,0.1461487314008303,2188.917774205092,1342.423608214613,1652.6536213013967,518.6553915637796,3910.8714788732395,1907.3060128156135,0.08464940637350082,0.05148962140083313,-233.9262237548828,85.27872467041016,59.79008865356445,71.59737396240234,6.234935283660889,53.47893524169922,18.29950714111328,42.43827438354492,-21.827104568481445,25.882089614868164,-22.549840927124023,21.81307029724121,-36.11284255981445,16.95453643798828,-19.703935623168945,16.322845458984375,-6.185394763946533,13.930384635925293,-23.081727981567383,13.091079711914062,-10.924232482910156,10.541216850280762,-12.422369956970215,12.9417724609375,-5.188982963562012,10.114816665649414,0,real,file10399.wav_16k.wav_norm.wav_mono.wav_silence.wav
1.6895625,16000,0.07130748820754718,0.06988973857645986,1301.5105331957284,738.4072333756251,1307.4667705429163,347.56387477136235,2488.6497641509436,1249.594168751273,0.19534625113010406,0.09849890321493149,-140.85980224609375,65.6430892944336,120.05860900878906,49.4072265625,-22.24966812133789,36.240234375,48.233734130859375,29.615476608276367,3.4084224700927734,18.96200180053711,-7.3523359298706055,21.130434036254883,13.072683334350586,10.9071044921875,-10.216376304626465,14.0750732421875,1.5090570449829102,11.080987930297852,-4.291500568389893,10.429757118225098,-8.207196235656738,10.86288833618164,2.33791446685791,6.863772869110107,-8.26816463470459,8.878525733947754,0,real,file104.wav_16k.wav_norm.wav_mono.wav_silence.wav
2.895125,16000,0.06329412774725275,0.08309250513470004,1426.453714068358,968.8589845292777,1678.7042411237833,431.72397961951054,3123.6263736263736,1548.4549012805069,0.19500774145126343,0.05988838151097298,-166.80514526367188,81.74266815185547,94.48847198486328,56.16949462890625,9.55685043334961,30.438045501708984,35.655029296875,23.863969802856445,-4.20461368560791,14.165666580200195,23.47235870361328,20.401649475097656,-18.43630599975586,12.648224830627441,28.283056259155273,14.682302474975586,-8.768349647521973,8.57215404510498,28.668046951293945,7.9095892906188965,-10.17569637298584,9.656795501708984,19.90330696105957,5.02855920791626,-10.05452823638916,7.904877662658691,0,real,file10400.wav_16k.wav_norm.wav_mono.wav_silence.wav
2.3734375,16000,0.12385416666666667,0.111381066465963,1637.6826809052932,981.2648008989721,1581.332674961875,321.68983769839076,2994.5833333333335,1524.888450781364,0.1420714408159256,0.09852078557014465,-161.33969116210938,102.61019897460938,100.12537384033203,53.085914611816406,-3.932967185974121,25.451398849487305,24.373294830322266,29.766624450683594,4.114683628082275,21.185651779174805,-1.9553052186965942,23.515005111694336,-19.087461471557617,18.534725189208984,-0.6707309484481812,13.127386093139648,-13.491918563842773,16.40242576599121,15.841315269470215,14.562223434448242,-10.686835289001465,12.92947769165039,11.850693702697754,8.584577560424805,-12.977691650390625,11.09049129486084,0,real,file10401.wav_16k.wav_norm.wav_mono.wav_silence.wav
1.100625,16000,0.10676618303571428,0.06214585846667137,1712.416647745699,694.6344791933113,1719.1138786847366,390.63454724026997,3484.375,1439.2930878156571,0.13087673485279083,0.06329233199357986,-159.6566619873047,66.94297790527344,84.0230941772461,34.15834045410156,20.64082145690918,29.242801666259766,47.20535659790039,41.004947662353516,-26.23939323425293,18.864044189453125,-21.049789428710938,17.163599014282227,-21.594371795654297,11.64251708984375,3.503493070602417,13.798955917358398,-27.409448623657227,12.609445571899414,-0.37517356872558594,12.302633285522461,-7.873159408569336,7.571292877197266,-11.290647506713867,9.802224159240723,-0.6588327884674072,8.773005485534668,0,real,file10402.wav_16k.wav_norm.wav_mono.wav_silence.wav
2.4015,16000,0.061767578125,0.03991260071547655,1256.2116451760517,541.5982554379304,1511.2218501203013,416.71651377908927,2467.9276315789475,1303.5208765815237,0.24364659190177917,0.10265224426984787,-124.58074951171875,56.66648483276367,116.84423828125,39.16305923461914,2.348710060119629,27.670032501220703,26.98198890686035,30.89859962463379,5.3636908531188965,19.03050422668457,-15.951153755187988,25.15486717224121,-15.15899658203125,14.807924270629883,-9.872398376464844,13.620549201965332,-18.112064361572266,14.11779499053955,6.943782806396484,13.893816947937012,-18.940914154052734,10.48705005645752,12.505270004272461,12.114216804504395,-14.120138168334961,10.258099555969238,0,real,file10403.wav_16k.wav_norm.wav_mono.wav_silence.wav
4.6104375,16000,0.04601293103448276,0.04756059598918701,1018.8497013518537,688.7122618110036,1316.660896349089,415.4295773674735,2115.355603448276,1488.0871838110481,0.09475391358137131,0.06795037537813187,-258.9898681640625,110.51596069335938,97.77027893066406,54.70832824707031,9.531002044677734,34.70088195800781,42.93882751464844,30.35757827758789,6.481434345245361,24.49440574645996,15.705997467041016,19.778762817382812,-2.253178358078003,20.534610748291016,10.431950569152832,13.311790466308594,0.41767019033432007,12.03670597076416,10.297811508178711,10.360177040100098,0.3973229229450226,10.775470733642578,7.708016395568848,8.217415809631348,4.230235576629639,7.187992572784424,0,real,file10404.wav_16k.wav_norm.wav_mono.wav_silence.wav
4.8560625,16000,0.20066431949013158,0.16916792356185795,2180.7392773915644,1463.0751094725176,1605.8044863509772,568.4846814630279,3853.2072368421054,2050.9710970199253,0.08974914997816086,0.055853646248579025,-204.13340759277344,68.08790588378906,73.79443359375,64.78334045410156,-0.3735785186290741,58.039398193359375,0.5234840512275696,40.28843307495117,-37.60629653930664,31.454469680786133,-18.62914276123047,18.7718563079834,-28.971948623657227,14.830886840820312,-19.89900779724121,15.851048469543457,-6.989080905914307,11.605074882507324,-14.041337013244629,12.183990478515625,-17.238540649414062,9.301846504211426,-14.7793550491333,9.25184154510498,-3.7041730880737305,9.15873908996582,0,real,file10405.wav_16k.wav_norm.wav_mono.wav_silence.wav
3.839625,16000,0.0062825520833333336,0.012571374781260936,498.75766887586576,391.447236211337,998.328382719358,352.55742615950203,945.703125,1149.7104667297513,0.22466722130775452,0.03935007005929947,-280.29254150390625,103.51420593261719,124.59485626220703,42.532081604003906,8.551996231079102,19.374488830566406,42.12455368041992,21.713420867919922,-3.3393778800964355,20.32615852355957,9.025633811950684,14.87248706817627,4.222918510437012,13.438352584838867,1.2985374927520752,16.567378997802734,-0.05094807967543602,11.936305046081543,8.662692070007324,11.11703109741211,4.211538791656494,9.272483825683594,2.7918777465820312,8.500224113464355,5.094822883605957,6.9530839920043945,0,real,file10407.wav_16k.wav_norm.wav_mono.wav_silence.wav
2.167,16000,0.07633702895220588,0.09166426686363237,1372.1363769253371,1045.2082173436647,1312.412614919312,435.4926816632766,2495.059742647059,1648.5844566650392,0.2299305647611618,0.10375799983739853,-166.2941436767578,62.614173889160156,107.4012451171875,51.473819732666016,-17.142648696899414,44.12743377685547,20.12594985961914,32.53791427612305,-21.000591278076172,23.116247177124023,17.193496704101562,18.609228134155273,-8.484375,13.212849617004395,-7.25394344329834,12.230612754821777,-1.5235544443130493,13.489668846130371,-7.8340678215026855,10.904634475708008,-13.191943168640137,11.758915901184082,-4.104773044586182,8.034523010253906,-16.418228149414062,8.774112701416016,0,real,file10408.wav_16k.wav_norm.wav_mono.wav_silence.wav
1.359125,16000,0.10789880087209303,0.05079276658187587,1595.836235554424,698.0120947627815,1462.6421528268181,405.1065597571879,3109.1933139534885,1387.3850587351958,0.14814719557762146,0.05622239410877228,-139.24024963378906,54.91982650756836,104.22753143310547,52.29356384277344,-28.07361602783203,29.9670352935791,19.028966903686523,35.22649383544922,-37.33674621582031,23.67255401611328,-4.741735458374023,24.94294548034668,-36.90556716918945,15.398608207702637,-32.86991882324219,11.032164573669434,-0.9891222715377808,12.507125854492188,-11.945722579956055,11.620779037475586,-8.81470012664795,12.198187828063965,-14.333139419555664,11.280365943908691,4.475692272186279,10.214362144470215,0,real,file10410.wav_16k.wav_norm.wav_mono.wav_silence.wav
3.747125,16000,0.12075857388771187,0.09853213246946045,2452.500618344273,658.037639008855,2188.2553788708333,286.975804302355,5160.5534957627115,710.758933398622,0.06540005654096603,0.020411040633916855,-170.84730529785156,54.98158264160156,33.050079345703125,28.18206214904785,6.072185039520264,23.94314956665039,24.572734832763672,16.75898551940918,3.5526282787323,10.713561058044434,17.903371810913086,8.700203895568848,4.902973651885986,7.269717693328857,9.644847869873047,4.892409801483154,7.9001383781433105,6.504841327667236,10.07079792022705,6.304078578948975,5.754989147186279,4.813388347625732,9.789484977722168,5.298266410827637,7.242085933685303,4.409299850463867,0,real,file10411.wav_16k.wav_norm.wav_mono.wav_silence.wav
8.987125,16000,0.12092172208629894,0.0957918821309159,1516.8341915829471,882.4508969546064,1368.7063370135138,423.98754799686134,2767.432161921708,1490.6742600429068,0.1315802037715912,0.06895361840724945,-161.72364807128906,79.85855865478516,117.77894592285156,57.238990783691406,-17.84537696838379,37.39895248413086,22.801414489746094,30.48886489868164,-15.839831352233887,27.191680908203125,-6.128570079803467,21.367712020874023,-18.783449172973633,19.345333099365234,-20.36937713623047,19.605192184448242,-14.751520156860352,11.097668647766113,-1.409877896308899,15.144731521606445,-18.059322357177734,11.416077613830566,1.780279278755188,11.597504615783691,-14.94961166381836,11.267550468444824,0,real,file10412.wav_16k.wav_norm.wav_mono.wav_silence.wav
5.0693125,16000,0.21335740959119498,0.20027348175469642,2413.7428609514595,1583.167296769831,1842.8209300713252,476.32479506380406,4245.479559748428,2102.270527687849,0.09471147507429123,0.08208971470594406,-226.413818359375,103.56875610351562,54.150550842285156,62.96840286254883,34.786415100097656,34.49629211425781,26.52473258972168,30.918533325195312,13.216558456420898,22.12726593017578,-11.36660099029541,17.912229537963867,-23.62980079650879,19.108251571655273,-5.184689998626709,14.97087287902832,-20.883787155151367,16.48027992248535,-2.340109348297119,12.650558471679688,-16.660675048828125,10.142359733581543,-6.977376461029053,9.363365173339844,-5.44578742980957,7.421725749969482,0,real,file10413.wav_16k.wav_norm.wav_mono.wav_silence.wav
7.9025625,16000,0.20642633476720648,0.18849333654852646,2276.389804634031,1610.1141009844189,1582.9964851597676,551.6146884648099,3853.8714574898786,2096.292830797269,0.10610780864953995,0.060617558658123016,-193.76828002929688,67.26488494873047,70.66046142578125,72.09819793701172,0.12147635966539383,60.76972579956055,12.808392524719238,39.28612518310547,-24.190420150756836,26.245546340942383,-23.932857513427734,18.846628189086914,-24.903911590576172,15.928035736083984,-20.373750686645508,13.70768928527832,-6.543066501617432,11.370918273925781,-15.66313362121582,12.433981895446777,-12.847171783447266,12.092362403869629,-6.304860591888428,9.38956356048584,1.2197072505950928,9.473793983459473,0,real,file10414.wav_16k.wav_norm.wav_mono.wav_silence.wav
2.71225,16000,0.1722598805147059,0.14879509985790432,1952.8919134047208,1401.6853147718482,1530.2222246202725,450.37904605955447,3404.044117647059,2118.956863140783,0.11907444894313812,0.052818380296230316,-159.8966064453125,56.160194396972656,84.73751068115234,89.22620391845703,5.753574848175049,32.05107498168945,30.908594131469727,33.14152145385742,9.398398399353027,15.939305305480957,4.763298988342285,12.312292098999023,-14.972878456115723,16.280412673950195,-16.40348243713379,15.394351959228516,-9.670327186584473,12.111083984375,-0.2570161819458008,13.55264663696289,-13.628426551818848,10.994297981262207,0.5519636869430542,8.885749816894531,-8.2815523147583,9.282649993896484,0,real,file10415.wav_16k.wav_norm.wav_mono.wav_silence.wav
6.1410625,16000,0.044794718424479164,0.0685315006814992,963.1173191421011,881.0082443707419,1312.841898601665,383.0436704857454,1671.7529296875,1730.9098510338335,0.139149472117424,0.0749254897236824,-247.6568603515625,134.11326599121094,105.95618438720703,45.49509811401367,19.531702041625977,31.414356231689453,38.69126892089844,18.23073387145996,7.8584442138671875,19.50800895690918,9.760994911193848,13.346334457397461,-1.64260733127594,18.20221710205078,7.8360915184021,12.655924797058105,2.6798465251922607,9.095115661621094,5.254946231842041,7.426077365875244,2.4925482273101807,9.05823040008545,4.840392589569092,6.779633522033691,2.4946768283843994,8.052009582519531,0,real,file10416.wav_16k.wav_norm.wav_mono.wav_silence.wav
7.8388125,16000,0.19691286670918368,0.16954199618225874,2164.589420426324,1422.3272271188257,1712.4921168228302,542.1170817309431,3892.825255102041,2046.833227061656,0.11702809482812881,0.06981828808784485,-175.79408264160156,92.70169830322266,78.04532623291016,58.34086990356445,10.228321075439453,46.2412109375,22.45249366760254,34.055118560791016,-4.770116329193115,25.909889221191406,-7.090843200683594,17.05655288696289,-2.5671072006225586,14.659652709960938,-19.284183502197266,17.891447067260742,-12.932032585144043,15.723773956298828,-5.540130615234375,12.14162826538086,-12.371109962463379,10.270679473876953,2.672017812728882,8.045146942138672,-8.45615005493164,10.420679092407227,0,real,file10417.wav_16k.wav_norm.wav_mono.wav_silence.wav
4.5023125,16000,0.20275099734042554,0.20934279140128087,2400.548791023107,1665.3621926246162,1668.4105089736247,520.017185804858,4104.77615248227,2079.2561925291648,0.09775209426879883,0.07585308700799942,-249.7808074951172,131.19625854492188,57.05177688598633,77.7842788696289,11.913251876831055,45.58881378173828,16.39262580871582,34.72526168823242,-14.217094421386719,21.717267990112305,-22.112581253051758,18.410404205322266,-29.47539520263672,15.022257804870605,-19.56279182434082,13.910284996032715,-7.451677322387695,9.622757911682129,-14.492926597595215,9.62234878540039,-16.597105026245117,12.78887939453125,-4.376886367797852,10.037322998046875,-3.6307151317596436,8.43114948272705,0,real,file10419.wav_16k.wav_norm.wav_mono.wav_silence.wav
3.78475,16000,0.1471039587710084,0.12766701164031136,1932.1304432191387,1283.6005121875196,1620.5358192694055,401.63879523333,3533.4164915966385,1943.7608831884334,0.13416147232055664,0.060496725142002106,-145.65634155273438,65.20381164550781,84.58130645751953,80.7980728149414,12.126694679260254,30.708681106567383,35.503292083740234,31.102922439575195,5.446755886077881,21.74944305419922,6.838315010070801,15.434840202331543,-12.013670921325684,16.557214736938477,-18.790441513061523,15.903804779052734,-9.635583877563477,9.828254699707031,0.869065523147583,11.790563583374023,-11.425660133361816,13.899362564086914,1.366793155670166,8.628726959228516,-7.22308874130249,8.311549186706543,0,real,file1042.wav_16k.wav_norm.wav_mono.wav_silence.wav
3.9970625,16000,0.25653515625,0.2200730322560381,2610.30371994857,1954.781207606323,1588.4686917146776,604.9016228582552,4102.8125,2442.4971612701006,0.0924011692404747,0.05290399491786957,-238.44110107421875,66.75980377197266,63.867130279541016,86.93699645996094,18.00826644897461,54.36039352416992,6.67666482925415,41.06549072265625,-29.179765701293945,28.580841064453125,-37.31515121459961,15.315967559814453,-12.943243980407715,11.099898338317871,-6.553733825683594,13.077897071838379,-16.496238708496094,15.368215560913086,-18.231767654418945,10.215022087097168,-8.242569923400879,10.534279823303223,-13.425322532653809,9.159344673156738,-0.1312004029750824,7.561230659484863,0,real,file10421.wav_16k.wav_norm.wav_mono.wav_silence.wav
7.5434375,16000,0.23083289194915255,0.21371881305717425,2428.181746017509,1734.1030483643287,1600.7205014638475,497.3929742319431,4009.26906779661,2086.1680854826677,0.09330341964960098,0.06467562913894653,-243.0656280517578,118.72704315185547,61.4611930847168,78.26776885986328,1.4948301315307617,52.036102294921875,0.21539947390556335,29.501365661621094,-21.010494232177734,26.62960433959961,-22.19483184814453,20.4665584564209,-32.6067008972168,17.158082962036133,-17.677715301513672,16.63727569580078,8.997417449951172,11.534117698669434,-19.931901931762695,11.812768936157227,-15.610681533813477,10.149516105651855,-3.545186758041382,12.09965991973877,-10.514562606811523,8.639872550964355,0,real,file10422.wav_16k.wav_norm.wav_mono.wav_silence.wav
5.5078125,16000,0.16759054371387283,0.14539615186307778,2027.5467015858846,1207.9883621410363,1553.4413176741473,481.94739231366066,3570.1318641618495,1731.0403962979244,0.10527779161930084,0.06438454985618591,-201.83612060546875,104.65473175048828,71.18692779541016,60.28337860107422,-23.582006454467773,53.44868087768555,11.252685546875,37.15667724609375,-21.378366470336914,22.60478973388672,-19.26093292236328,16.79700469970703,-28.65793228149414,14.197358131408691,-37.34619903564453,15.942294120788574,-14.490925788879395,14.800747871398926,-10.83989143371582,12.238920211791992,-10.87228012084961,11.07679271697998,-18.398006439208984,11.198884010314941,3.274909734725952,9.77666187286377,0,real,file10423.wav_16k.wav_norm.wav_mono.wav_silence.wav
6.210375,16000,0.14106820913461537,0.0915650037749598,1767.2167764410945,787.8202532495534,1548.718741479115,467.3006640076229,3267.5080128205127,1560.5640723129466,0.131907120347023,0.08547879010438919,-169.81642150878906,96.8297119140625,88.57646179199219,40.1349983215332,-29.94091796875,38.61711502075195,10.950546264648438,27.708698272705078,-18.981815338134766,21.25574493408203,-11.856311798095703,16.23493194580078,-6.718603610992432,12.592205047607422,-7.865832328796387,12.55405330657959,-7.150524616241455,12.01341438293457,-5.355916976928711,7.386255741119385,-7.046246528625488,6.899292469024658,-5.82590389251709,8.185420989990234,-3.0330629348754883,7.642452716827393,0,real,file10424.wav_16k.wav_norm.wav_mono.wav_silence.wav
1.76425,16000,0.09848458426339286,0.09423832279739683,1523.8702084461224,823.0040027682203,1387.543575666166,317.1715829468672,2868.4430803571427,1286.3504485952162,0.14706037938594818,0.07764358818531036,-152.57644653320312,68.8041000366211,104.22318267822266,56.08283615112305,-23.34030532836914,29.96615982055664,51.15102767944336,27.030399322509766,-3.7325127124786377,19.053903579711914,-7.169281959533691,13.998883247375488,7.290646076202393,10.532997131347656,-15.810760498046875,19.159717559814453,-0.5351840257644653,10.139126777648926,1.7559289932250977,15.443886756896973,-8.136731147766113,8.543484687805176,2.1923205852508545,9.318221092224121,-7.777708530426025,10.433557510375977,0,real,file10425.wav_16k.wav_norm.wav_mono.wav_silence.wav
2.191625,16000,0.1288284080615942,0.12569660805883104,1961.1774315027928,1403.036161435226,1632.7171263869577,352.5098990837821,3484.488224637681,2026.0705515882369,0.17635545134544373,0.053137004375457764,-117.51886749267578,67.53121948242188,76.55516815185547,79.45787048339844,25.591394424438477,34.444854736328125,36.13943862915039,30.85214614868164,-0.4096284806728363,18.456289291381836,11.902257919311523,14.163915634155273,-11.294793128967285,17.124561309814453,-4.696047306060791,8.737622261047363,-12.704931259155273,13.61716079711914,-0.5283617377281189,14.413217544555664,-10.651161193847656,11.854455947875977,2.724453926086426,8.797014236450195,-14.124663352966309,7.408097743988037,0,real,file10428.wav_16k.wav_norm.wav_mono.wav_silence.wav
5.392375,16000,0.10116667437130178,0.10020079078529592,1592.051213494621,854.2591881181213,1388.690764698627,280.4303915922084,3164.2474112426034,1087.7423610342228,0.0872642919421196,0.047992266714572906,-204.7718963623047,89.306640625,104.63134765625,58.988365173339844,-19.097322463989258,39.005680084228516,69.15718841552734,27.681501388549805,-12.593871116638184,25.981218338012695,19.76474952697754,18.74260711669922,-3.072063446044922,15.188763618469238,-0.47177016735076904,17.537368774414062,-1.6414296627044678,10.56663703918457,11.382501602172852,13.18114948272705,-9.821954727172852,12.65998649597168,14.052812576293945,8.861061096191406,-5.057713031768799,10.028352737426758,0,real,file10429.wav_16k.wav_norm.wav_mono.wav_silence.wav
3.9234375,16000,0.1584571900406504,0.08818707128445631,1837.592810007044,791.8018666755304,1576.3480415187853,439.18925626369713,3301.956300813008,1544.943279266046,0.1278763860464096,0.07067498564720154,-141.031494140625,70.61688232421875,87.82131958007812,48.31239318847656,-23.61924171447754,29.872695922851562,1.0043513774871826,28.854839324951172,-16.545629501342773,18.8980655670166,-11.575043678283691,18.60643196105957,-8.416781425476074,11.513483047485352,-6.091575622558594,10.854496002197266,-9.41240406036377,12.02734661102295,-6.423878192901611,7.985058307647705,-6.447475910186768,7.697323322296143,-5.069115161895752,8.15339469909668,-7.499952793121338,9.508880615234375,0,real,file1043.wav_16k.wav_norm.wav_mono.wav_silence.wav
7.6240625,16000,0.02673493070083682,0.02849610811599688,1198.743694557573,481.84381608039854,1592.6402773156412,237.29965489013725,2815.2458158995814,881.0283868590012,0.14696209132671356,0.042038265615701675,-188.36949157714844,59.28135299682617,90.87836456298828,28.74386978149414,-14.409561157226562,13.241386413574219,41.79903793334961,15.79823112487793,-7.452724456787109,14.28511905670166,21.541730880737305,12.24274730682373,-14.227203369140625,10.13942813873291,22.722915649414062,7.8719072341918945,-13.865509986877441,12.422701835632324,15.109622955322266,6.3931474685668945,-7.299131393432617,7.875649929046631,13.518205642700195,6.342117786407471,-4.960583686828613,6.569279670715332,0,real,file10432.wav_16k.wav_norm.wav_mono.wav_silence.wav
3.2373125,16000,0.11106004901960784,0.09250458464536132,1297.4299931762876,772.4789900805561,1154.5514045166192,414.97400392598416,2430.1470588235293,1344.3883428114457,0.11697681993246078,0.06648717075586319,-212.1914520263672,52.052764892578125,127.75115203857422,45.11513137817383,-30.084331512451172,34.220985412597656,25.408361434936523,30.306180953979492,-28.768251419067383,20.70945167541504,-17.025358200073242,21.414222717285156,-41.78216552734375,15.45782470703125,-11.295710563659668,20.10234832763672,-12.95626449584961,13.798235893249512,-9.482479095458984,12.61302375793457,-6.67557954788208,9.67004680633545,-14.206388473510742,13.115767478942871,-5.633660793304443,9.833251953125,0,real,file10433.wav_16k.wav_norm.wav_mono.wav_silence.wav
2.0414375,16000,0.1355743408203125,0.0892483937387919,1920.1699626133932,888.1941440733356,1424.3946823470583,368.4181209331466,3407.5927734375,1256.7001482829382,0.08258476853370667,0.04961015656590462,-168.56768798828125,78.82284545898438,101.56714630126953,64.51205444335938,-37.19670867919922,40.52872085571289,50.101810455322266,39.99153518676758,-14.271354675292969,25.344524383544922,-0.02921009063720703,22.72956657409668,2.3835132122039795,15.315935134887695,-20.829315185546875,18.252004623413086,7.711031436920166,11.60539436340332,2.1992688179016113,18.963430404663086,0.735331118106842,9.387086868286133,8.44822883605957,7.969862937927246,-3.2578790187835693,12.342473983764648,0,real,file10434.wav_16k.wav_norm.wav_mono.wav_silence.wav
4.603375,16000,0.19041951497395834,0.1922103915477326,2206.915560529717,1548.9207155352442,1637.4661942475234,480.9651103479096,3892.8493923611113,1940.0046865213171,0.12811772525310516,0.07616530358791351,-201.61265563964844,99.06224822998047,66.52662658691406,68.77142333984375,13.428388595581055,48.997100830078125,17.423141479492188,39.30736541748047,-31.67224884033203,34.483097076416016,-26.360023498535156,20.607851028442383,-39.39071273803711,17.048076629638672,-29.57564926147461,16.59676742553711,-2.979264497756958,12.350504875183105,-15.34935188293457,13.966217041015625,-17.85923194885254,12.509673118591309,-14.881175994873047,11.114740371704102,3.4389333724975586,11.019035339355469,0,real,file10437.wav_16k.wav_norm.wav_mono.wav_silence.wav
3.965125,16000,0.12733902469758066,0.09167873499766854,1783.6246440063937,759.3526831898774,1389.7150006662125,260.8552934838852,3255.733366935484,1035.400918699542,0.0773673802614212,0.049956824630498886,-192.9215850830078,107.52640533447266,106.81167602539062,50.720333099365234,-35.97816467285156,32.061492919921875,53.430843353271484,21.920555114746094,-25.810306549072266,23.592065811157227,19.63465690612793,17.79637336730957,-22.9539794921875,18.117595672607422,5.2220458984375,14.059535026550293,-3.9203507900238037,11.500391006469727,-1.1485188007354736,11.261065483093262,2.6828598976135254,12.666573524475098,-4.761004447937012,14.486048698425293,-4.368823528289795,10.616867065429688,0,real,file10438.wav_16k.wav_norm.wav_mono.wav_silence.wav
0.997,16000,0.0541534423828125,0.020194562007085637,1052.4008249596109,310.8210134381713,1219.1288158760735,278.36217824228686,2321.044921875,798.336969306274,0.13459116220474243,0.05665704235434532,-162.60784912109375,64.53291320800781,145.98902893066406,30.672576904296875,-22.611331939697266,33.77889633178711,64.8709945678711,26.76367950439453,-28.325870513916016,20.821517944335938,15.689902305603027,19.41132926940918,-9.559808731079102,12.379286766052246,6.232475280761719,13.215635299682617,5.735701560974121,7.137761116027832,3.5921788215637207,10.2848539352417,-1.3390936851501465,9.274896621704102,2.656877040863037,9.382442474365234,-0.5753354430198669,7.335318088531494,0,real,file1044.wav_16k.wav_norm.wav_mono.wav_silence.wav
4.1829375,16000,0.22355826574427481,0.20287893154082928,2478.4565307815633,1632.8542007395042,1690.3510763694471,516.8371785283434,4215.708492366412,2072.098617522283,0.12321215867996216,0.05950581654906273,-181.30960083007812,79.19937133789062,55.859867095947266,72.6302719116211,9.53101921081543,58.86488342285156,14.632351875305176,37.28950500488281,-23.066104888916016,20.483430862426758,-28.686254501342773,21.746118545532227,-35.112159729003906,15.179220199584961,-16.686561584472656,14.739422798156738,-2.985841989517212,9.853776931762695,-16.94559669494629,11.378547668457031,-11.48757266998291,13.11900806427002,-13.460548400878906,10.06332778930664,0.4749639332294464,10.398835182189941,0,real,file10440.wav_16k.wav_norm.wav_mono.wav_silence.wav
2.9673125,16000,0.09754074260752688,0.12406975991969527,1518.0154427724715,1093.541102621976,1483.4053869168831,360.0127367779689,2778.0577956989246,1637.4365925720394,0.15327751636505127,0.07083599269390106,-142.27554321289062,66.19670104980469,106.9998550415039,72.2988052368164,9.276906967163086,31.209970474243164,24.38181495666504,34.114112854003906,-1.7332178354263306,23.939233779907227,6.855814456939697,15.459769248962402,-7.789036750793457,14.135875701904297,-3.5619709491729736,12.113726615905762,-9.744880676269531,12.273931503295898,-5.8507256507873535,14.376413345336914,-9.132061004638672,12.682404518127441,8.576949119567871,10.369429588317871,-17.02470588684082,10.721405982971191,0,real,file10441.wav_16k.wav_norm.wav_mono.wav_silence.wav
4.8678125,16000,0.07675589767156862,0.07006482171964117,1316.565712227317,832.425333068524,1202.9226071778025,340.39594504015105,2389.9101307189544,1294.7197914331662,0.08710698783397675,0.03897194564342499,-238.75901794433594,106.239501953125,133.97146606445312,74.56947326660156,-22.160158157348633,43.31672286987305,62.63239288330078,39.79393005371094,-38.091514587402344,34.06507110595703,19.217866897583008,28.013690948486328,-8.671990394592285,22.70697784423828,-1.7580032348632812,21.90741539001465,-4.463314056396484,17.639827728271484,8.30422306060791,17.00530433654785,2.728705883026123,14.551883697509766,-7.062727451324463,10.463085174560547,4.990128993988037,9.783268928527832,0,real,file10442.wav_16k.wav_norm.wav_mono.wav_silence.wav
1.9609375,16000,0.17752961189516128,0.18399443038085242,2114.048380786968,1517.3640970424258,1738.328522012491,672.1761466481554,3789.0625,2236.7779945718817,0.16216686367988586,0.06580881029367447,-161.2063446044922,62.50223922729492,82.54876708984375,50.046836853027344,0.6225406527519226,54.66293716430664,1.0706080198287964,39.19346618652344,-22.642515182495117,29.11151695251465,-26.217485427856445,20.56735610961914,-30.262588500976562,16.40630531311035,-37.505226135253906,12.196024894714355,2.865610122680664,14.04862117767334,-10.756277084350586,11.937902450561523,-21.42644691467285,12.002187728881836,-19.418472290039062,8.841329574584961,-1.8692821264266968,7.701087474822998,0,real,file10443.wav_16k.wav_norm.wav_mono.wav_silence.wav
4.9710625,16000,0.03337527544070513,0.023308082318231386,866.1872839037788,446.22658656767874,1119.7055618680479,357.55111714113434,1675.6810897435898,1090.335460822208,0.14382721483707428,0.08333031088113785,-236.20687866210938,93.1492919921875,127.82374572753906,46.558815002441406,0.8545454740524292,30.069677352905273,25.573345184326172,29.478790283203125,-17.25510597229004,32.2275276184082,13.7110595703125,12.062224388122559,-10.40197467803955,15.0118989944458,-16.72617530822754,22.901165008544922,-5.934844970703125,15.273429870605469,-3.667714834213257,14.731671333312988,0.6151646971702576,14.610854148864746,1.9298670291900635,10.306478500366211,-5.594869136810303,9.847177505493164,0,real,file10444.wav_16k.wav_norm.wav_mono.wav_silence.wav
8.7038125,16000,0.21205228917738972,0.19769065627146312,2370.5949473684113,1740.8671127203181,1651.9945061591027,611.3318414525636,3942.440257352941,2320.4868219123973,0.10288321226835251,0.06386591494083405,-231.2319793701172,91.15336608886719,68.3310775756836,75.4164047241211,24.14508056640625,57.97468185424805,3.5517141819000244,37.51396942138672,-28.494428634643555,31.729948043823242,-19.569963455200195,19.783159255981445,-20.438594818115234,17.21193504333496,-22.83728790283203,16.877792358398438,-10.705322265625,15.0534086227417,-16.562816619873047,12.380245208740234,-12.676522254943848,10.274352073669434,-10.503103256225586,10.322487831115723,-3.8089141845703125,9.726896286010742,0,real,file10445.wav_16k.wav_norm.wav_mono.wav_silence.wav
4.28,16000,0.15475236124067165,0.13997899299681343,1966.6930442564142,1203.862558297799,1647.0656217827022,423.0444458335405,3645.4057835820895,1681.4727448909878,0.10041892528533936,0.06260520219802856,-220.1201171875,105.00881958007812,75.19984436035156,53.88822555541992,-2.2431485652923584,44.467735290527344,9.640543937683105,35.62491226196289,-34.03123474121094,28.014150619506836,-4.11521053314209,21.807323455810547,-25.40924072265625,13.810375213623047,-28.399429321289062,15.7461519241333,-3.849580764770508,11.461344718933105,-15.595491409301758,11.668495178222656,-7.1877899169921875,11.46455192565918,-15.320756912231445,11.070257186889648,-2.468358278274536,9.897259712219238,0,real,file10446.wav_16k.wav_norm.wav_mono.wav_silence.wav
3.152875,16000,0.4054559264520202,0.23953369778270012,3266.0819795035413,1194.2350459831177,2491.78798341268,471.64747108452946,6096.117424242424,1865.3471190922794,0.07266706228256226,0.07616496831178665,-190.54432678222656,79.49671936035156,45.91493225097656,28.814891815185547,12.88162612915039,32.51546096801758,4.0234904289245605,15.876391410827637,1.505906343460083,11.790955543518066,-22.674680709838867,21.995553970336914,0.2977060377597809,15.232601165771484,-18.228761672973633,9.501618385314941,1.3823963403701782,10.163509368896484,-21.774681091308594,9.355202674865723,-9.395029067993164,8.152337074279785,-10.716376304626465,9.783805847167969,-9.198955535888672,7.091182708740234,0,real,file10447.wav_16k.wav_norm.wav_mono.wav_silence.wav
2.7096875,16000,0.17423598345588234,0.09087149957016329,2259.548009666547,759.9807628260677,1517.076004880814,301.9733554328626,3854.044117647059,882.7634614867032,0.06287001073360443,0.03808125853538513,-178.1648406982422,86.7119140625,59.08268737792969,59.09157180786133,-37.307037353515625,33.082515716552734,38.39402389526367,29.79534912109375,-24.995935440063477,29.578580856323242,12.240242004394531,16.724946975708008,5.339160442352295,13.023031234741211,5.190638065338135,16.288354873657227,3.625746726989746,12.646730422973633,1.175520896911621,10.673212051391602,4.209499359130859,10.384571075439453,8.968544960021973,10.565457344055176,-1.610837459564209,7.491007328033447,0,real,file10448.wav_16k.wav_norm.wav_mono.wav_silence.wav
4.2885625,16000,0.10432581018518519,0.08297310776597766,1743.9248431853998,822.3293989208337,1535.1342594501807,305.484084378509,3379.4560185185187,1221.2675582079214,0.08192474395036697,0.05173759534955025,-192.0734100341797,83.56778717041016,95.88101196289062,55.45487976074219,-12.566591262817383,28.136615753173828,49.447689056396484,29.25288200378418,-18.360107421875,26.38433074951172,29.275197982788086,19.470558166503906,-18.656476974487305,19.447948455810547,15.741552352905273,11.516839027404785,-8.893193244934082,9.858540534973145,18.14983367919922,11.242096900939941,-10.19802188873291,10.054529190063477,8.211814880371094,6.938436508178711,-3.2464404106140137,8.919089317321777,0,real,file10449.wav_16k.wav_norm.wav_mono.wav_silence.wav
8.9256875,16000,0.16204462085573476,0.1352245779318459,2021.559911489082,1206.192260951207,1676.5799336550915,471.35347434325274,3804.7155017921145,1781.0545291767592,0.11111738532781601,0.07363571226596832,-216.4627227783203,106.899169921875,71.479248046875,56.97877502441406,10.302249908447266,49.07973861694336,21.39122200012207,34.64748764038086,-34.15735626220703,28.06879425048828,-13.49608325958252,19.351917266845703,-25.164064407348633,17.034650802612305,-25.79353904724121,14.658596992492676,-5.686783313751221,15.139004707336426,-17.342388153076172,14.380207061767578,-5.558320999145508,12.48524284362793,-14.122984886169434,13.09953498840332,0.7947648167610168,9.92173957824707,0,real,file1045.wav_16k.wav_norm.wav_mono.wav_silence.wav
3.0454375,16000,0.1002349853515625,0.04097986649374412,1327.6772737319404,474.89155802565546,1240.9601586309004,435.98303272030364,2340.8203125,1183.311302803815,0.15288247168064117,0.07669943571090698,-161.84812927246094,48.54379653930664,125.40702056884766,42.15441131591797,-39.59107971191406,38.65000534057617,2.5754597187042236,31.170490264892578,-18.69489288330078,21.139881134033203,-22.612558364868164,13.871612548828125,-14.720301628112793,16.874515533447266,-12.482585906982422,8.759149551391602,-6.596841812133789,16.72493553161621,-5.939731597900391,13.20858383178711,-3.79814076423645,11.505123138427734,-9.6779203414917,9.997618675231934,-10.619224548339844,10.613897323608398,0,real,file10450.wav_16k.wav_norm.wav_mono.wav_silence.wav
1.4920625,16000,0.0961394614361702,0.11480641054031304,1519.854777174547,1225.4607894727844,1497.8920211378454,438.4973900031127,2710.6050531914893,1953.0298896036475,0.16474556922912598,0.09338618069887161,-188.68055725097656,78.85570526123047,93.57634735107422,67.1700668334961,35.4580192565918,29.913846969604492,48.77980041503906,34.13594055175781,-4.03593111038208,28.23298454284668,2.8754031658172607,15.354122161865234,-6.051429271697998,20.007762908935547,4.665343761444092,16.28947639465332,-6.220286846160889,9.989354133605957,7.223498821258545,11.239645957946777,-10.454044342041016,10.924182891845703,2.1946191787719727,5.675455570220947,-7.060612678527832,9.562847137451172,0,real,file10451.wav_16k.wav_norm.wav_mono.wav_silence.wav
4.0026875,16000,0.13418433779761904,0.12939816829149695,1631.091860142572,1026.7749171697544,1358.242623089561,319.17478482162045,2842.6959325396824,1465.3445252400086,0.06757450848817825,0.04189649969339371,-214.63992309570312,62.899234771728516,110.47941589355469,69.0865478515625,-8.42598819732666,33.23752212524414,43.971805572509766,38.595943450927734,-15.532358169555664,22.821752548217773,5.714181900024414,23.052024841308594,-26.471935272216797,14.637873649597168,13.794610977172852,11.046538352966309,-16.980981826782227,12.648707389831543,11.461058616638184,10.59619140625,-19.09160804748535,10.804733276367188,4.01884651184082,10.142521858215332,-2.879879951477051,10.748478889465332,0,real,file10452.wav_16k.wav_norm.wav_mono.wav_silence.wav
1.987125,16000,0.13874162946428573,0.12734632645346722,1736.2349290906322,1176.1880689849627,1398.6037334586745,362.6808230406809,3175.595238095238,1654.4028059476695,0.09772086888551712,0.07427001744508743,-181.8870391845703,52.48429489135742,103.0758056640625,68.19480895996094,4.518777370452881,33.160438537597656,48.545745849609375,22.50282859802246,-24.348012924194336,21.23362922668457,16.37865447998047,25.993932723999023,-3.6621854305267334,22.229442596435547,0.5839326977729797,21.179920196533203,-14.187676429748535,12.296758651733398,5.485522270202637,12.04415225982666,-10.731122970581055,10.958512306213379,10.650188446044922,11.46324634552002,-7.245091438293457,7.552271366119385,0,real,file10453.wav_16k.wav_norm.wav_mono.wav_silence.wav
9.083625,16000,0.1829954335387324,0.14341445972342448,2080.1627539504375,1239.0437907568335,1632.573173279989,464.86465781803616,3748.074383802817,1725.9866326771764,0.09209571033716202,0.0653265193104744,-221.03271484375,112.518798828125,67.01102447509766,57.257450103759766,-11.558449745178223,50.300724029541016,12.402398109436035,32.86041259765625,-28.20867919921875,23.058940887451172,-21.809459686279297,21.254886627197266,-28.15423011779785,16.20326805114746,-19.56674575805664,15.160506248474121,-10.762080192565918,11.886463165283203,-19.175989151000977,10.939509391784668,-12.697385787963867,10.72031307220459,-13.051875114440918,11.840474128723145,-0.5302329063415527,9.787592887878418,0,real,file10454.wav_16k.wav_norm.wav_mono.wav_silence.wav
3.0095625,16000,0.14520970394736843,0.1378577819493849,1846.707662353343,1256.520892475561,1628.844319838029,459.2843635995584,3350.9868421052633,1922.521835049304,0.10196506232023239,0.07520704716444016,-190.39332580566406,81.42550659179688,94.34561920166016,63.88486862182617,10.232032775878906,34.37837219238281,20.26453399658203,36.38751983642578,16.233928680419922,25.694765090942383,-6.281505584716797,19.938623428344727,-22.807727813720703,14.454727172851562,-9.637615203857422,15.800413131713867,-15.715506553649902,12.642950057983398,-1.601312518119812,10.907591819763184,-12.155618667602539,13.712520599365234,-5.867003917694092,7.935727119445801,-2.9695017337799072,10.882052421569824,0,real,file10455.wav_16k.wav_norm.wav_mono.wav_silence.wav
2.26225,16000,0.11553697183098592,0.08262436704236842,1685.5965998459046,841.2208576487429,1366.436385586197,265.92306556895545,2999.1197183098593,1109.9587686314715,0.15353940427303314,0.0927475318312645,-143.89907836914062,63.33525085449219,84.77288818359375,69.61041259765625,-26.204986572265625,26.767459869384766,66.20587921142578,30.11500358581543,6.076040744781494,18.598194122314453,-9.005444526672363,14.051824569702148,5.159299373626709,12.79935359954834,-3.6562280654907227,20.39520835876465,-3.2801544666290283,12.164372444152832,-1.4199652671813965,11.778230667114258,-6.319480895996094,10.398849487304688,2.4510927200317383,8.838321685791016,-8.353760719299316,9.646180152893066,0,real,file10456.wav_16k.wav_norm.wav_mono.wav_silence.wav
4.681125,16000,0.17272866177721088,0.12939288099221377,2370.471837679728,1091.2991751963975,1527.8058311353402,291.0472016854662,4074.0858843537417,1124.7410127347625,0.08672669529914856,0.04345417395234108,-177.6160125732422,71.09391021728516,71.4753646850586,64.47111511230469,-14.314970016479492,32.470855712890625,55.79844284057617,33.0443229675293,-36.18772506713867,25.564910888671875,34.09330368041992,17.936798095703125,-28.074007034301758,15.65377140045166,17.566267013549805,17.129056930541992,-11.930315017700195,13.033431053161621,3.67836332321167,17.133956909179688,-4.768640518188477,10.967058181762695,1.6639271974563599,11.027705192565918,-8.56751823425293,10.925227165222168,0,real,file10457.wav_16k.wav_norm.wav_mono.wav_silence.wav
7.6379375,16000,0.16315131406903766,0.14529310196588005,2033.603190426062,1166.854437038,1577.8281387010902,415.9994536157956,3564.0690376569037,1566.459936924348,0.11080537736415863,0.06702401489019394,-198.46356201171875,97.95573425292969,69.43598937988281,56.734371185302734,-13.296812057495117,51.3337287902832,15.317307472229004,40.90707015991211,-32.82939529418945,23.144010543823242,-19.188669204711914,16.88996124267578,-24.557703018188477,17.803564071655273,-31.12059211730957,18.04916000366211,-9.913067817687988,13.688530921936035,-9.05445671081543,12.396878242492676,-10.763467788696289,12.197866439819336,-18.054773330688477,13.178216934204102,4.324862003326416,10.149772644042969,0,real,file10458.wav_16k.wav_norm.wav_mono.wav_silence.wav
3.1470625,16000,0.09084497316919192,0.13173327944004884,1450.1738784731865,1069.878128029727,1566.6912904929463,322.3036488700125,2750.157828282828,1642.584275242505,0.17809349298477173,0.09036552906036377,-179.14768981933594,53.9113655090332,90.94120025634766,50.220306396484375,19.237197875976562,25.88608169555664,46.38447952270508,28.685632705688477,15.772477149963379,16.25560188293457,-10.428488731384277,20.962242126464844,-15.195210456848145,12.852438926696777,-7.581770896911621,11.956000328063965,-25.290252685546875,16.57459831237793,0.3538084626197815,9.595817565917969,-17.735227584838867,9.872353553771973,6.509951591491699,10.074459075927734,-10.65498161315918,9.569498062133789,0,real,file10459.wav_16k.wav_norm.wav_mono.wav_silence.wav
3.5420625,16000,0.10341444960585586,0.09763176946109786,1233.5427722197496,902.8896117944632,1209.111054054047,436.9993742577041,2372.9588963963965,1531.0987094431644,0.17437519133090973,0.10843957960605621,-216.2754669189453,86.41532135009766,110.22600555419922,59.0815544128418,-0.41823774576187134,38.53509521484375,57.65053176879883,34.43046188354492,-8.278375625610352,18.984468460083008,-4.300195693969727,17.652467727661133,-27.979291915893555,14.803196907043457,-18.938678741455078,19.126083374023438,-9.142160415649414,11.86784553527832,-9.359709739685059,13.702119827270508,-16.988264083862305,10.141568183898926,1.9709752798080444,8.620165824890137,-9.915416717529297,7.189089298248291,0,real,file1046.wav_16k.wav_norm.wav_mono.wav_silence.wav
5.966375,16000,0.15167530080213903,0.13927380182210353,1844.1842786092177,1211.4141718165945,1490.4838158449807,547.4386230655484,3284.634024064171,1877.9317399093543,0.08536499738693237,0.060686469078063965,-247.0969696044922,82.8844223022461,78.63929748535156,61.283382415771484,-3.501575231552124,50.73057556152344,5.1890130043029785,40.15778732299805,-38.98368835449219,26.689374923706055,-21.718002319335938,15.840890884399414,-32.70680618286133,16.573514938354492,-30.603506088256836,16.430187225341797,-12.709125518798828,12.807209014892578,-13.621394157409668,12.908245086669922,-15.701560974121094,11.09643840789795,-7.3921427726745605,10.233915328979492,-4.386667728424072,9.869888305664062,0,real,file10460.wav_16k.wav_norm.wav_mono.wav_silence.wav
2.9931875,16000,0.15655647440159576,0.17977523403769477,1755.9749614896202,1573.6305568247537,1466.7120850772849,572.167105000317,3055.851063829787,2361.8395317342015,0.22233261168003082,0.1073780208826065,-202.14015197753906,58.6512336730957,79.6591567993164,66.17042541503906,13.987707138061523,34.98488998413086,35.67436218261719,25.578411102294922,-10.382076263427734,23.533960342407227,4.599656581878662,14.503463745117188,-4.73240852355957,14.5979585647583,-7.513693809509277,18.112520217895508,-6.90123987197876,13.083938598632812,-7.542232513427734,12.277043342590332,-6.400773048400879,9.069530487060547,-4.396915435791016,10.98674488067627,-7.013239860534668,6.408407211303711,0,real,file10461.wav_16k.wav_norm.wav_mono.wav_silence.wav
5.1386875,16000,0.15186153435559005,0.14719378865327365,1752.966003106993,1356.9059722298452,1647.4133332578072,617.3104952642711,3259.8990683229813,2175.596139054965,0.16741511225700378,0.07919114828109741,-167.33935546875,66.86986541748047,98.01815032958984,62.35808563232422,19.959266662597656,36.96168518066406,18.10816192626953,32.94831848144531,19.448814392089844,16.822118759155273,0.7363955974578857,20.69149398803711,-22.19053840637207,13.793505668640137,-8.524101257324219,14.821892738342285,-13.636594772338867,12.431313514709473,-8.981636047363281,14.911297798156738,-6.578943252563477,10.12714672088623,-5.804142951965332,10.095844268798828,-11.376644134521484,10.964977264404297,0,real,file10462.wav_16k.wav_norm.wav_mono.wav_silence.wav
5.299875,16000,0.2172233857304217,0.19728978254828886,2217.502836513551,1660.7076706959474,1519.9711846834384,563.6006693704112,3668.9100150602408,2136.616153978365,0.11353999376296997,0.08161792159080505,-237.10321044921875,114.58988189697266,77.32451629638672,76.72738647460938,-0.037807971239089966,47.68212127685547,-0.798297107219696,36.233585357666016,-38.467586517333984,28.327577590942383,-27.87118148803711,18.589916229248047,-9.040945053100586,18.315006256103516,-23.012821197509766,15.114706039428711,-15.884380340576172,14.954061508178711,-20.41267967224121,12.375834465026855,-16.307466506958008,11.622398376464844,-4.568582057952881,10.843883514404297,-6.636584281921387,8.19539737701416,0,real,file10463.wav_16k.wav_norm.wav_mono.wav_silence.wav
2.5555625,16000,0.2695556640625,0.19684911739421834,2877.864626332986,1766.6320042103418,1755.2890721292745,556.86974115881,4646.38671875,2244.23045802779,0.11933164298534393,0.06632549315690994,-195.2503662109375,55.766971588134766,36.12894821166992,72.35391998291016,21.35857391357422,58.09237289428711,1.0190550088882446,33.41444778442383,-30.37918472290039,34.18266296386719,-17.505573272705078,20.68790626525879,-34.06134796142578,16.455116271972656,-22.823057174682617,15.326590538024902,-3.8810718059539795,13.339235305786133,-17.18697166442871,9.450023651123047,-15.008282661437988,10.762969970703125,-4.15032958984375,8.832710266113281,-0.09093799442052841,7.29812479019165,0,real,file10465.wav_16k.wav_norm.wav_mono.wav_silence.wav
2.24725,16000,0.19731376540492956,0.1640089505121153,2499.096486103464,1575.6084898720385,1709.8909896268633,451.22636898393074,4239.986795774648,1836.0956082179134,0.08759148418903351,0.051606081426143646,-225.11740112304688,78.57656860351562,48.24724197387695,62.27096176147461,30.171531677246094,62.24376678466797,29.00124168395996,38.367923736572266,-34.20437240600586,26.640262603759766,-13.832310676574707,19.50872802734375,-28.628210067749023,13.247580528259277,-24.338804244995117,15.37352466583252,-12.48951244354248,15.511582374572754,-18.047475814819336,14.72842025756836,-9.965949058532715,8.99101448059082,-14.508020401000977,11.544428825378418,-1.1631157398223877,9.917231559753418,0,real,file10466.wav_16k.wav_norm.wav_mono.wav_silence.wav
1.4676875,16000,0.12403405230978261,0.10427477880397375,1681.0293673214169,1097.1142816290467,1456.623011362328,451.55617137683043,2960.258152173913,1781.4830085779713,0.11072520911693573,0.07792814821004868,-210.4269561767578,99.47566986083984,114.09175109863281,63.414188385009766,6.183818817138672,29.50372886657715,3.99515438079834,30.284460067749023,-17.65437889099121,24.91570472717285,25.321338653564453,23.324867248535156,-13.467761039733887,19.75821304321289,5.211638927459717,12.091943740844727,-23.537189483642578,16.315622329711914,9.4846773147583,11.487049102783203,-10.298040390014648,12.222357749938965,12.994141578674316,9.47018814086914,-5.725013256072998,15.342989921569824,0,real,file10467.wav_16k.wav_norm.wav_mono.wav_silence.wav
9.9485,16000,0.040590145196945336,0.02179518583915332,1044.7409633667337,319.012790021335,1583.7695238669091,265.042560685876,2226.386655948553,836.6966234786331,0.07729264348745346,0.07322116941213608,-237.10726928710938,52.43747329711914,116.0063705444336,20.555849075317383,15.389796257019043,12.740884780883789,28.66411590576172,18.611572265625,23.93299102783203,8.776847839355469,16.918804168701172,12.04741382598877,6.162174224853516,7.956679821014404,7.935685157775879,9.343714714050293,2.343693971633911,9.901601791381836,3.617678642272949,7.418405055999756,0.5333204865455627,7.289495944976807,0.23856934905052185,9.301136016845703,4.458561420440674,4.982091903686523,0,real,file10468.wav_16k.wav_norm.wav_mono.wav_silence.wav
9.1215,16000,0.147059727381993,0.13119048607599643,2047.3181311846206,1130.8184452520084,1796.4919044090004,401.12676510148276,3884.7246503496503,1665.914425724918,0.11889741569757462,0.07768712192773819,-176.4909210205078,135.67648315429688,67.49320983886719,55.74722671508789,18.00783920288086,36.74505615234375,42.451080322265625,31.172672271728516,9.604459762573242,23.276723861694336,-7.480528354644775,17.312074661254883,-19.585233688354492,15.708649635314941,5.670388698577881,12.665914535522461,-3.942122459411621,12.96316146850586,-1.430774450302124,13.742166519165039,0.03787223622202873,9.874031066894531,-0.5444781184196472,9.38739013671875,-1.8692818880081177,9.417492866516113,0,real,file1047.wav_16k.wav_norm.wav_mono.wav_silence.wav
2.5908125,16000,0.19078534915123457,0.09811194113599767,2325.8951178055695,851.039923960434,1695.078082456841,362.3117654506047,4057.195216049383,1252.7890297052102,0.05520041659474373,0.04240701347589493,-161.26223754882812,43.497371673583984,59.51158142089844,32.45133972167969,-26.08135223388672,36.36676788330078,34.96555709838867,26.246562957763672,-2.629816770553589,13.815367698669434,-6.093149185180664,14.323739051818848,-6.306526184082031,9.169960975646973,-7.68324089050293,11.756099700927734,-2.3775618076324463,8.84713363647461,-0.7340649366378784,9.136980056762695,-5.441575527191162,6.874101638793945,1.5851596593856812,5.899575233459473,-1.8541353940963745,6.024543762207031,0,real,file10471.wav_16k.wav_norm.wav_mono.wav_silence.wav
2.0569375,16000,0.08287259615384615,0.07639270237831738,1459.909010475191,925.2533300027179,1600.9439732454882,397.58258300911194,2860.8173076923076,1618.3630948114082,0.10820156335830688,0.05969249829649925,-194.1161651611328,68.92903900146484,103.3088150024414,49.099605560302734,26.15972900390625,34.57648468017578,45.061946868896484,27.523706436157227,-0.21403154730796814,19.96257781982422,4.192252159118652,17.84988784790039,-10.349451065063477,15.417110443115234,5.028822898864746,15.285377502441406,-6.952368259429932,13.024811744689941,1.691819190979004,11.291851043701172,-6.919973373413086,10.370834350585938,3.1434457302093506,8.767007827758789,-13.13443374633789,9.072070121765137,0,real,file10472.wav_16k.wav_norm.wav_mono.wav_silence.wav
2.3680625,16000,0.06501302083333334,0.09291240596838618,1050.5182917377158,899.3267047118479,1379.2277716981791,513.8340992664574,1975.2083333333333,1782.0878755495073,0.19755731523036957,0.0818585753440857,-187.9554443359375,63.22394561767578,130.56858825683594,53.93392562866211,42.27976989746094,28.3663272857666,29.7690486907959,30.42776870727539,-0.784864068031311,27.236055374145508,7.664223670959473,16.825021743774414,1.0559923648834229,14.948539733886719,-2.7566170692443848,14.96436595916748,-10.65725326538086,11.023805618286133,6.640573501586914,10.437628746032715,-8.280316352844238,10.601261138916016,1.427345871925354,8.681577682495117,-6.7534284591674805,7.739256381988525,0,real,file10473.wav_16k.wav_norm.wav_mono.wav_silence.wav
7.783625,16000,0.15572369684938525,0.13534727627099485,1923.5138270757848,1163.6532055399261,1595.3241134981527,519.3249236716027,3468.5258709016393,1783.1676027042154,0.10576022416353226,0.06610393524169922,-222.69210815429688,113.71986389160156,74.93580627441406,57.16122817993164,-10.571955680847168,42.370262145996094,6.328991413116455,36.08339309692383,-29.29608917236328,25.10378646850586,-20.83017349243164,20.69600486755371,-26.536108016967773,16.31648063659668,-30.17975616455078,17.314817428588867,-1.7049936056137085,13.820277214050293,-15.563687324523926,13.319914817810059,-17.48579978942871,12.485088348388672,-13.84199333190918,10.423599243164062,-0.8913715481758118,9.286940574645996,0,real,file10474.wav_16k.wav_norm.wav_mono.wav_silence.wav
3.6159375,16000,0.06076292865044248,0.09369065509130083,1766.702171445306,857.7365475816098,2045.496496819317,330.5279046548362,3948.700221238938,1487.0292684731724,0.09658827632665634,0.07003717124462128,-205.82362365722656,110.33744049072266,77.82279968261719,35.02794647216797,18.430089950561523,22.92055892944336,6.785020351409912,30.704036712646484,8.086372375488281,14.365852355957031,1.4242061376571655,15.22299861907959,2.748812675476074,13.258891105651855,5.073718070983887,11.3295316696167,-5.473165035247803,13.21387004852295,2.346176862716675,10.552136421203613,-9.948393821716309,13.506972312927246,6.144974708557129,9.023651123046875,-4.494451999664307,10.46096134185791,0,real,file10475.wav_16k.wav_norm.wav_mono.wav_silence.wav
3.3960625,16000,0.23733663113317757,0.16188201263388288,2425.1422868998893,1297.2109454325719,1880.1285692140864,444.0271674974474,4441.0046728971965,1894.8304660154154,0.1273985207080841,0.054453592747449875,-107.34404754638672,65.28081512451172,62.7083625793457,61.570899963378906,7.445516586303711,34.28513717651367,16.560258865356445,18.47148323059082,-0.6052850484848022,19.747028350830078,-0.282605916261673,14.379549980163574,-6.83974552154541,12.558542251586914,-5.481479644775391,13.733716011047363,-7.057221412658691,11.419694900512695,-5.259718894958496,9.638233184814453,-8.396233558654785,9.874887466430664,-5.385102272033691,7.0658369064331055,-6.915101051330566,8.932819366455078,0,real,file10476.wav_16k.wav_norm.wav_mono.wav_silence.wav
3.0314375,16000,0.1384508634868421,0.12824390399983043,1464.871757904148,1023.5136055440793,1323.6649610909753,513.5553322746059,2657.0723684210525,1733.7390198660905,0.18971244990825653,0.10195273160934448,-156.85214233398438,71.78536987304688,122.4886703491211,55.32461929321289,-19.789379119873047,33.464508056640625,20.097370147705078,24.126142501831055,-16.198665618896484,14.700451850891113,-12.773852348327637,17.74480438232422,-27.860734939575195,11.058104515075684,-3.513362169265747,16.975980758666992,-22.943275451660156,14.169772148132324,6.64179801940918,11.44416618347168,-30.5374813079834,11.486001014709473,-2.271786689758301,9.532177925109863,-17.16158676147461,9.62874984741211,0,real,file10477.wav_16k.wav_norm.wav_mono.wav_silence.wav
2.4418125,16000,0.0765143060064935,0.04380092063365803,1385.6391490224246,569.9134561092557,1377.0907069252203,360.483596831311,2732.244318181818,1009.503778483521,0.10781549662351608,0.060615845024585724,-174.03860473632812,62.39002227783203,114.75838470458984,47.648521423339844,-20.033477783203125,33.14170837402344,55.144874572753906,28.769420623779297,-4.8866095542907715,20.32500457763672,-12.652080535888672,16.971872329711914,3.768216609954834,14.600513458251953,-9.56936264038086,12.947925567626953,-1.1863011121749878,10.171357154846191,-1.9320147037506104,12.560230255126953,-6.2206196784973145,7.883778095245361,-0.594720721244812,8.841212272644043,-3.7645339965820312,9.536542892456055,0,real,file10478.wav_16k.wav_norm.wav_mono.wav_silence.wav
3.6438125,16000,0.1884594298245614,0.1675170393957919,2113.5928462399324,1441.5491560576238,1572.3635233608388,425.8853129038354,3576.0690789473683,2152.352407146891,0.15954476594924927,0.06051599234342575,-112.7265396118164,51.19742202758789,77.29535675048828,88.6220932006836,8.8342924118042,30.764036178588867,29.624122619628906,22.919973373413086,-2.520719528198242,23.980623245239258,7.138878345489502,14.766081809997559,-9.338635444641113,12.904152870178223,-6.891767501831055,11.695088386535645,-12.106377601623535,12.056096076965332,4.31671667098999,13.491079330444336,-9.405608177185059,7.680061340332031,2.929903745651245,9.86454963684082,-9.442974090576172,9.704534530639648,0,real,file10479.wav_16k.wav_norm.wav_mono.wav_silence.wav
3.10825,16000,0.1585369499362245,0.09524393169494125,2277.232883724468,781.5984130599188,1758.5947975870147,309.16393958906383,4115.114795918367,1194.7827702640045,0.04349364712834358,0.03393620625138283,-229.3301544189453,103.53778076171875,56.924346923828125,47.1617546081543,-7.619617462158203,27.354963302612305,40.69780731201172,32.410423278808594,-2.240135431289673,15.031476974487305,-0.7047813534736633,19.616256713867188,-18.016775131225586,15.5496244430542,14.985408782958984,10.087111473083496,-9.12548828125,13.154881477355957,-3.8392791748046875,12.699786186218262,-11.316071510314941,11.373138427734375,2.0162572860717773,10.06052017211914,-7.128596305847168,10.163519859313965,0,real,file1048.wav_16k.wav_norm.wav_mono.wav_silence.wav
3.4318125,16000,0.1087375217013889,0.11573653275293103,1704.4149491039327,1279.4896439568356,1629.3117517775886,512.5848863049613,3140.046296296296,2069.5239216253503,0.10260674357414246,0.07582420855760574,-261.11614990234375,139.07716369628906,91.16339111328125,70.91374969482422,37.78107833862305,34.01321792602539,24.454904556274414,23.383115768432617,-4.581514358520508,26.479150772094727,17.20457649230957,16.439773559570312,-3.693967580795288,15.176039695739746,2.7409207820892334,13.733458518981934,-5.466002941131592,12.974191665649414,9.90099048614502,9.060027122497559,-4.3243279457092285,9.83029556274414,1.9174003601074219,7.166181564331055,-5.608669281005859,8.43663215637207,0,real,file10481.wav_16k.wav_norm.wav_mono.wav_silence.wav
2.4191875,16000,0.05867727179276316,0.022739440187833342,1253.436432921391,520.3845974175182,1266.5105294962545,381.2997037401055,2397.8207236842104,970.0181732362144,0.16495195031166077,0.08067379146814346,-151.4713134765625,77.00077056884766,128.23414611816406,48.993446350097656,-32.45555877685547,35.004024505615234,44.10212326049805,22.78223991394043,6.374471187591553,16.069721221923828,-9.097071647644043,20.239030838012695,8.225024223327637,10.970071792602539,-9.223716735839844,14.093408584594727,0.4575677812099457,14.340493202209473,0.2630918025970459,12.662762641906738,-7.584369659423828,9.49945068359375,0.5600805282592773,9.212538719177246,-6.615710258483887,10.124547958374023,0,real,file10482.wav_16k.wav_norm.wav_mono.wav_silence.wav
4.6243125,16000,0.17432650862068966,0.18706840273792014,2167.810161224244,1594.2945908923905,1542.1582104706972,508.2472629372183,3745.581896551724,2008.994837080424,0.11673115938901901,0.05976242944598198,-202.0562286376953,87.99628448486328,74.76795196533203,67.39175415039062,-6.5435404777526855,53.801998138427734,7.347243785858154,37.907413482666016,-25.257238388061523,23.93058204650879,-12.03602123260498,16.49478530883789,-32.17085266113281,16.495162963867188,-23.987070083618164,14.926233291625977,-0.11962837725877762,13.832159042358398,-10.597676277160645,13.575185775756836,-14.259750366210938,10.199604034423828,-16.167329788208008,11.03615665435791,5.564073085784912,10.252110481262207,0,real,file10485.wav_16k.wav_norm.wav_mono.wav_silence.wav
5.6781875,16000,0.11070268609550561,0.07883781357895782,1647.2261608260703,903.8488017288076,1486.1680485823492,453.23125559071354,3079.5294943820227,1466.0962280320773,0.1319912075996399,0.046280257403850555,-135.0963897705078,70.15509796142578,107.92670440673828,58.25957107543945,-14.921463966369629,38.44716262817383,40.692108154296875,32.48089599609375,1.4493579864501953,21.43523406982422,-7.8285298347473145,22.292720794677734,4.636445999145508,17.560277938842773,-9.992400169372559,16.97050666809082,-9.749655723571777,15.212571144104004,1.635322093963623,12.215787887573242,-4.342781066894531,11.84917163848877,-1.1657001972198486,10.083970069885254,-1.8241639137268066,7.763138294219971,0,real,file10486.wav_16k.wav_norm.wav_mono.wav_silence.wav
2.32375,16000,0.1786774935787671,0.17985045302712582,2227.8569800466016,1648.6214973886424,1523.3931203719865,364.76351516205625,3652.5042808219177,2235.367193065793,0.11780357360839844,0.05081634223461151,-187.95108032226562,93.74052429199219,60.0515251159668,114.50521850585938,19.859054565429688,25.1755313873291,26.931835174560547,35.12998580932617,-8.59131908416748,24.77069091796875,14.411088943481445,11.78248119354248,-2.9234912395477295,12.611268043518066,-10.837786674499512,9.630187034606934,-4.153187274932861,14.358656883239746,6.903481483459473,15.175400733947754,-5.887235641479492,11.933960914611816,9.978277206420898,11.908924102783203,-6.130539894104004,10.921512603759766,0,real,file10487.wav_16k.wav_norm.wav_mono.wav_silence.wav
2.6025625,16000,0.1363376524390244,0.15793411046985797,1625.4023230416826,1468.9802781417636,1459.667567079573,528.1528670783796,2766.9588414634145,2240.648906461987,0.13566109538078308,0.0710432380437851,-206.83920288085938,43.780670166015625,102.03239440917969,61.94845962524414,16.916561126708984,26.874195098876953,16.07890510559082,41.39920425415039,-7.4434709548950195,22.629196166992188,-25.3951416015625,17.722759246826172,-15.528227806091309,10.702686309814453,-12.640325546264648,11.001209259033203,-20.909942626953125,11.404940605163574,-11.874675750732422,12.83516788482666,-10.79056167602539,8.919106483459473,-15.632889747619629,9.874592781066895,-16.955413818359375,8.079288482666016,0,real,file10488.wav_16k.wav_norm.wav_mono.wav_silence.wav
5.3779375,16000,0.12042922522189349,0.1103933781040048,1674.4884596384384,1143.9887401017704,1448.8042887868655,510.19102061003196,3098.650147928994,1681.7486960593915,0.14740757644176483,0.06880234181880951,-175.12164306640625,74.47331237792969,102.83763885498047,56.429264068603516,-11.212285995483398,59.20624542236328,18.05082893371582,35.50905990600586,-34.668094635009766,24.717313766479492,-24.450931549072266,20.18926429748535,-15.152517318725586,15.157306671142578,-25.216800689697266,15.129063606262207,-11.747488021850586,13.341903686523438,-11.568496704101562,14.438558578491211,-14.12677001953125,12.46395206451416,-15.26087474822998,11.342155456542969,-1.1269258260726929,12.096709251403809,0,real,file10489.wav_16k.wav_norm.wav_mono.wav_silence.wav
3.8321875,16000,0.17923583984375,0.11955217103566308,2353.6100592055695,872.8222750421504,1792.1936080290186,402.18853190993144,4345.703125,1381.5603330500705,0.11728787422180176,0.08218563348054886,-176.1063690185547,90.36082458496094,46.69092559814453,37.732818603515625,-17.446104049682617,45.265804290771484,16.764799118041992,26.59101676940918,-26.459842681884766,24.36632537841797,-8.297365188598633,14.465841293334961,-23.370656967163086,14.206134796142578,-9.26726245880127,15.043622016906738,-11.779237747192383,14.936505317687988,-8.60118293762207,8.83507251739502,-9.422381401062012,11.195284843444824,-5.940606117248535,15.37806224822998,-2.25605845451355,11.664992332458496,0,real,file1049.wav_16k.wav_norm.wav_mono.wav_silence.wav
3.077625,16000,0.14560345521907217,0.1785799362446994,1749.6619095689105,1514.1165115826436,1488.7893773550202,544.5411111121933,3123.3086340206187,2116.3530135659107,0.18613746762275696,0.08142989128828049,-190.8220672607422,61.49197769165039,88.66170501708984,59.251708984375,5.197518825531006,43.383785247802734,26.693143844604492,25.73097801208496,-15.939291954040527,25.92534065246582,0.45924994349479675,16.810598373413086,-7.0377302169799805,12.66283130645752,-2.686157464981079,14.128639221191406,-5.029548168182373,8.305360794067383,-4.918614387512207,10.472661018371582,-7.9265899658203125,9.583507537841797,2.212064504623413,8.844283103942871,-9.80158805847168,6.747092247009277,0,real,file10490.wav_16k.wav_norm.wav_mono.wav_silence.wav
1.996625,16000,0.1047944568452381,0.11426491453479709,1530.892163117762,1172.4620954895304,1524.8248291694315,495.58124492054054,2769.345238095238,1973.9003483711492,0.13004998862743378,0.07666465640068054,-196.01296997070312,57.635196685791016,103.56961822509766,69.70091247558594,35.15644073486328,30.450895309448242,36.7952766418457,27.526323318481445,-4.950001239776611,20.15341567993164,13.644118309020996,17.564115524291992,-2.5353922843933105,16.474197387695312,6.38400936126709,14.945151329040527,-10.028342247009277,11.777235984802246,8.540081024169922,10.915719032287598,-4.144707202911377,8.472896575927734,4.602556228637695,6.5415449142456055,-6.045981407165527,8.218488693237305,0,real,file10491.wav_16k.wav_norm.wav_mono.wav_silence.wav
3.6665,16000,0.12740743885869565,0.09080457660423749,1696.7513028988221,765.1914293156374,1580.9095049376228,432.92725704985577,3247.8940217391305,1393.8193502968074,0.126141756772995,0.0859096497297287,-166.6925506591797,135.43270874023438,98.71361541748047,43.267738342285156,-15.336636543273926,31.394208908081055,21.565763473510742,23.106937408447266,-1.2081835269927979,13.248613357543945,-12.952438354492188,17.684282302856445,-18.640594482421875,13.829668998718262,-1.0551561117172241,8.919090270996094,-7.507865905761719,9.540749549865723,-2.10688853263855,7.7240400314331055,-3.038161039352417,9.616781234741211,-1.6854826211929321,9.606252670288086,-1.758243203163147,8.236516952514648,0,real,file10492.wav_16k.wav_norm.wav_mono.wav_silence.wav
2.080625,16000,0.07594992897727272,0.07947925603913815,1152.2622744927546,823.7583867928055,1409.2668296243996,473.41499160050915,2281.723484848485,1753.3106698613876,0.1778893619775772,0.0953136533498764,-193.47088623046875,55.17982482910156,118.08207702636719,51.727272033691406,21.135456085205078,21.437347412109375,46.5045051574707,25.104490280151367,10.963781356811523,15.772906303405762,2.7282533645629883,14.25701904296875,-8.322399139404297,10.423253059387207,-1.1430872678756714,15.277158737182617,-7.500574588775635,13.008232116699219,6.17418098449707,10.799469947814941,-10.574528694152832,8.764425277709961,0.14356692135334015,7.933620929718018,-7.3221821784973145,7.178198337554932,0,real,file10493.wav_16k.wav_norm.wav_mono.wav_silence.wav
7.1643125,16000,0.17360578264508927,0.15826836357214216,2138.19298733486,1358.2003078757673,1671.5067468061955,485.35956677632254,3814.278738839286,1822.4735598217262,0.09334021061658859,0.06307028979063034,-227.57827758789062,106.65577697753906,67.97864532470703,59.036956787109375,0.3751012980937958,52.1446533203125,8.71159553527832,35.7597541809082,-28.305585861206055,25.886741638183594,-19.213878631591797,19.960365295410156,-24.730335235595703,14.326666831970215,-30.082828521728516,15.64385986328125,-3.485785722732544,14.254080772399902,-13.239758491516113,11.683902740478516,-16.106287002563477,9.306244850158691,-11.089756965637207,10.53149700164795,-2.3229753971099854,9.14299201965332,0,real,file10494.wav_16k.wav_norm.wav_mono.wav_silence.wav
4.9360625,16000,0.15308404737903225,0.14604921455235192,1805.5183959251374,1277.2340266427127,1462.0172583154783,491.1696526554995,3172.7318548387098,1870.059975790298,0.07897773385047913,0.05097956582903862,-249.22006225585938,106.1698989868164,92.81942749023438,70.99736022949219,-7.086659908294678,55.2800407409668,2.3432247638702393,35.24856948852539,-36.48554229736328,24.36309242248535,-11.551806449890137,20.338138580322266,-23.00389289855957,11.890205383300781,-28.101964950561523,18.145353317260742,-5.632354736328125,16.654216766357422,-16.751638412475586,10.127287864685059,-17.41904640197754,8.935569763183594,-14.328081130981445,10.10418701171875,-3.2694718837738037,8.098748207092285,0,real,file10495.wav_16k.wav_norm.wav_mono.wav_silence.wav
5.071,16000,0.03726599351415094,0.033751517490076086,938.7296431569156,527.3526188598379,1171.856792864193,419.3805031292596,1778.3510220125786,1389.3202490294116,0.14063142240047455,0.09926758706569672,-244.52589416503906,133.00924682617188,116.57656860351562,46.5467414855957,-8.499017715454102,42.30355453491211,15.77676010131836,17.82171630859375,-23.090261459350586,37.11305236816406,13.960415840148926,16.136972427368164,-11.21299934387207,22.011554718017578,-8.709871292114258,17.623048782348633,-3.50148868560791,14.374605178833008,-0.4670615494251251,12.871374130249023,0.581562340259552,9.579238891601562,1.9980075359344482,8.619067192077637,-4.274104595184326,10.36347484588623,0,real,file10498.wav_16k.wav_norm.wav_mono.wav_silence.wav
3.56725,16000,0.027151925223214284,0.01379438623127032,979.2749331435388,240.83377988397703,1447.2869386562027,408.72171533189095,2341.6573660714284,944.7865907586948,0.09165140241384506,0.06990569084882736,-251.7354278564453,88.97872161865234,121.04479217529297,37.766475677490234,16.910078048706055,32.87510681152344,41.81342697143555,22.248676300048828,13.03966236114502,11.781925201416016,6.486492156982422,18.50404930114746,0.6486935019493103,14.038246154785156,6.729377269744873,9.718122482299805,2.9644482135772705,8.771133422851562,3.2017085552215576,7.064584255218506,1.0961993932724,5.514403343200684,1.4996997117996216,5.526970863342285,2.0302817821502686,6.596742153167725,0,real,file10499.wav_16k.wav_norm.wav_mono.wav_silence.wav
1.947625,16000,0.11570664702868852,0.10337529692926267,1813.4505854943457,751.0839887354734,1860.2077859840244,254.01542093163943,3955.94262295082,1109.2406341680944,0.13879241049289703,0.09268882125616074,-151.32337951660156,36.37868881225586,82.76602172851562,28.014986038208008,23.641836166381836,15.694417953491211,21.560012817382812,17.63709259033203,-13.945965766906738,11.569578170776367,16.178613662719727,9.505016326904297,-15.460891723632812,10.076876640319824,3.6188714504241943,9.801864624023438,-12.832648277282715,8.88197135925293,-5.548694610595703,8.326557159423828,-0.8235309720039368,7.0852203369140625,-1.9344329833984375,9.897063255310059,3.450801372528076,6.0238566398620605,0,real,file105.wav_16k.wav_norm.wav_mono.wav_silence.wav
2.645,16000,0.1116281532379518,0.09890874349283205,1709.257345056966,1047.0612956534717,1745.642804610616,518.032780018379,3301.2048192771085,1964.7658566247917,0.10858099162578583,0.12254547327756882,-202.35302734375,84.95572662353516,90.11692810058594,48.102317810058594,11.709151268005371,35.883636474609375,14.435310363769531,23.437103271484375,5.972935199737549,21.299861907958984,2.8491358757019043,18.441173553466797,-3.3250298500061035,15.541397094726562,2.1744534969329834,15.456149101257324,-1.5002237558364868,12.540851593017578,0.9075790047645569,10.222722053527832,0.7224251627922058,7.471808910369873,0.317875474691391,9.512153625488281,-0.757137656211853,10.263081550598145,0,real,file1050.wav_16k.wav_norm.wav_mono.wav_silence.wav
4.0148125,16000,0.13362242683531747,0.10159715078035293,1969.3329161637962,895.5621720517644,1492.3716228852986,377.6283472405175,3396.7013888888887,1323.7965944042182,0.07266345620155334,0.04245166853070259,-181.25692749023438,98.82170104980469,77.10148620605469,55.39723205566406,-41.36505126953125,38.304466247558594,27.030933380126953,27.136465072631836,-11.69366455078125,16.074934005737305,-8.114110946655273,15.709941864013672,-22.044187545776367,15.236950874328613,-3.1337497234344482,15.32896900177002,2.1568844318389893,11.645812034606934,-3.4869751930236816,13.36933422088623,-5.342857837677002,8.272017478942871,-1.0326683521270752,7.919203758239746,-3.153487205505371,9.899660110473633,0,real,file10500.wav_16k.wav_norm.wav_mono.wav_silence.wav
7.695625,16000,0.15820920318983403,0.08460383838729593,1781.7969058491203,742.8163920209378,1392.9565046843843,416.9383113786472,3249.448910788382,1235.62465886192,0.06842084974050522,0.05350644141435623,-228.96243286132812,118.25201416015625,103.4780502319336,54.92324447631836,-48.18462371826172,41.94664764404297,29.66683006286621,26.840532302856445,-14.093422889709473,30.57973289489746,-6.819862365722656,16.617652893066406,-7.450207233428955,18.48737907409668,-14.01256275177002,15.490549087524414,-2.0532965660095215,11.951355934143066,-4.091878890991211,11.172423362731934,-3.89237904548645,10.697141647338867,3.7499959468841553,9.81391429901123,-15.83791446685791,11.36835765838623,0,real,file10501.wav_16k.wav_norm.wav_mono.wav_silence.wav
1.74025,16000,0.09010120738636364,0.07888193407428787,1419.2207349733148,928.0787070764411,1325.034031280713,373.7436590092176,2485.5113636363635,1588.6018806611635,0.18635188043117523,0.06866529583930969,-166.1483612060547,63.62799072265625,99.18851470947266,52.133548736572266,-16.48383140563965,36.53847122192383,8.102566719055176,32.90062713623047,-28.45278549194336,23.338388442993164,18.908910751342773,17.443296432495117,-21.481182098388672,12.062129020690918,-4.552699565887451,12.321310043334961,-6.08706521987915,12.920408248901367,4.7834672927856445,12.35499382019043,-17.553672790527344,8.846370697021484,-1.7948156595230103,10.156865119934082,-11.991122245788574,13.366800308227539,0,real,file10502.wav_16k.wav_norm.wav_mono.wav_silence.wav
6.0513125,16000,0.15664576480263157,0.11077681897780914,1901.6343307558802,838.8794875481728,1589.436945550812,448.00490369236724,3589.2269736842104,1496.461174283916,0.12764039635658264,0.07363680750131607,-144.77810668945312,66.77632904052734,82.7217025756836,40.81259536743164,-26.59319496154785,38.465423583984375,22.774953842163086,27.352861404418945,-29.477975845336914,20.781259536743164,-4.308459281921387,15.087997436523438,-13.011160850524902,11.195487976074219,-4.3996262550354,12.831306457519531,-11.78121280670166,10.158280372619629,-11.769197463989258,7.273627758026123,-10.001384735107422,7.6011962890625,-11.121198654174805,7.428207874298096,-3.417006015777588,10.067105293273926,0,real,file10503.wav_16k.wav_norm.wav_mono.wav_silence.wav
3.44425,16000,0.07672797309027778,0.05309589138420377,1199.8391551490688,550.4335913485279,1265.0856690584114,365.992626376705,2336.6608796296296,1309.655731424369,0.11490362137556076,0.053674791008234024,-218.45291137695312,61.40092086791992,121.0013198852539,38.933082580566406,-10.933876991271973,26.493759155273438,33.23716354370117,32.082130432128906,-40.32109451293945,29.449817657470703,13.495736122131348,13.05199909210205,-22.575071334838867,17.627426147460938,-9.837730407714844,14.820089340209961,-9.351482391357422,13.239489555358887,-7.182382106781006,14.4116849899292,-1.0722010135650635,10.837579727172852,-6.856449604034424,9.445394515991211,-7.372221946716309,8.525981903076172,0,real,file10504.wav_16k.wav_norm.wav_mono.wav_silence.wav
4.738125,16000,0.23247758494127516,0.1962953436684911,2526.269839204317,1707.1975715339436,1664.7198259785036,514.0265886559979,4206.847734899329,2060.737697544515,0.10057210922241211,0.06039724871516228,-205.1826171875,71.02130889892578,52.14808654785156,72.09391021728516,17.31050682067871,61.2085075378418,14.18300724029541,38.31718444824219,-30.43125343322754,33.5322380065918,-24.00406265258789,20.514997482299805,-27.96102523803711,15.627840995788574,-19.635175704956055,13.351862907409668,-7.285052299499512,10.536965370178223,-14.758572578430176,10.015727043151855,-11.213583946228027,10.276795387268066,-14.967473983764648,10.663485527038574,-4.385038375854492,9.379517555236816,0,real,file10505.wav_16k.wav_norm.wav_mono.wav_silence.wav
3.7224375,16000,0.13152293669871795,0.08232233259319963,1721.2069419129712,644.9097991880755,1473.3851315329844,260.8872415980024,3274.105235042735,886.149049387483,0.11117744445800781,0.06136766076087952,-132.7954864501953,74.44023132324219,100.87425994873047,39.5594596862793,-29.766271591186523,35.25432205200195,41.06443786621094,24.115190505981445,-20.752355575561523,18.66488265991211,-1.1119744777679443,19.15184783935547,-5.615538597106934,12.786210060119629,-7.94571590423584,12.296354293823242,-9.441550254821777,8.593101501464844,5.024093151092529,12.227853775024414,-15.485613822937012,9.473381996154785,12.972654342651367,8.795631408691406,-12.834080696105957,10.95612621307373,0,real,file10506.wav_16k.wav_norm.wav_mono.wav_silence.wav
3.603,16000,0.20241634402654868,0.16021885368441727,2063.5744734620143,1330.0943451848827,1448.3153183143768,492.9811973309635,3283.0475663716816,1899.142542261969,0.07319162040948868,0.05257832258939743,-220.29762268066406,77.64561462402344,93.85372161865234,57.06214141845703,-49.698333740234375,51.139991760253906,-17.27573013305664,25.59084129333496,-9.540459632873535,20.96145248413086,-17.148906707763672,20.15435218811035,-0.7949440479278564,14.843661308288574,-16.26215362548828,20.926559448242188,-3.7120912075042725,14.819192886352539,-7.327613830566406,14.48608684539795,-4.835460186004639,12.171436309814453,-6.943418025970459,9.896733283996582,-8.15432357788086,11.871761322021484,0,real,file10507.wav_16k.wav_norm.wav_mono.wav_silence.wav
2.118875,16000,0.16412080223880596,0.15170347463335143,2168.009688407682,1230.1472447883293,1698.4545196097129,406.7610762057506,4038.3628731343283,1537.5004096225189,0.09707844257354736,0.05023530125617981,-175.2705841064453,73.5252456665039,71.00004577636719,58.043357849121094,12.568105697631836,42.25223159790039,50.785160064697266,34.32512283325195,-18.74684715270996,25.153554916381836,0.7826043963432312,23.334096908569336,-14.571771621704102,14.612677574157715,-20.90663719177246,19.113357543945312,-10.895572662353516,9.941925048828125,-5.407919883728027,11.521377563476562,-19.58453941345215,9.733054161071777,7.613928318023682,10.169445037841797,-13.138280868530273,9.884865760803223,0,real,file10508.wav_16k.wav_norm.wav_mono.wav_silence.wav
2.0935,16000,0.07569839015151515,0.05212003187371571,1354.7617141674573,620.7583198700295,1408.7844937109992,435.3992147637998,2732.244318181818,1174.767221246594,0.15252402424812317,0.08895687758922577,-153.12107849121094,62.31875991821289,115.43169403076172,46.11524200439453,-19.72280502319336,38.92856216430664,43.331398010253906,26.242950439453125,1.1565512418746948,16.00055694580078,-0.3087034523487091,18.09260368347168,5.710339069366455,14.059588432312012,-10.359277725219727,16.18834686279297,2.357978582382202,13.414763450622559,-2.310007095336914,12.829747200012207,-2.197521924972534,8.069774627685547,-1.06281316280365,9.804944038391113,-0.9551857709884644,9.248738288879395,0,real,file10509.wav_16k.wav_norm.wav_mono.wav_silence.wav
7.958125,16000,0.15405567582831325,0.16193636964830974,1876.5297335827643,1301.8522644518214,1631.253888480681,461.35020979871854,3339.3574297188757,1979.204726754321,0.17326967418193817,0.08827371895313263,-127.34485626220703,83.79634857177734,92.76146697998047,70.28840637207031,8.878604888916016,33.06093978881836,14.852991104125977,29.227996826171875,7.614953517913818,19.73580551147461,-7.449080467224121,16.612043380737305,-20.995975494384766,16.3272705078125,0.2671496570110321,15.949074745178223,-9.223397254943848,13.939716339111328,-3.0877463817596436,13.627591133117676,1.5611939430236816,11.334074974060059,-8.291318893432617,10.223359107971191,-1.4757013320922852,10.442418098449707,0,real,file10511.wav_16k.wav_norm.wav_mono.wav_silence.wav
2.0219375,16000,0.07448577880859375,0.07524468570576158,1479.341454068513,733.6683635891618,1733.6974128828226,373.07596597486116,3162.353515625,1494.5334123913865,0.1613987684249878,0.07741334289312363,-170.69586181640625,56.721771240234375,88.27207946777344,44.67092514038086,23.25529670715332,25.672672271728516,49.80996322631836,27.005840301513672,14.071738243103027,16.706220626831055,-17.35659408569336,22.208898544311523,-16.908477783203125,17.146854400634766,-5.213258743286133,14.529451370239258,-24.275779724121094,13.170699119567871,2.195601463317871,12.628401756286621,-20.054367065429688,10.245237350463867,2.3956305980682373,9.20987319946289,-14.646102905273438,9.619848251342773,0,real,file10512.wav_16k.wav_norm.wav_mono.wav_silence.wav
9.1633125,16000,0.21963639209494773,0.1718869504801812,2434.2147474262197,1541.482939502876,1703.8379671079417,486.6460575613031,4218.886106271777,1922.3729357783302,0.09981507807970047,0.06403151154518127,-212.64219665527344,85.15898132324219,56.023956298828125,64.67996978759766,9.321744918823242,60.677452087402344,12.607980728149414,40.3116340637207,-29.515134811401367,27.493057250976562,-15.109912872314453,20.94936180114746,-27.07355499267578,16.3360538482666,-23.834352493286133,17.026992797851562,-11.797033309936523,14.188874244689941,-14.418673515319824,10.516705513000488,-13.731341361999512,8.748795509338379,-16.47207260131836,10.847700119018555,2.6706295013427734,9.010272026062012,0,real,file10514.wav_16k.wav_norm.wav_mono.wav_silence.wav
8.026,16000,0.1976488576942231,0.16694728606799977,2318.7740957800584,1370.352717811665,1716.017727415501,427.9112408303704,4108.659113545817,1785.453323433672,0.12336407601833344,0.0703900158405304,-179.03721618652344,95.33738708496094,56.17342758178711,62.33911895751953,1.5541812181472778,50.26023483276367,22.309223175048828,39.89251708984375,-29.925073623657227,24.311981201171875,-21.17461395263672,20.575090408325195,-30.523456573486328,16.252439498901367,-26.870275497436523,17.474950790405273,-13.498842239379883,14.481515884399414,-13.097306251525879,12.478412628173828,-9.609785079956055,12.36088752746582,-19.406679153442383,13.90719223022461,4.492798805236816,11.052881240844727,0,real,file10515.wav_16k.wav_norm.wav_mono.wav_silence.wav
7.4775,16000,0.20219643095619658,0.18064496770695276,2210.5478992795965,1535.4914385255488,1602.7743119206284,527.0005936237667,3824.886485042735,1954.5468109161961,0.08371797204017639,0.059327755123376846,-248.4249725341797,100.88098907470703,65.49539184570312,65.66389465332031,5.125106334686279,55.860260009765625,12.621644973754883,34.02396011352539,-26.856555938720703,25.645015716552734,-37.54106140136719,18.185287475585938,-17.277664184570312,16.534751892089844,-12.33409595489502,16.22858238220215,-17.196983337402344,12.656790733337402,-16.06976318359375,12.496362686157227,-15.578392028808594,10.485857963562012,-10.424753189086914,10.73547077178955,-2.8890938758850098,7.917051315307617,0,real,file10516.wav_16k.wav_norm.wav_mono.wav_silence.wav
4.62325,16000,0.23905913254310346,0.1874864463428229,2681.241056222494,1650.0217008164645,1796.0660374495694,547.6640963254771,4551.023706896552,2021.9965069292005,0.09613624960184097,0.04366515204310417,-207.31991577148438,59.144527435302734,43.61042022705078,71.45944213867188,29.919328689575195,62.678131103515625,18.947647094726562,38.46579360961914,-23.958223342895508,24.5366268157959,-21.285064697265625,19.872272491455078,-34.361083984375,16.361921310424805,-22.51218032836914,14.762393951416016,-13.225715637207031,14.448806762695312,-16.804723739624023,10.722921371459961,-13.59175968170166,9.945744514465332,-11.848716735839844,9.317270278930664,-2.410400390625,8.80959415435791,0,real,file10517.wav_16k.wav_norm.wav_mono.wav_silence.wav
4.7416875,16000,0.045934485109060404,0.022606798232125615,1106.9904725054755,215.5050592801874,1580.5715756301522,291.2784161468838,2369.651845637584,715.328639736988,0.11695100367069244,0.06968141347169876,-179.02847290039062,46.86756896972656,111.26764678955078,20.042320251464844,-2.83656907081604,17.088642120361328,33.33088302612305,16.62155532836914,33.80292510986328,10.144038200378418,10.856461524963379,11.841656684875488,-2.125145435333252,7.717374801635742,7.568259239196777,6.866795063018799,6.07195520401001,7.585412979125977,-0.13075163960456848,10.15990161895752,-1.0077733993530273,7.401915550231934,9.78027629852295,5.398448467254639,-3.0583736896514893,7.140891075134277,0,real,file10518.wav_16k.wav_norm.wav_mono.wav_silence.wav
3.072625,16000,0.15867630476804123,0.09095700128721744,1737.9394481119991,844.189367530044,1026.182220066418,366.3609493134056,2679.9291237113403,1253.6961369951766,0.09040626138448715,0.05639055743813515,-212.2812042236328,75.92507934570312,125.6685791015625,76.01136779785156,-79.30442810058594,51.65064239501953,33.531410217285156,38.959590911865234,-15.125783920288086,21.275114059448242,-5.004620552062988,21.02385139465332,-5.56597375869751,24.915016174316406,-6.4460530281066895,20.001667022705078,-7.392312526702881,15.916269302368164,8.309969902038574,18.002479553222656,0.6379913091659546,14.5797700881958,1.6613867282867432,14.718942642211914,-0.4497677981853485,8.425320625305176,0,real,file10519.wav_16k.wav_norm.wav_mono.wav_silence.wav
2.82575,16000,0.13834269662921347,0.08023318966868083,1986.51869689695,915.4171437946102,1780.1556976312384,358.3776661345336,3839.887640449438,1329.00258286886,0.08549541234970093,0.04562339559197426,-157.45545959472656,48.267303466796875,72.93302154541016,43.79038619995117,7.537073612213135,29.294763565063477,31.12268829345703,22.739002227783203,-3.9838383197784424,13.130386352539062,11.737711906433105,9.963780403137207,-10.353211402893066,14.899445533752441,-4.248359680175781,13.793768882751465,-9.109670639038086,9.079550743103027,3.5630149841308594,8.619234085083008,-3.2193024158477783,8.588261604309082,3.5624191761016846,8.37407398223877,-0.698590874671936,7.711341857910156,0,real,file1052.wav_16k.wav_norm.wav_mono.wav_silence.wav
3.5401875,16000,0.22013566300675674,0.20902241550604422,2406.6873658552654,1729.3509801108532,1585.1758642406921,472.5684308871351,3955.1661036036035,2174.666422179381,0.11180350184440613,0.05969560518860817,-217.53697204589844,90.68807983398438,57.18680953979492,80.9312744140625,12.11734676361084,55.57526779174805,10.9782133102417,37.613990783691406,-27.341625213623047,31.536928176879883,-28.202375411987305,22.5116024017334,-34.87221145629883,15.453147888183594,-22.06195068359375,20.2344913482666,-2.01259446144104,11.780741691589355,-19.03915786743164,13.444414138793945,-13.06956672668457,11.188602447509766,-9.336301803588867,15.836348533630371,-0.42269253730773926,10.343280792236328,0,real,file10521.wav_16k.wav_norm.wav_mono.wav_silence.wav
4.354,16000,0.1491610116332117,0.06650858918756641,2284.3916883425522,529.0332647415847,2092.000007554723,245.31074460200963,4767.90602189781,934.7459741348305,0.07249265164136887,0.04890349879860878,-125.474853515625,40.67508316040039,59.08695602416992,24.570430755615234,10.367975234985352,15.306242942810059,29.110536575317383,18.85160255432129,-0.6162218451499939,12.373818397521973,4.917993068695068,12.022045135498047,-0.23964957892894745,7.206268787384033,5.199262619018555,7.168577194213867,3.1218698024749756,7.5143256187438965,2.514699697494507,6.114720821380615,-0.2235957533121109,5.615670680999756,5.456075668334961,5.337375640869141,0.7495400309562683,4.21283483505249,0,real,file10524.wav_16k.wav_norm.wav_mono.wav_silence.wav
2.898125,16000,0.09364268543956043,0.11550241337986346,1484.998446733381,1171.1887370122804,1511.5864953873142,569.8341338684016,3010.731456043956,1980.255133262819,0.21920110285282135,0.08644487708806992,-196.45855712890625,70.7835922241211,86.0199203491211,46.61086654663086,15.696771621704102,49.68614196777344,40.96731948852539,39.38589859008789,-12.695547103881836,26.31574058532715,7.707774639129639,16.27931022644043,-3.940474271774292,15.031229019165039,-6.113142967224121,15.93332576751709,-11.618200302124023,10.135368347167969,-4.993699550628662,11.168478012084961,-9.861815452575684,9.226341247558594,-2.440762996673584,7.798803329467773,-9.857115745544434,8.785287857055664,0,real,file10526.wav_16k.wav_norm.wav_mono.wav_silence.wav
7.497875,16000,0.158637383643617,0.1492512239529648,1767.2877971067214,1196.9304786117484,1423.422096081714,486.61059760821223,2945.3125,1868.5293935110824,0.1453242301940918,0.0939590185880661,-178.70411682128906,100.90714263916016,103.42019653320312,60.0998420715332,-18.53482437133789,38.582359313964844,1.5898417234420776,33.883644104003906,-2.3754074573516846,18.812681198120117,-16.52272605895996,17.11030387878418,-5.295876979827881,15.734807014465332,-6.761767387390137,11.84720230102539,-12.73854923248291,13.340120315551758,-2.537266254425049,9.34907054901123,-10.04206371307373,9.11119270324707,-5.659521579742432,10.504600524902344,-6.288671016693115,10.324560165405273,0,real,file10527.wav_16k.wav_norm.wav_mono.wav_silence.wav
2.3368125,16000,0.16780379011824326,0.08557684111769283,2154.999931585279,711.9421199051695,1576.8188531252595,238.37604129035302,3820.629222972973,928.9077321142156,0.12328565120697021,0.06100567430257797,-121.56049346923828,73.22537231445312,65.13240051269531,42.71228790283203,-37.8050651550293,32.0238037109375,40.15021896362305,30.612138748168945,-29.55225944519043,16.460262298583984,-0.6309845447540283,19.144832611083984,-44.767578125,13.580429077148438,20.314207077026367,10.899714469909668,-17.465412139892578,14.330564498901367,6.779814720153809,14.9037504196167,-18.205772399902344,8.955535888671875,7.124137878417969,10.362278938293457,-13.45737361907959,9.96958065032959,0,real,file10528.wav_16k.wav_norm.wav_mono.wav_silence.wav
2.556,16000,0.101556396484375,0.07788738331032212,1563.4575447480258,768.8796528610036,1391.0080852920369,402.339208311674,3028.7109375,1326.9340794510088,0.13269956409931183,0.0773807093501091,-171.6474609375,57.25873565673828,108.80897521972656,43.96275329589844,-20.438617706298828,36.7906379699707,61.633262634277344,37.60097885131836,-32.658935546875,23.82392692565918,0.606148362159729,22.41598892211914,-8.595316886901855,16.866472244262695,-3.1896767616271973,18.468244552612305,-7.030991554260254,11.94856071472168,2.3968284130096436,15.083434104919434,-1.8668127059936523,13.072026252746582,6.809565544128418,10.078341484069824,-0.6810888051986694,9.183988571166992,0,real,file10529.wav_16k.wav_norm.wav_mono.wav_silence.wav
6.01025,16000,0.14260150016622342,0.13411256138005068,1803.5175638668966,1210.4667885307385,1488.7488241752058,466.88504168293537,3285.9873670212764,1769.8332033911502,0.08855269849300385,0.06460410356521606,-225.6602783203125,86.67485809326172,87.95923614501953,63.56942367553711,-5.997976303100586,46.1976203918457,6.118424892425537,30.47911834716797,-29.323537826538086,32.800086975097656,-12.373950958251953,19.92648696899414,-27.256362915039062,16.609846115112305,-24.26473617553711,13.948058128356934,-5.123534679412842,10.810436248779297,-11.794231414794922,13.018293380737305,-8.058454513549805,11.077669143676758,-7.6464738845825195,9.606786727905273,-7.638746738433838,8.266949653625488,0,real,file1053.wav_16k.wav_norm.wav_mono.wav_silence.wav
2.66275,16000,0.06434268043154762,0.03006734955234105,875.4539990611748,309.80522396963266,983.3671854014049,500.44448139608994,1532.0870535714287,885.7755021652133,0.086942158639431,0.06855068355798721,-290.82745361328125,86.09929656982422,184.01449584960938,52.323646545410156,-9.814002990722656,30.603179931640625,-31.24959373474121,27.895248413085938,7.087027549743652,21.414831161499023,20.411909103393555,15.209427833557129,9.526397705078125,11.249025344848633,-9.954449653625488,9.49343204498291,-12.370100975036621,11.393318176269531,2.189284086227417,10.349309921264648,6.540098667144775,8.649898529052734,4.175507068634033,5.900712013244629,-2.2753520011901855,5.224185943603516,0,real,file10531.wav_16k.wav_norm.wav_mono.wav_silence.wav
3.2036875,16000,0.06569074876237624,0.035079187675599414,1183.092169571496,474.3321573051982,1340.5992503821844,316.2721726683807,2533.1064356435645,973.0187239092644,0.12376794964075089,0.07569008320569992,-197.8578643798828,62.98383712768555,112.11000061035156,30.04271125793457,-3.211214303970337,28.565603256225586,76.11095428466797,26.570981979370117,11.93976879119873,19.42776107788086,1.8357713222503662,17.392597198486328,-22.018489837646484,18.243207931518555,7.179998874664307,13.767955780029297,-16.967426300048828,11.78702449798584,1.8473533391952515,11.321113586425781,-3.988662004470825,7.98673152923584,-4.513894557952881,9.047769546508789,-0.44346633553504944,5.845657825469971,0,real,file10532.wav_16k.wav_norm.wav_mono.wav_silence.wav
2.8578125,16000,0.23300238715277777,0.21693585979199093,2421.0384031579165,1851.28754006222,1683.2785398876554,572.8710574977656,3974.3923611111113,2358.368193647457,0.10976279526948929,0.06440474092960358,-206.07020568847656,81.44284057617188,67.52299499511719,67.67578125,20.07109832763672,57.96273422241211,8.440140724182129,37.542724609375,-23.2609920501709,25.700559616088867,-25.750463485717773,18.57746124267578,-22.34231185913086,17.632848739624023,-22.854684829711914,14.792133331298828,-4.530595779418945,10.864139556884766,-17.61555290222168,12.220682144165039,-16.738773345947266,9.794144630432129,-11.340875625610352,11.73793888092041,-5.409721374511719,8.575498580932617,0,real,file10533.wav_16k.wav_norm.wav_mono.wav_silence.wav
5.6029375,16000,0.09874378551136363,0.05998771538436648,1468.2684018884206,596.1091835278684,1348.0743465654568,406.1834788723443,2876.287286931818,1257.3324289630038,0.08631113171577454,0.062046751379966736,-264.1200866699219,148.80947875976562,109.99555969238281,41.40084457397461,-35.3569221496582,49.783695220947266,37.11823654174805,30.69434356689453,-9.372467994689941,27.638256072998047,-0.32800692319869995,16.02665901184082,-8.965767860412598,15.996049880981445,-2.573014974594116,13.512384414672852,-6.411633014678955,13.14040756225586,3.3056135177612305,11.518672943115234,-12.595605850219727,12.698546409606934,0.23217934370040894,11.821555137634277,-16.764236450195312,14.771772384643555,0,real,file10534.wav_16k.wav_norm.wav_mono.wav_silence.wav
1.2908125,16000,0.17152963033536586,0.1441027347291591,2005.9434316881254,1195.6063151928997,1449.2724428008923,384.5611756427647,3277.439024390244,1665.2712155442082,0.1259697675704956,0.08529189974069595,-155.559814453125,83.91838073730469,85.64445495605469,67.48751831054688,-23.66561508178711,44.028106689453125,20.666824340820312,26.98386001586914,6.858596324920654,18.98200035095215,8.16492748260498,15.226911544799805,-28.074283599853516,11.165390014648438,6.282918930053711,12.909427642822266,1.2917178869247437,13.385401725769043,-15.001727104187012,11.499805450439453,-10.095508575439453,8.806111335754395,-8.645047187805176,8.736512184143066,6.485986709594727,8.538025856018066,0,real,file10535.wav_16k.wav_norm.wav_mono.wav_silence.wav
8.1735,16000,0.19240760803222656,0.1280793426295839,2258.8583856337764,1296.66376172016,1652.422644081246,476.2393471086772,3994.56787109375,1857.2520620657733,0.05796581134200096,0.03825533017516136,-245.56448364257812,93.91336059570312,65.11801147460938,73.82300567626953,-3.5673117637634277,53.224510192871094,8.269906044006348,30.603105545043945,-31.53478240966797,25.00753402709961,-14.24291706085205,19.27229118347168,-24.04092025756836,15.855351448059082,-20.14993667602539,14.983354568481445,-0.9903843998908997,12.277034759521484,-10.157323837280273,14.638435363769531,-18.824512481689453,8.55416488647461,-8.104900360107422,10.767651557922363,0.02670419216156006,8.409252166748047,0,real,file10536.wav_16k.wav_norm.wav_mono.wav_silence.wav
7.905125,16000,0.17707086378528225,0.15650574784122132,2037.1814983570468,1388.7355379020591,1574.4910746074306,532.6559774481996,3601.5309979838707,1963.9788509658822,0.07286980003118515,0.05564805865287781,-271.1077880859375,120.94606018066406,76.96730041503906,65.9988021850586,1.6575400829315186,48.67911148071289,2.1496942043304443,33.55074691772461,-28.762418746948242,27.274065017700195,-15.101290702819824,17.98232650756836,-25.93473243713379,16.677532196044922,-19.540685653686523,13.38998794555664,-4.169713020324707,11.687986373901367,-18.469472885131836,12.237465858459473,-10.83697509765625,12.12949275970459,-7.969877243041992,11.658824920654297,0.5385168790817261,9.691554069519043,0,real,file10537.wav_16k.wav_norm.wav_mono.wav_silence.wav
2.1205625,16000,0.12356430736940298,0.10542193858918873,1710.7348431338946,939.17735056788,1478.4469676266851,429.5845659185718,3122.3180970149256,1477.0782164703687,0.1623934805393219,0.06764842569828033,-113.20806121826172,46.832237243652344,98.48751068115234,62.80526351928711,-10.70769214630127,35.65547180175781,41.74934005737305,29.212322235107422,-13.469082832336426,19.726926803588867,1.115034580230713,19.4556827545166,4.209585189819336,14.605729103088379,-14.83348560333252,14.858444213867188,0.9946696758270264,11.714668273925781,2.9801878929138184,12.628227233886719,-2.9474523067474365,11.068984031677246,3.3654465675354004,8.700590133666992,-3.523526430130005,9.116046905517578,0,real,file10538.wav_16k.wav_norm.wav_mono.wav_silence.wav
3.4800625,16000,0.21367456278669725,0.18026106270464928,2479.000299733328,1721.8304376044427,1627.8725403087126,553.3746465127512,4056.120986238532,2247.0786607383216,0.11509083956480026,0.057650767266750336,-187.11752319335938,75.75636291503906,63.146202087402344,83.33397674560547,6.712766647338867,58.12336730957031,2.8452882766723633,31.706769943237305,-21.475107192993164,21.2158203125,-25.063671112060547,21.62446403503418,-18.427282333374023,18.615997314453125,-12.40666389465332,19.1862735748291,-12.03764820098877,9.69277286529541,-27.03781509399414,12.468047142028809,-16.095142364501953,10.28882122039795,-6.376877307891846,9.758115768432617,-5.871390342712402,9.578371047973633,0,real,file1054.wav_16k.wav_norm.wav_mono.wav_silence.wav
3.169,16000,0.1788427734375,0.165129800878324,2157.3695691326966,1245.9201360179525,1761.403062832365,430.4914402367771,3838.59375,1907.3051063096034,0.10482832789421082,0.055275365710258484,-171.91893005371094,58.23432922363281,59.97054672241211,52.25040817260742,-14.547760009765625,35.07817840576172,-9.660689353942871,25.81244659423828,-19.629554748535156,16.178272247314453,-35.135990142822266,18.514724731445312,-33.56453323364258,15.96255874633789,-17.07827377319336,11.629134178161621,-22.004295349121094,11.365148544311523,-35.71533203125,15.896749496459961,-18.038999557495117,8.285456657409668,-13.734559059143066,7.357698917388916,-20.706605911254883,7.412696361541748,0,real,file10540.wav_16k.wav_norm.wav_mono.wav_silence.wav
7.30825,16000,0.18849148812772926,0.1504199707463009,2208.3755874551202,1470.9961411489976,1659.1343185178214,551.1701532525977,3866.84634279476,2113.0114797992073,0.10335642099380493,0.06089141592383385,-205.8343048095703,71.94779968261719,71.06581115722656,68.11669158935547,15.622017860412598,50.5262336730957,12.774381637573242,35.619728088378906,-26.117164611816406,25.800865173339844,-21.998891830444336,20.008403778076172,-29.8112850189209,17.754484176635742,-19.970674514770508,13.97333812713623,-8.582300186157227,10.48064136505127,-13.167715072631836,11.401193618774414,-11.285120010375977,11.9220552444458,-6.326162338256836,11.017067909240723,-0.6804107427597046,8.50938892364502,0,real,file10541.wav_16k.wav_norm.wav_mono.wav_silence.wav
5.0961875,16000,0.193292236328125,0.18945036807463064,2223.7975060757162,1551.6105891495854,1655.8348304963697,549.0857120899375,3908.740234375,2076.7761665910107,0.07206879556179047,0.03827948868274689,-253.51290893554688,98.8528060913086,70.29656982421875,65.35069274902344,9.59332275390625,51.11685562133789,14.134634017944336,39.90371322631836,-30.022058486938477,26.048866271972656,-20.682132720947266,19.97447967529297,-21.16138458251953,15.356443405151367,-26.753875732421875,17.790449142456055,-10.739059448242188,12.821520805358887,-13.429469108581543,12.237598419189453,-12.851361274719238,11.42008113861084,-13.161840438842773,9.522696495056152,-3.4523215293884277,8.851629257202148,0,real,file10543.wav_16k.wav_norm.wav_mono.wav_silence.wav
8.3068125,16000,0.22203275240384615,0.20770241265833678,2389.5074500144146,1727.8848454985748,1638.8177586706065,533.0307644707979,3937.800480769231,2211.989549032684,0.08081892877817154,0.04886132478713989,-236.56100463867188,88.14423370361328,65.26721954345703,69.4896469116211,6.87991189956665,55.55751419067383,2.499436855316162,37.199405670166016,-20.087438583374023,25.577281951904297,-27.60207176208496,20.733808517456055,-27.34515380859375,15.826885223388672,-19.684612274169922,17.523439407348633,0.28490254282951355,11.128866195678711,-23.291343688964844,13.010139465332031,-15.512473106384277,12.003021240234375,-4.941731929779053,10.231197357177734,-0.8631141185760498,8.626144409179688,0,real,file10544.wav_16k.wav_norm.wav_mono.wav_silence.wav
7.729,16000,0.13734019886363635,0.10300864733257552,1629.8060451897102,820.4991734767568,1349.87633837942,436.00342395272025,2969.3633780991736,1384.9932162677082,0.07742973417043686,0.06635186821222305,-303.6497802734375,133.5194549560547,83.2276382446289,62.096317291259766,-34.33918762207031,42.75801467895508,35.61969757080078,37.87004852294922,-0.9125031232833862,26.326383590698242,20.74022674560547,23.297882080078125,-17.81162452697754,24.381919860839844,-2.463304281234741,24.060375213623047,-19.88075828552246,15.590620994567871,-22.646324157714844,16.68740463256836,-9.137480735778809,16.15836524963379,-12.08499526977539,16.320531845092773,-2.5748679637908936,12.744376182556152,0,real,file10545.wav_16k.wav_norm.wav_mono.wav_silence.wav
3.45875,16000,0.1421973552178899,0.13168208571913229,1903.6928853690304,1110.36393052462,1600.220202906498,347.23795771537743,3331.4936926605506,1653.3305417550218,0.12444154173135757,0.053163085132837296,-130.00054931640625,43.63434600830078,85.87588500976562,60.07076644897461,-15.354804992675781,31.366806030273438,8.955426216125488,26.45877456665039,1.33481764793396,16.33002281188965,-4.666100025177002,14.534701347351074,-3.718395471572876,12.19363784790039,-12.969655990600586,14.687217712402344,-9.809529304504395,12.61684799194336,3.216141939163208,11.226054191589355,-2.9146695137023926,9.709134101867676,15.89681339263916,9.467698097229004,3.1795575618743896,9.044466018676758,0,real,file10546.wav_16k.wav_norm.wav_mono.wav_silence.wav
5.768125,16000,0.2400994906767956,0.204944340947833,2567.587126298357,1619.6050508386584,1653.7714842314047,506.21865599573175,4156.811118784531,1948.8928652677653,0.11604148894548416,0.07291049510240555,-194.8771209716797,100.27141571044922,54.61427307128906,70.8973617553711,6.779603004455566,67.11223602294922,11.519274711608887,41.74642562866211,-27.37109375,30.887027740478516,-27.965696334838867,22.208660125732422,-21.819589614868164,17.21870994567871,-15.768980979919434,16.82139778137207,-6.124504089355469,15.12735652923584,-16.335893630981445,12.060921669006348,-17.618499755859375,13.321264266967773,-6.981905937194824,13.34571647644043,-2.294926881790161,10.689019203186035,0,real,file10547.wav_16k.wav_norm.wav_mono.wav_silence.wav
8.6625,16000,0.1708948339483395,0.16556006210816815,2038.10650612932,1357.4240980550012,1559.4023177997544,471.57380310105236,3579.854704797048,1833.9989443965103,0.08685094118118286,0.0592191219329834,-237.6683349609375,100.87222290039062,70.38113403320312,69.4549789428711,5.895321846008301,45.937686920166016,18.775142669677734,37.78840255737305,-26.286853790283203,23.236358642578125,-17.800363540649414,18.735870361328125,-23.810041427612305,16.40441131591797,-28.08381462097168,17.45591926574707,-3.614305257797241,14.664886474609375,-16.511873245239258,12.830142974853516,-13.928252220153809,11.821359634399414,-7.565537929534912,11.647382736206055,1.8349426984786987,7.900831699371338,0,real,file10548.wav_16k.wav_norm.wav_mono.wav_silence.wav
1.8058125,16000,0.06034984923245614,0.045178769300243816,1291.7765804493094,553.6516723841883,1334.5682603458304,254.59209816673655,2504.5230263157896,960.283670028387,0.1251257061958313,0.05858132615685463,-175.31973266601562,77.05502319335938,110.91527557373047,45.489749908447266,-14.690383911132812,19.486879348754883,57.44276428222656,28.010128021240234,-1.0097471475601196,16.81023406982422,-11.395081520080566,14.59597396850586,7.923161029815674,14.94652271270752,-4.797927379608154,17.217599868774414,-7.237054824829102,9.671465873718262,-4.799055099487305,9.757493019104004,-9.490893363952637,10.517834663391113,3.536545515060425,7.883060455322266,-5.498658657073975,10.2689208984375,0,real,file10549.wav_16k.wav_norm.wav_mono.wav_silence.wav
3.23975,16000,0.10517195159313726,0.07848446465528164,1589.6403338767325,864.639248425113,1583.8276753707696,377.5864913846963,3058.9001225490197,1614.4391606628938,0.15809640288352966,0.07286432385444641,-121.93980407714844,54.764076232910156,102.83367919921875,54.241336822509766,-1.0299444198608398,24.63820457458496,29.490100860595703,32.656551361083984,6.611695766448975,31.7855167388916,9.02488899230957,14.200172424316406,-16.409276962280273,16.826412200927734,-10.696974754333496,17.471033096313477,-11.852707862854004,9.308719635009766,9.644936561584473,14.196012496948242,-10.31900405883789,9.925996780395508,3.4506051540374756,9.059473991394043,-6.7572340965271,8.826103210449219,0,real,file1055.wav_16k.wav_norm.wav_mono.wav_silence.wav
7.1454375,16000,0.18648202078683035,0.16512932453774262,2157.4897770862167,1449.037181137342,1692.6158773577074,596.8911676902744,3834.8214285714284,2145.3606105174854,0.09875728189945221,0.06457669287919998,-238.49246215820312,95.5342788696289,69.98230743408203,60.97782897949219,5.349455833435059,48.66828536987305,0.3555107116699219,33.227020263671875,-29.649051666259766,28.739763259887695,-28.879369735717773,19.913869857788086,-24.114744186401367,18.874740600585938,-15.072562217712402,15.777626991271973,-10.851311683654785,11.43442440032959,-21.44615364074707,12.20915699005127,-11.047696113586426,11.725747108459473,-13.294500350952148,10.746877670288086,-4.835995197296143,8.592466354370117,0,real,file10550.wav_16k.wav_norm.wav_mono.wav_silence.wav
8.2926875,16000,0.21939978966346155,0.1875102542954896,2368.4052999017786,1607.5725342024411,1599.741115810378,563.2872151300551,3952.283653846154,2159.3350687704738,0.11270023882389069,0.06964519619941711,-199.4149627685547,84.61712646484375,65.80014038085938,71.90840148925781,-9.074301719665527,56.857398986816406,-2.9844796657562256,38.04136276245117,-25.522666931152344,26.938871383666992,-23.506122589111328,18.96442413330078,-26.075439453125,17.59481430053711,-19.946508407592773,14.788164138793945,-9.454463958740234,11.995075225830078,-14.458948135375977,12.51125431060791,-11.190369606018066,10.27869987487793,-9.17700481414795,11.181133270263672,-6.393688201904297,8.778084754943848,0,real,file10553.wav_16k.wav_norm.wav_mono.wav_silence.wav
7.91975,16000,0.1779076360887097,0.1476158912969597,1854.0626157687504,1256.3725925511983,1524.8269943343016,518.8347532388336,3275.1701108870966,1988.0623207460133,0.13921673595905304,0.08499804139137268,-171.6649932861328,80.72050476074219,94.83197784423828,69.05554962158203,-1.5710906982421875,35.61992263793945,16.93128204345703,22.085132598876953,-11.566957473754883,28.740760803222656,-1.7587428092956543,18.137561798095703,-22.10475730895996,20.810640335083008,-19.992633819580078,18.378511428833008,-18.811357498168945,11.361321449279785,-2.8816540241241455,12.503385543823242,-20.356929779052734,10.192238807678223,-4.317972660064697,13.191411018371582,-17.648963928222656,11.849809646606445,0,real,file10554.wav_16k.wav_norm.wav_mono.wav_silence.wav
2.066625,16000,0.17905649038461538,0.1332454676385655,1753.620753834112,1175.515574701689,1329.9544350574267,491.078159133175,3079.326923076923,1802.4621700583605,0.09271157532930374,0.07395078986883163,-276.5013732910156,109.85626983642578,102.60796356201172,72.0875473022461,9.09500789642334,23.30097198486328,25.979597091674805,32.41632843017578,-45.774131774902344,25.77021026611328,-20.33565330505371,24.700944900512695,-18.194629669189453,22.591325759887695,4.783599853515625,17.61172103881836,-31.95929527282715,18.348440170288086,-7.053732872009277,10.964073181152344,-16.53880500793457,9.540251731872559,-9.710031509399414,8.621726036071777,-5.527284622192383,9.941100120544434,0,real,file10555.wav_16k.wav_norm.wav_mono.wav_silence.wav
5.62575,16000,0.1827725497159091,0.15409358400650638,2262.5741932286687,1170.1064739278352,1915.6896114440308,412.89464571897054,4282.137784090909,1874.4579782300088,0.11327087879180908,0.07193136215209961,-154.63746643066406,77.0008316040039,67.77627563476562,48.181663513183594,5.529895782470703,31.993804931640625,-14.484905242919922,21.286531448364258,-18.546836853027344,18.203805923461914,9.812775611877441,13.220337867736816,-2.239720344543457,11.670612335205078,-10.957579612731934,10.329656600952148,-1.997895359992981,12.165764808654785,-2.2757866382598877,8.857744216918945,-19.196062088012695,9.123028755187988,-10.332152366638184,11.3383150100708,-10.221955299377441,7.769484519958496,0,real,file10556.wav_16k.wav_norm.wav_mono.wav_silence.wav
1.6009375,16000,0.14264514399509803,0.1306984454472292,2138.7225094003084,1137.4909564571997,1905.8278167225765,355.26475602223394,4170.343137254902,1834.4373040064231,0.14235173165798187,0.09648754447698593,-172.140625,77.39482116699219,75.65105438232422,48.563114166259766,24.105262756347656,25.816667556762695,-9.374106407165527,34.81650161743164,-13.99687385559082,29.064279556274414,4.9326982498168945,17.777368545532227,-31.799623489379883,15.274626731872559,-7.03729772567749,10.671269416809082,-22.445226669311523,13.911258697509766,-2.1862030029296875,10.336772918701172,-9.783434867858887,8.944759368896484,6.825814247131348,8.508073806762695,-0.7012307643890381,10.848604202270508,0,real,file10557.wav_16k.wav_norm.wav_mono.wav_silence.wav
1.82425,16000,0.15196491109913793,0.14513975300674542,1896.203524057291,1468.075960436791,1495.640193538563,444.00860857524333,3160.9644396551726,2061.106595900581,0.2057173103094101,0.09939592331647873,-135.92193603515625,61.41961669921875,91.97208404541016,75.63375091552734,14.196043968200684,34.810176849365234,22.22901725769043,26.58172035217285,0.5817246437072754,23.027008056640625,4.0204854011535645,16.365827560424805,-23.014188766479492,16.7594051361084,-8.732332229614258,15.315692901611328,-18.274991989135742,17.396217346191406,13.199379920959473,15.937579154968262,-19.41927146911621,8.592939376831055,-0.18143929541110992,6.612854480743408,-7.988204002380371,8.259057998657227,0,real,file10558.wav_16k.wav_norm.wav_mono.wav_silence.wav
4.3665,16000,0.19128507071167883,0.1973815192095395,2230.2718217310517,1699.2309151481747,1579.5063070626138,571.3288827930021,3746.407390510949,2286.733683279966,0.13801608979701996,0.07060424983501434,-206.025634765625,78.5511703491211,69.6064682006836,77.75711822509766,22.20695686340332,51.21498107910156,6.591279029846191,40.575286865234375,-32.05451583862305,27.695606231689453,-12.692605972290039,21.220930099487305,-24.965709686279297,18.78636932373047,-26.422456741333008,15.930562019348145,-4.937760353088379,13.022924423217773,-14.768534660339355,11.104758262634277,-8.699130058288574,10.212182998657227,-11.94356632232666,11.056585311889648,-2.0489087104797363,8.12092113494873,0,real,file10559.wav_16k.wav_norm.wav_mono.wav_silence.wav
6.693125,16000,0.1796595982142857,0.1738185541179774,2068.5500644644135,1448.2073025578106,1527.035047236831,470.43635209520636,3563.3184523809523,1871.0161744560564,0.10514620691537857,0.0641753077507019,-220.5718536376953,102.41239929199219,74.99515533447266,68.41868591308594,-2.3935070037841797,55.72111129760742,6.884671688079834,36.85368347167969,-33.28150939941406,26.732545852661133,-21.798187255859375,19.61064338684082,-25.369489669799805,16.53875160217285,-12.617549896240234,13.117767333984375,-9.118626594543457,11.196527481079102,-19.08295249938965,15.152070999145508,-8.014740943908691,12.774304389953613,-10.343955039978027,12.250476837158203,2.2768704891204834,9.816595077514648,0,real,file1056.wav_16k.wav_norm.wav_mono.wav_silence.wav
3.4575625,16000,0.14830311066513763,0.13104749970260907,1712.8814993268215,1092.72517207747,1615.3686744085662,452.70851468131593,3342.7465596330276,1684.7988028061782,0.10323673486709595,0.04238901287317276,-181.94314575195312,57.83295440673828,88.26807403564453,48.459964752197266,8.208017349243164,35.333953857421875,43.70650863647461,33.01962661743164,-12.88178539276123,19.2252140045166,-11.902851104736328,14.887436866760254,-15.748937606811523,13.455626487731934,-11.050821304321289,10.331096649169922,-16.07204246520996,10.730456352233887,-16.230926513671875,10.325911521911621,-8.920530319213867,8.659235000610352,-6.167425155639648,8.4135103225708,-9.00185489654541,6.933154106140137,0,real,file10561.wav_16k.wav_norm.wav_mono.wav_silence.wav
5.0916875,16000,0.143231201171875,0.12260488281902415,1731.1300884712698,1013.9835883704994,1515.205235720892,382.6866468822009,3332.6171875,1451.4540517842506,0.08169970661401749,0.056888241320848465,-240.5231475830078,114.32525634765625,97.81897735595703,57.98170471191406,2.6235411167144775,27.5484676361084,56.91754150390625,28.843475341796875,-17.0081729888916,17.340158462524414,20.955005645751953,15.924736976623535,-17.335256576538086,13.297842025756836,2.888937473297119,13.93923282623291,-1.1873855590820312,10.746173858642578,4.711276054382324,12.869120597839355,-6.639164924621582,9.508856773376465,3.9461236000061035,8.679988861083984,-4.524741172790527,7.691623687744141,0,real,file10562.wav_16k.wav_norm.wav_mono.wav_silence.wav
1.2345,16000,0.09601612580128205,0.06563086544550763,1078.16885288846,431.3234616358666,953.2789731340887,314.0224886092241,2079.326923076923,864.058005385623,0.14965829253196716,0.05000130459666252,-193.06761169433594,58.48762130737305,173.1878204345703,54.25169372558594,-52.16989517211914,34.69289016723633,38.729488372802734,49.36631774902344,-17.890466690063477,23.724946975708008,-21.560029983520508,25.94367027282715,-4.237759113311768,18.16557502746582,-20.755786895751953,16.406936645507812,-9.412324905395508,13.55040454864502,-14.922377586364746,18.06694984436035,-11.364124298095703,11.392595291137695,-4.823802947998047,11.896456718444824,-3.223139762878418,10.35718059539795,1,fake,file1000.mp3.wav_16k.wav_norm.wav_mono.wav_silence.wav
1.8810625,16000,0.10469081038135593,0.05403850291876463,1198.2131071948195,738.5914200231997,990.7900076671727,444.8999927735753,2194.1207627118642,1363.6685293842097,0.12329719215631485,0.07363111525774002,-237.57286071777344,125.00756072998047,175.49822998046875,64.14091491699219,-60.863338470458984,39.11464309692383,23.610279083251953,33.211181640625,-14.357460021972656,27.082077026367188,-14.619874000549316,21.418170928955078,-0.5078938603401184,19.058446884155273,-18.768733978271484,20.500776290893555,-7.099929332733154,15.3045072555542,-8.990199089050293,14.498027801513672,-5.76873779296875,12.161210060119629,-7.891136169433594,9.101012229919434,-5.8631181716918945,12.315228462219238,1,fake,file10000.mp3.wav_16k.wav_norm.wav_mono.wav_silence.wav
0.9388125,16000,0.11271158854166667,0.16560515678744195,1668.0843436568753,1755.8486837685684,1293.4916566295008,413.8501909261832,2468.2291666666665,2033.006985849751,0.2792518436908722,0.1136874258518219,-125.91874694824219,52.032997131347656,113.76567077636719,64.294189453125,-6.354581356048584,46.079769134521484,-2.095329761505127,30.692577362060547,-8.134119987487793,25.750560760498047,9.51865291595459,15.318841934204102,-17.395748138427734,16.47112464904785,0.7321011424064636,15.648358345031738,-14.956918716430664,16.440160751342773,-7.709081649780273,12.334750175476074,-10.416109085083008,10.882972717285156,-12.991060256958008,10.696732521057129,-9.796099662780762,12.429329872131348,1,fake,file10001.mp3.wav_16k.wav_norm.wav_mono.wav_silence.wav
1.045875,16000,0.20817057291666666,0.15766775240167796,2303.951255162121,1516.2969706753177,1667.619047119852,431.4758443370701,3940.5776515151515,2027.7139415712468,0.12427791208028793,0.06370237469673157,-156.2265167236328,51.38202667236328,64.49797821044922,76.60784912109375,16.53780746459961,32.15500259399414,37.94667053222656,29.402652740478516,2.953965187072754,18.4879093170166,18.573537826538086,23.587238311767578,-8.922239303588867,16.2093563079834,4.834272384643555,11.097613334655762,-11.748751640319824,9.887036323547363,12.944201469421387,11.082823753356934,-16.816068649291992,6.1145710945129395,11.072993278503418,8.103644371032715,-19.18158531188965,6.363536357879639,1,fake,file10002.mp3.wav_16k.wav_norm.wav_mono.wav_silence.wav
0.9779375,16000,0.11778603830645161,0.0995324208776029,1625.2013097722427,987.7022819299688,1493.8681114736187,427.0138427089427,2898.9415322580644,1699.1122168169363,0.21737976372241974,0.0802103653550148,-111.37040710449219,42.88801956176758,98.96971130371094,47.15320587158203,-8.928191184997559,44.642879486083984,21.77890968322754,30.394426345825195,-16.533618927001953,26.319774627685547,8.388739585876465,14.076108932495117,-35.226558685302734,20.554941177368164,-15.282963752746582,14.534117698669434,-16.274080276489258,14.190936088562012,-17.654645919799805,13.994050979614258,-7.399435043334961,11.553141593933105,1.808058738708496,8.160028457641602,-11.609379768371582,7.809377670288086,1,fake,file10004.mp3.wav_16k.wav_norm.wav_mono.wav_silence.wav
2.181375,16000,0.0902824954710145,0.06775153466637479,1476.9585595659305,928.9109556073063,1514.1927933392683,569.9092665939038,2939.085144927536,1747.1967489714154,0.1952355057001114,0.08354045450687408,-167.16873168945312,72.44743347167969,105.70026397705078,54.85578536987305,5.043312072753906,37.84763717651367,30.696880340576172,37.0078125,-20.01445960998535,28.620038986206055,2.7551913261413574,23.811969757080078,-5.712228298187256,14.232215881347656,-9.937957763671875,14.037588119506836,-18.149734497070312,10.948596954345703,-4.731287479400635,12.362495422363281,-0.07526477426290512,9.101874351501465,-5.808001518249512,14.875970840454102,5.918406963348389,9.492531776428223,1,fake,file10005.mp3.wav_16k.wav_norm.wav_mono.wav_silence.wav
0.8685625,16000,0.12636021205357142,0.05020152032161146,1475.3172237316264,547.910789825022,1303.8144641482475,404.5332408256078,2819.4754464285716,1223.1924872499649,0.1283044070005417,0.06184430792927742,-206.83731079101562,83.64840698242188,118.09822845458984,40.82024383544922,-28.750900268554688,46.86464309692383,36.36391067504883,59.49747085571289,-36.820152282714844,37.914939880371094,-14.83631706237793,26.667001724243164,22.63961410522461,23.460552215576172,-30.62630271911621,18.22367286682129,-20.841632843017578,11.229059219360352,5.745554447174072,17.76276206970215,-18.15827751159668,13.304570198059082,7.6140265464782715,11.8162202835083,-13.251086235046387,11.239357948303223,1,fake,file10006.wav_16k.wav_norm.wav_mono.wav_silence.wav
2.152375,16000,0.08772547104779412,0.08354364061556623,1006.3977965306207,454.1088181607942,1080.3554641997832,304.2474998350237,2052.2748161764707,1032.4828106955872,0.18809904158115387,0.08234552294015884,-200.75314331054688,62.10706329345703,149.6466064453125,35.70871353149414,-16.043357849121094,43.779354095458984,56.63056564331055,43.6769905090332,-30.77225685119629,25.402149200439453,-4.099400997161865,26.9744930267334,-1.0664832592010498,23.427593231201172,-26.087778091430664,23.206172943115234,-14.163683891296387,11.873320579528809,-25.070236206054688,11.89649486541748,-7.447378158569336,13.20499324798584,-11.429485321044922,9.45800495147705,-13.834905624389648,15.611946105957031,1,fake,file10007.mp3.wav_16k.wav_norm.wav_mono.wav_silence.wav
1.5174375,16000,0.22137451171875,0.15758196623543883,2697.5407335909695,1313.944439107552,1886.9536685423548,359.77160788320657,4784.66796875,1464.1177942886886,0.1251598745584488,0.07216826826334,-159.05662536621094,50.91573715209961,24.40540313720703,59.321842193603516,14.664119720458984,37.4555549621582,14.857739448547363,30.208242416381836,-20.68450927734375,23.036327362060547,-9.956235885620117,17.385522842407227,-16.14307403564453,21.756507873535156,-5.416574478149414,9.474923133850098,-28.14861488342285,13.6007661819458,-11.553771018981934,7.007861614227295,-14.455573081970215,12.474350929260254,-3.156278610229492,8.729900360107422,-16.2679500579834,6.481308460235596,1,fake,file10008.mp3.wav_16k.wav_norm.wav_mono.wav_silence.wav
2.7281875,16000,0.09376703306686046,0.06818417415641537,1114.427898425883,569.3356947022631,1001.5112200701146,287.5561431688696,2062.6816860465115,1011.7350432098243,0.15259715914726257,0.06111082434654236,-193.9457244873047,67.50435638427734,161.03656005859375,49.91172409057617,-38.28150177001953,47.68285369873047,38.15835189819336,46.486385345458984,-37.701934814453125,32.05531311035156,-3.0298404693603516,26.66259002685547,-2.59682297706604,22.647127151489258,-33.78755187988281,21.629119873046875,-0.8143465518951416,14.864255905151367,-14.204630851745605,12.566741943359375,-12.164108276367188,10.481281280517578,-4.7787885665893555,11.945974349975586,-10.555036544799805,15.140334129333496,1,fake,file10009.mp3.wav_16k.wav_norm.wav_mono.wav_silence.wav
1.693875,16000,0.1175560141509434,0.08095255503848543,1668.9951596727612,1018.0132636054276,1583.1227308017753,489.42937973116693,3109.817216981132,1790.845873048679,0.13124243915081024,0.05880747735500336,-155.54188537597656,66.44747161865234,99.4175796508789,51.08935546875,2.0757482051849365,32.30720520019531,34.70378494262695,32.07865905761719,-3.4032649993896484,25.953479766845703,7.468514919281006,21.571962356567383,-10.71676254272461,19.79336929321289,7.397778034210205,16.154891967773438,-0.7779919505119324,10.55219841003418,6.1163225173950195,13.115297317504883,-7.480495452880859,15.057554244995117,-1.9892818927764893,9.652117729187012,-9.54391860961914,7.677393913269043,1,fake,file1001.mp3.wav_16k.wav_norm.wav_mono.wav_silence.wav
2.5299375,16000,0.153546142578125,0.19015329413126641,1990.9622870488463,1438.7544552776862,1664.6663255423814,429.0415789273024,3568.84765625,1930.7254980227535,0.20700368285179138,0.07335972040891647,-105.5737533569336,69.44144439697266,81.8676986694336,51.78082275390625,2.196025848388672,39.21741485595703,14.0798978805542,31.053424835205078,-11.147829055786133,26.685941696166992,1.9633195400238037,19.29950714111328,-14.811610221862793,13.5553560256958,3.6397252082824707,12.795884132385254,-10.0542573928833,13.770145416259766,-8.046917915344238,10.512880325317383,-10.971634864807129,8.118332862854004,-1.761056900024414,7.680058479309082,-5.720437526702881,9.977850914001465,1,fake,file10010.mp3.wav_16k.wav_norm.wav_mono.wav_silence.wav
1.3615,16000,0.09891669694767442,0.032092122167184184,974.9106251897597,261.1487348961997,823.2875033485286,282.58985530232513,1675.327034883721,681.5994108525131,0.23120594024658203,0.10846898704767227,-199.96099853515625,54.81942367553711,162.87437438964844,41.43092727661133,-49.726829528808594,41.70301818847656,-12.359151840209961,40.26981735229492,-26.331148147583008,26.134281158447266,-5.794852256774902,26.315475463867188,-14.427435874938965,28.58505630493164,-26.135177612304688,17.46444320678711,-8.140002250671387,16.368270874023438,-16.679744720458984,12.535058975219727,-17.73172950744629,20.58908462524414,-17.465991973876953,11.25280475616455,-14.036066055297852,12.920283317565918,1,fake,file10011.mp3.wav_16k.wav_norm.wav_mono.wav_silence.wav
1.2443125,16000,0.1311348157051282,0.07748643487196652,1175.0557282140146,814.4156077664436,998.3066108090895,356.49512459734547,1974.9599358974358,1247.272890894536,0.25136563181877136,0.138267382979393,-213.36648559570312,39.50506591796875,114.61734008789062,65.9253921508789,0.7175068259239197,33.19157791137695,26.854896545410156,46.945308685302734,-48.14719009399414,46.649452209472656,-10.353331565856934,15.686201095581055,-18.786785125732422,15.08239459991455,-23.06461524963379,22.602508544921875,-20.14742088317871,16.027727127075195,-11.806502342224121,16.992244720458984,-8.258551597595215,10.536505699157715,-15.919477462768555,10.237163543701172,-8.194409370422363,13.434621810913086,1,fake,file10013.mp3.wav_16k.wav_norm.wav_mono.wav_silence.wav
0.888625,16000,0.06297084263392858,0.02841740607725171,962.7068638036413,361.7716840866724,1181.546708817272,228.90186233970408,2042.689732142857,868.8436419345326,0.21119186282157898,0.049662891775369644,-200.4601593017578,57.496856689453125,117.74883270263672,24.991968154907227,-0.5084956884384155,22.586149215698242,70.7248306274414,28.442853927612305,-13.532918930053711,21.460737228393555,-12.390110969543457,17.164297103881836,-3.0724503993988037,13.422187805175781,-8.27486515045166,17.299318313598633,-8.387740135192871,17.276193618774414,-16.660314559936523,10.76932430267334,2.135059118270874,9.017109870910645,-11.15054988861084,10.21649169921875,-7.747659206390381,5.1882004737854,1,fake,file10014.mp3.wav_16k.wav_norm.wav_mono.wav_silence.wav
2.1661875,16000,0.1330853630514706,0.07615591868150728,1440.4073143147762,974.9318522802549,1523.4886258373083,537.9138357210979,2828.354779411765,1962.7176977841182,0.14255480468273163,0.055922750383615494,-159.7216339111328,54.62724685668945,114.57281494140625,58.43196487426758,10.528491020202637,21.657424926757812,32.368289947509766,28.885753631591797,4.031891345977783,22.665735244750977,15.329394340515137,13.534074783325195,-9.783418655395508,18.953523635864258,4.585136413574219,12.364306449890137,-6.926977634429932,9.411009788513184,-2.0100677013397217,11.613470077514648,-12.203985214233398,13.014251708984375,4.692485332489014,8.29566764831543,-18.850194931030273,8.103331565856934,1,fake,file10015.mp3.wav_16k.wav_norm.wav_mono.wav_silence.wav
1.487125,16000,0.09949509640957446,0.04206270230231961,1127.7340208922446,534.6206075048583,1348.5258502712609,407.6360851407076,2237.2007978723404,1340.845126743675,0.10423724353313446,0.023293916136026382,-184.45030212402344,61.4343147277832,131.5019073486328,38.970069885253906,-7.09454870223999,22.996414184570312,37.64598846435547,32.14107894897461,14.392379760742188,18.754425048828125,12.673527717590332,11.606619834899902,-22.456085205078125,15.473278045654297,3.9369819164276123,8.769869804382324,-2.549638509750366,9.17849063873291,-4.477492809295654,13.718457221984863,-2.872161626815796,14.68250560760498,3.1069047451019287,8.721626281738281,-23.445463180541992,5.71455192565918,1,fake,file10016.mp3.wav_16k.wav_norm.wav_mono.wav_silence.wav
2.282875,16000,0.15812174479166666,0.14525740295617592,1796.9090336234094,1275.9894936491048,1558.902119659616,347.1839089524031,3223.7413194444443,1890.462369592367,0.14731842279434204,0.06347698718309402,-159.90652465820312,54.45367431640625,73.33576202392578,70.52671813964844,13.339508056640625,22.73708724975586,52.00651550292969,27.849109649658203,6.507526397705078,18.250839233398438,13.707408905029297,17.284374237060547,-7.777326583862305,15.13347339630127,-0.5249990224838257,12.606849670410156,-13.913042068481445,9.37308406829834,7.809854507446289,9.90276050567627,-15.739903450012207,6.86747932434082,8.222408294677734,8.369563102722168,-19.487565994262695,7.899397850036621,1,fake,file10018.mp3.wav_16k.wav_norm.wav_mono.wav_silence.wav
1.781625,16000,0.22385079520089285,0.10881451300071333,2283.7708022940965,1046.9516001039733,1553.061421491372,438.14432072491127,3978.6551339285716,1373.920356521659,0.12501725554466248,0.06580913066864014,-206.10556030273438,73.41117858886719,50.53700637817383,74.2554931640625,-3.8383593559265137,59.983802795410156,84.6528091430664,49.69954299926758,-10.669252395629883,36.418670654296875,-17.906681060791016,31.19948959350586,11.072980880737305,29.602876663208008,-15.758090019226074,21.770902633666992,-21.949831008911133,16.815555572509766,-8.587607383728027,13.307741165161133,-24.4951114654541,8.016626358032227,7.583179950714111,11.173645973205566,-11.461709022521973,10.796900749206543,1,fake,file10019.wav_16k.wav_norm.wav_mono.wav_silence.wav
1.7649375,16000,0.08894566127232142,0.03817378681318105,1594.9699334298032,467.5131556179091,1534.1557641631491,258.77270609044086,3156.1104910714284,888.4164186791378,0.15668275952339172,0.053315602242946625,-123.57147979736328,66.59143829345703,89.83905792236328,31.435579299926758,-28.89200210571289,27.06833267211914,47.94384765625,31.26272964477539,-8.73585319519043,22.598997116088867,-6.329878807067871,16.390087127685547,-19.91629981994629,16.3381290435791,-22.57676887512207,14.628875732421875,-23.71485710144043,11.362868309020996,-5.131290435791016,11.69504451751709,-27.03968620300293,7.560349941253662,-2.646803140640259,9.969346046447754,-25.445810317993164,10.925487518310547,1,fake,file1002.mp3.wav_16k.wav_norm.wav_mono.wav_silence.wav
1.9234375,16000,0.14624423668032788,0.11111561120714922,1363.5310912250493,806.4856937862976,1089.0025385445558,395.23268000263516,2486.808401639344,1278.8624334550084,0.10970461368560791,0.057580456137657166,-228.33839416503906,84.49336242675781,160.4968719482422,62.71064758300781,-37.53541564941406,45.88274383544922,35.26319122314453,45.299259185791016,-30.631364822387695,29.198211669921875,-9.491021156311035,36.23590850830078,-14.040825843811035,28.708919525146484,-4.281794548034668,23.861324310302734,0.8264877796173096,18.29607582092285,-15.896319389343262,13.925263404846191,-3.9326159954071045,13.317100524902344,-7.23114013671875,16.08365249633789,-0.4152235686779022,15.137185096740723,1,fake,file10020.mp3.wav_16k.wav_norm.wav_mono.wav_silence.wav
1.2858125,16000,0.09464319740853659,0.05556587068887174,1112.7933514196168,656.7168857440628,1252.939435516385,385.1101374837139,2064.4054878048782,1369.3876900984085,0.09613420814275742,0.030262483283877373,-198.46824645996094,68.69264221191406,139.9985809326172,46.93751907348633,-14.068879127502441,23.682899475097656,33.131900787353516,33.16178894042969,6.024652481079102,21.686967849731445,10.110650062561035,13.695005416870117,-13.25820541381836,18.89159393310547,3.502675771713257,9.127899169921875,-0.3785870373249054,7.8856635093688965,-6.482025146484375,13.452073097229004,0.5288786292076111,13.25500774383545,3.2801945209503174,9.153177261352539,-20.40110206604004,7.140126705169678,1,fake,file10021.mp3.wav_16k.wav_norm.wav_mono.wav_silence.wav
2.273125,16000,0.0862155490451389,0.05013468842994256,1539.3796816813872,581.2739482060292,1475.4489772631885,318.1966468862845,2971.137152777778,1083.6710389923444,0.15791743993759155,0.057122714817523956,-151.44833374023438,65.91365814208984,85.54496002197266,33.37873077392578,-25.882389068603516,38.68488693237305,35.448394775390625,33.451725006103516,-27.09567642211914,20.818920135498047,-2.626575469970703,14.919294357299805,-17.69167137145996,17.21372413635254,-7.51636266708374,13.609251022338867,-21.973758697509766,14.980497360229492,-4.6360321044921875,10.447718620300293,-12.458024024963379,9.119976997375488,-6.093595504760742,9.15555191040039,-5.0106024742126465,10.453237533569336,1,fake,file10022.mp3.wav_16k.wav_norm.wav_mono.wav_silence.wav
1.3196875,16000,0.1717587425595238,0.12490972299458487,1976.025838907667,985.7306414509103,1345.0093019776991,364.59399114077206,3548.1770833333335,1219.6450523582423,0.1625097543001175,0.0699380412697792,-176.7780303955078,78.27434539794922,83.73479461669922,77.76664733886719,-38.60761642456055,61.50811004638672,60.510555267333984,54.0648078918457,-31.238142013549805,40.406192779541016,-27.202579498291016,23.789413452148438,20.08243751525879,21.69484519958496,-27.279218673706055,23.44182586669922,-17.028234481811523,15.257561683654785,-0.49455389380455017,21.79140853881836,-25.989540100097656,13.4713716506958,8.133037567138672,11.068619728088379,-17.430246353149414,10.771286964416504,1,fake,file10023.wav_16k.wav_norm.wav_mono.wav_silence.wav
1.2394375,16000,0.1516426282051282,0.12347725831198017,2126.78737757446,1158.2469586325167,1653.2046605914038,418.1780891301824,3869.9919871794873,1549.7784272319445,0.17018276453018188,0.07249752432107925,-184.14260864257812,62.52900314331055,42.05616760253906,65.7480697631836,0.5001636147499084,34.1520881652832,48.25314712524414,35.31563949584961,-28.821767807006836,23.361499786376953,8.594395637512207,12.064102172851562,-20.006587982177734,17.43671226501465,-23.753055572509766,19.526752471923828,-27.632041931152344,9.533951759338379,-10.377018928527832,14.274126052856445,-19.581911087036133,8.592926025390625,-8.51395034790039,15.448328018188477,-0.294562429189682,12.176705360412598,1,fake,file10025.mp3.wav_16k.wav_norm.wav_mono.wav_silence.wav
1.369125,16000,0.21099427688953487,0.10907652468303031,1930.0127061785365,934.9965418925858,1334.8179152528246,383.0360655958962,3337.390988372093,1337.5024364309627,0.15280379354953766,0.08250759541988373,-178.05117797851562,78.67858123779297,88.03575134277344,63.49160385131836,-42.58021926879883,59.663936614990234,46.16099548339844,54.99520492553711,-19.872480392456055,44.90226745605469,-16.381031036376953,28.948139190673828,9.53548812866211,27.562366485595703,-36.835975646972656,23.542564392089844,-26.742826461791992,12.68998908996582,-1.5291056632995605,15.516002655029297,-22.562461853027344,10.94716739654541,11.240342140197754,13.3721342086792,-10.767477989196777,12.97998046875,1,fake,file10026.wav_16k.wav_norm.wav_mono.wav_silence.wav
1.5505,16000,0.0773178411989796,0.049004936472892266,1203.7176450336476,643.7173787486835,1404.4147726972064,294.98583713817715,2273.5969387755104,1266.0751768066887,0.11875400692224503,0.056788451969623566,-184.3910369873047,47.61457824707031,120.0795669555664,39.800498962402344,0.09874993562698364,19.88688087463379,36.918758392333984,29.038158416748047,1.3756555318832397,17.186487197875977,6.588761329650879,14.346431732177734,-1.5490940809249878,13.02789306640625,-1.5555728673934937,11.243517875671387,-13.468485832214355,10.317469596862793,5.707389831542969,12.392640113830566,-10.696487426757812,10.126449584960938,15.375076293945312,8.667122840881348,-23.785667419433594,7.938620090484619,1,fake,file10027.mp3.wav_16k.wav_norm.wav_mono.wav_silence.wav
1.6343125,16000,0.15312312199519232,0.14944137882385303,1855.1786082409649,1394.55814640244,1580.8422589029792,346.8873032693993,3285.3064903846152,1885.2543428908375,0.13313917815685272,0.05861465632915497,-168.49285888671875,57.925376892089844,82.93961334228516,70.47772216796875,17.800373077392578,26.0201358795166,34.56680679321289,30.18496322631836,0.2907851040363312,16.865703582763672,16.856231689453125,21.832107543945312,-6.008674144744873,20.612213134765625,5.093081951141357,9.080294609069824,-17.486026763916016,10.245850563049316,6.405130386352539,11.551894187927246,-12.25267505645752,7.773467063903809,9.918127059936523,8.577428817749023,-19.648990631103516,7.711215972900391,1,fake,file10028.mp3.wav_16k.wav_norm.wav_mono.wav_silence.wav
1.498875,16000,0.13182554853723405,0.13762848601966632,1790.1824373461266,1332.5512042106157,1575.4439398091804,456.8516395073036,3297.373670212766,1908.4405769509528,0.19501636922359467,0.06336338818073273,-116.41875457763672,73.23951721191406,96.68675231933594,58.16279983520508,7.209342956542969,43.0367431640625,11.749823570251465,33.47594451904297,-6.407774448394775,24.63634490966797,4.942611217498779,16.555822372436523,-21.602354049682617,18.49013328552246,-4.570259094238281,13.074616432189941,-6.107269287109375,11.062077522277832,-8.80574893951416,12.99235725402832,-13.650877952575684,10.376616477966309,-3.72407603263855,11.20946216583252,-4.046076774597168,12.850912094116211,1,fake,file10029.mp3.wav_16k.wav_norm.wav_mono.wav_silence.wav
1.9315625,16000,0.1338290855532787,0.07860173561980115,1848.2896192043797,827.1247042823904,1522.3698053489125,415.66869829705473,3316.470286885246,1505.7081816897994,0.10530656576156616,0.0694526955485344,-212.2236328125,146.01185607910156,84.04859924316406,40.44071578979492,-36.11281204223633,42.613182067871094,15.677017211914062,31.551151275634766,-23.17466926574707,28.07880401611328,3.483961820602417,17.736892700195312,-12.461162567138672,15.410202026367188,-3.258537769317627,11.214829444885254,-10.354247093200684,13.662354469299316,-0.9799248576164246,10.928204536437988,-10.083792686462402,9.109673500061035,-0.09772847592830658,9.258707046508789,-3.9473867416381836,8.363758087158203,1,fake,file1003.mp3.wav_16k.wav_norm.wav_mono.wav_silence.wav
1.934375,16000,0.0765320824795082,0.0309915204495857,838.7979337953564,285.0408584711116,790.5182756099101,258.7607296455952,1393.5706967213114,690.467184557117,0.23039516806602478,0.1104937195777893,-205.88914489746094,59.674373626708984,152.51878356933594,28.082855224609375,-24.680248260498047,41.82712173461914,-4.614326000213623,31.590078353881836,-22.037311553955078,22.28294563293457,-6.861673355102539,23.113784790039062,-15.415194511413574,20.877012252807617,-10.955812454223633,13.5110445022583,-8.164579391479492,13.614445686340332,-21.447771072387695,15.295662879943848,-11.879372596740723,12.327218055725098,-16.349674224853516,11.381946563720703,-17.406713485717773,14.731060981750488,1,fake,file10030.mp3.wav_16k.wav_norm.wav_mono.wav_silence.wav
2.1643125,16000,0.08809886259191177,0.07475049254313451,1460.604278615064,767.637804954111,1553.7852498058037,385.721081149419,2908.6626838235293,1445.4691497436809,0.21553020179271698,0.06456417590379715,-117.87332916259766,62.33418655395508,95.9944839477539,44.285457611083984,4.639057636260986,33.6702995300293,31.333667755126953,33.23038864135742,-19.462966918945312,20.103513717651367,2.1940629482269287,15.269176483154297,-12.514776229858398,12.60712718963623,-1.9677774906158447,16.227149963378906,-16.826784133911133,13.454716682434082,-8.478309631347656,13.263595581054688,-16.426851272583008,9.781867980957031,-9.646045684814453,10.66562271118164,-4.403442859649658,11.463335990905762,1,fake,file10031.mp3.wav_16k.wav_norm.wav_mono.wav_silence.wav
1.4665625,16000,0.08254076086956522,0.07394266742221346,1347.0215536309415,955.4876488516139,1391.8819878426687,428.5867667918543,2538.7228260869565,1579.5872380157,0.16680008172988892,0.06171424686908722,-138.5367889404297,61.2432746887207,123.35074615478516,63.93379211425781,1.1317254304885864,27.240942001342773,35.6286735534668,24.379709243774414,17.47691535949707,23.544862747192383,0.4107266366481781,17.2502498626709,-12.46478271484375,14.406831741333008,-5.283992767333984,11.632184982299805,-5.790646076202393,13.930707931518555,2.6122303009033203,13.209033012390137,-10.151933670043945,10.726465225219727,12.107192039489746,10.061498641967773,-10.044767379760742,9.675912857055664,1,fake,file10033.mp3.wav_16k.wav_norm.wav_mono.wav_silence.wav
1.3948125,16000,0.25654740767045453,0.18711441500026518,2377.8407686622313,1579.0096030107613,1441.0093929879129,429.37362639374055,3788.7073863636365,1953.34867649987,0.17179405689239502,0.1028774231672287,-235.26979064941406,92.92233276367188,44.949249267578125,73.9898910522461,2.4516186714172363,54.19062042236328,40.342864990234375,57.06604766845703,-36.71567153930664,25.472352981567383,-16.056758880615234,31.81781578063965,-28.012659072875977,15.421036720275879,-24.999059677124023,19.375513076782227,-14.018362998962402,23.549949645996094,-7.627264499664307,12.94508171081543,3.405661106109619,11.83513069152832,-13.632767677307129,12.457526206970215,5.17852258682251,7.7130279541015625,1,fake,file10034.wav_16k.wav_norm.wav_mono.wav_silence.wav
1.2099375,16000,0.20987099095394737,0.18282691446614244,2243.3269537098145,1875.332223068537,1478.532083910556,740.9520126808751,3625.2055921052633,2393.6716582234876,0.12404849380254745,0.06178763508796692,-257.4036560058594,86.73162841796875,73.71261596679688,77.98985290527344,-18.517419815063477,60.981109619140625,-13.633434295654297,36.26078796386719,-28.732196807861328,29.530370712280273,-46.26571273803711,23.656158447265625,-32.382904052734375,14.960094451904297,-22.245140075683594,14.909006118774414,-6.581562042236328,10.496788024902344,-27.074626922607422,10.097041130065918,-11.229679107666016,12.58838939666748,-12.05978775024414,8.512578010559082,-5.871880054473877,10.996760368347168,1,fake,file10036.wav_16k.wav_norm.wav_mono.wav_silence.wav
1.2316875,16000,0.11131560496794872,0.06824978043577301,908.3172225897504,398.5780197548154,877.3057207804345,283.67922585003026,1514.0224358974358,960.2233761937574,0.23025760054588318,0.09874248504638672,-214.14578247070312,40.05231857299805,149.96807861328125,42.94247817993164,-24.509613037109375,41.67906951904297,9.059979438781738,41.73550796508789,-28.36833381652832,27.226043701171875,-15.79311752319336,23.120500564575195,-24.59309196472168,15.481561660766602,-20.00627326965332,16.54033851623535,-14.636632919311523,16.73345184326172,-21.099472045898438,11.498259544372559,-11.841147422790527,12.593066215515137,-13.250505447387695,9.49062442779541,-18.017894744873047,11.535629272460938,1,fake,file10037.mp3.wav_16k.wav_norm.wav_mono.wav_silence.wav
0.905125,16000,0.06218009159482758,0.013299557747477321,1041.0809380216979,347.59592231312723,1071.3833487755305,477.9345615560006,1878.5021551724137,848.0781446670761,0.17005376517772675,0.12406090646982193,-283.20111083984375,71.11620330810547,77.33610534667969,39.01889419555664,-20.446245193481445,34.33744430541992,11.136887550354004,42.52252960205078,-23.004491806030273,20.73288917541504,-40.13926696777344,14.490004539489746,-26.04566764831543,18.379457473754883,-20.856664657592773,13.266885757446289,-9.628418922424316,9.68690013885498,-19.685001373291016,8.246272087097168,-4.05397891998291,8.298727035522461,-7.301478385925293,9.549776077270508,-3.482816696166992,4.565618991851807,1,fake,file1004.wav_16k.wav_norm.wav_mono.wav_silence.wav
0.814,16000,0.09014423076923077,0.05662671260590038,1030.9453675520913,358.35655979793347,997.0364952950363,378.85732413757677,1996.09375,1076.4062081272255,0.13774733245372772,0.08164849877357483,-198.19712829589844,52.04249954223633,179.31939697265625,38.277496337890625,-31.416851043701172,39.5623779296875,22.206775665283203,28.377578735351562,-28.90717887878418,46.12274169921875,-7.4353461265563965,23.89801788330078,-14.12844467163086,24.01784896850586,-13.037723541259766,31.58087730407715,-5.91718864440918,12.460054397583008,-15.084806442260742,11.711392402648926,-1.0718187093734741,13.985262870788574,-7.524142265319824,10.351800918579102,-1.8642830848693848,12.07635498046875,1,fake,file10040.mp3.wav_16k.wav_norm.wav_mono.wav_silence.wav
1.10125,16000,0.1326869419642857,0.1284176421425873,1757.9405272660733,1044.0621793673834,1371.2036876128955,354.64672374977766,3011.160714285714,1458.635248752429,0.16829130053520203,0.04180416464805603,-137.43919372558594,52.2328987121582,82.50789642333984,60.415584564208984,-39.96332931518555,46.07548904418945,8.130821228027344,38.34891891479492,-24.078983306884766,25.81266975402832,6.065759181976318,20.7672119140625,-27.909523010253906,22.044065475463867,-3.4970405101776123,13.834909439086914,-17.19011688232422,13.248260498046875,-3.7196898460388184,13.206644058227539,-7.930655479431152,12.444464683532715,-4.442198753356934,10.866158485412598,-8.005120277404785,13.969467163085938,1,fake,file10041.mp3.wav_16k.wav_norm.wav_mono.wav_silence.wav
0.750125,16000,0.11344401041666667,0.05253746411595639,1610.8838115471765,526.4670186397842,1526.3273857721233,305.9784587329327,3234.0494791666665,1083.9954700226735,0.12165109068155289,0.061631157994270325,-139.81707763671875,75.85877990722656,95.668701171875,32.98630905151367,-31.527923583984375,35.48145294189453,29.7232723236084,25.360647201538086,-15.93167781829834,23.139692306518555,0.9749927520751953,11.243170738220215,-21.910207748413086,16.198657989501953,-17.043426513671875,13.271659851074219,-16.50458526611328,12.433789253234863,-0.40217503905296326,11.909786224365234,-19.82671546936035,8.898159980773926,0.3520333766937256,8.003962516784668,-16.519668579101562,10.773590087890625,1,fake,file10042.mp3.wav_16k.wav_norm.wav_mono.wav_silence.wav
0.9925625,16000,0.0966796875,0.06392033316860812,1209.8517947536297,566.6681858432715,1180.615956703521,356.4005559041483,2472.900390625,1090.40536390449,0.11870728433132172,0.07408211380243301,-224.27383422851562,64.11595153808594,144.8038330078125,46.97624588012695,-16.645647048950195,38.749698638916016,65.40665435791016,41.27991485595703,-29.896495819091797,25.05972671508789,-14.173666954040527,37.063148498535156,-17.820072174072266,19.6149959564209,-16.76375961303711,23.22150230407715,-7.481601715087891,9.981131553649902,-13.55121898651123,17.898588180541992,-5.611214637756348,10.05126667022705,-14.325817108154297,9.859063148498535,-0.936617374420166,20.145565032958984,1,fake,file10043.mp3.wav_16k.wav_norm.wav_mono.wav_silence.wav
2.3109375,16000,0.1634605094178082,0.174755383843618,1780.1111310272818,1236.5929044492234,1485.4927592999504,439.7868581630204,3191.5667808219177,1852.2327741712495,0.12367209047079086,0.053730178624391556,-214.9274139404297,78.87919616699219,77.56668090820312,55.140655517578125,-18.845561981201172,39.816226959228516,38.353275299072266,36.55215835571289,-10.369166374206543,21.03606605529785,0.01907615177333355,15.988367080688477,-20.413307189941406,17.419292449951172,-15.493181228637695,18.91411018371582,-23.05029296875,12.31041145324707,-17.938339233398438,12.671167373657227,-11.804864883422852,7.2017340660095215,-14.807906150817871,13.124052047729492,-2.285977602005005,10.903972625732422,1,fake,file10044.mp3.wav_16k.wav_norm.wav_mono.wav_silence.wav
1.9776875,16000,0.12557491179435484,0.08947070921173805,1197.348232229031,560.3200897199681,1088.514685525958,381.46557563826923,2395.0352822580644,1176.855696590453,0.1430637389421463,0.08711475878953934,-215.89498901367188,81.61519622802734,145.3257293701172,54.93251419067383,-28.340137481689453,39.819862365722656,36.470619201660156,43.88970947265625,-21.4431095123291,25.499589920043945,-8.117866516113281,29.276580810546875,-10.149357795715332,24.150270462036133,-17.898025512695312,23.58803939819336,-7.59089994430542,14.238398551940918,-14.5549898147583,15.28416919708252,-5.692624092102051,10.471607208251953,-11.425018310546875,13.60558795928955,-3.1910250186920166,13.427618026733398,1,fake,file10045.mp3.wav_16k.wav_norm.wav_mono.wav_silence.wav
1.883125,16000,0.1666114936440678,0.14457265369136452,1756.0436862461954,1333.3350359184385,1537.8265858913148,490.1477748289657,3234.5074152542375,1930.332844898203,0.19937685132026672,0.0719325840473175,-171.50782775878906,55.92853927612305,81.56509399414062,68.82615661621094,22.415241241455078,37.75286102294922,43.268978118896484,37.23857879638672,0.34843510389328003,19.847740173339844,2.3623945713043213,16.35719108581543,-12.210624694824219,14.823899269104004,-6.548169136047363,17.3128719329834,-24.874940872192383,13.773730278015137,10.503443717956543,10.902670860290527,-17.065044403076172,10.375127792358398,-1.3053834438323975,11.210283279418945,-1.2708077430725098,11.02261734008789,1,fake,file10046.mp3.wav_16k.wav_norm.wav_mono.wav_silence.wav
2.763875,16000,0.13717896910919541,0.10558536054583975,1818.8244799294532,841.6356658991409,1559.8201849163581,280.71912636451225,3495.959051724138,1186.9887821197788,0.17081527411937714,0.05845225974917412,-108.38055419921875,62.702781677246094,84.35664367675781,46.956417083740234,-23.464920043945312,33.12263107299805,30.359010696411133,28.81706428527832,-23.018451690673828,21.09401512145996,0.27340221405029297,20.505939483642578,-16.97696304321289,17.613170623779297,-20.540895462036133,15.865272521972656,-23.373085021972656,13.601529121398926,-1.7559106349945068,10.895545959472656,-24.36819839477539,12.556657791137695,-1.9133169651031494,11.537802696228027,-25.52800941467285,11.30611515045166,1,fake,file10047.mp3.wav_16k.wav_norm.wav_mono.wav_silence.wav
1.39275,16000,0.06788219105113637,0.06441027590041594,941.4130563633458,606.1460121310156,1206.7277864301436,377.6828254933218,1893.465909090909,1351.1981935089268,0.20885294675827026,0.07795080542564392,-204.21835327148438,59.60411071777344,124.38361358642578,44.471614837646484,13.732418060302734,27.076265335083008,41.84484100341797,39.34333419799805,5.825204849243164,18.368545532226562,4.07155179977417,18.33405303955078,-7.988450527191162,15.704340934753418,-15.225194931030273,15.600332260131836,-18.16399383544922,11.88532543182373,1.6719772815704346,9.856424331665039,-12.899724960327148,11.312544822692871,0.06933145225048065,10.141838073730469,0.12370574474334717,6.835661888122559,1,fake,file10049.mp3.wav_16k.wav_norm.wav_mono.wav_silence.wav
1.2905,16000,0.0891649199695122,0.07289176189906513,1285.4080626950758,920.71240345639,1299.0950488572028,583.3999325005827,2506.2881097560976,1744.9476040249206,0.19325773417949677,0.09894406050443649,-169.58433532714844,69.16183471679688,126.63032531738281,62.36133575439453,-4.5380964279174805,44.77444839477539,28.645193099975586,40.09343719482422,-13.57458209991455,32.687469482421875,-5.005117416381836,17.043474197387695,-8.725203514099121,17.383180618286133,-16.314977645874023,16.210939407348633,-12.230663299560547,12.722954750061035,-4.834724426269531,9.418218612670898,-0.6572772264480591,12.796283721923828,-3.9223382472991943,11.10944652557373,0.4301036596298218,7.029104232788086,1,fake,file10050.mp3.wav_16k.wav_norm.wav_mono.wav_silence.wav
1.2719375,16000,0.18138427734375,0.1905403946122163,1885.437274356366,1501.396092938718,1490.5802670710195,450.7870471568368,3221.875,2013.8435380879116,0.16490696370601654,0.07816510647535324,-179.4089813232422,49.35209655761719,79.78706359863281,77.0297622680664,9.406991958618164,42.05659866333008,38.38148880004883,40.121726989746094,3.4244799613952637,18.30179214477539,-2.008211612701416,20.984569549560547,-15.820874214172363,11.82785701751709,-0.3293113708496094,16.580684661865234,-21.04770278930664,11.596322059631348,4.147622108459473,10.059529304504395,-7.835663795471191,11.410253524780273,1.573665976524353,12.699289321899414,-3.4848380088806152,10.445395469665527,1,fake,file10051.mp3.wav_16k.wav_norm.wav_mono.wav_silence.wav
3.178875,16000,0.111123046875,0.09698620670605303,1180.2360906763022,703.9916830689533,1075.4745969410706,354.64322657855774,2288.203125,1108.2778988697044,0.14676377177238464,0.06603249162435532,-223.55316162109375,83.80049133300781,143.0190887451172,62.077903747558594,-21.832204818725586,44.95600509643555,53.21070861816406,51.16079330444336,-27.9859619140625,23.455232620239258,-3.353771448135376,22.935361862182617,-2.642608404159546,21.04254913330078,-26.343891143798828,19.7408504486084,-10.16400146484375,16.651844024658203,-22.551973342895508,14.249757766723633,-9.777408599853516,12.535046577453613,-7.8398895263671875,11.01622486114502,-10.548469543457031,13.1920804977417,1,fake,file10052.mp3.wav_16k.wav_norm.wav_mono.wav_silence.wav
1.5470625,16000,0.08196149553571429,0.06196552550205135,1147.6562690117419,559.5803637310357,1280.1795532914846,600.7962634312988,2391.1033163265306,1622.2706979425182,0.2169390469789505,0.08959852904081345,-144.10977172851562,64.85681915283203,139.7904815673828,42.122047424316406,-15.577829360961914,49.16593551635742,30.705751419067383,33.48854446411133,-15.047877311706543,20.51332664489746,-2.4256184101104736,18.506689071655273,-9.644676208496094,16.848648071289062,-17.436115264892578,17.612882614135742,-11.815713882446289,12.843818664550781,-8.818724632263184,9.101961135864258,-4.861595153808594,7.875170707702637,-1.9556916952133179,10.003186225891113,0.49415385723114014,9.773574829101562,1,fake,file10053.mp3.wav_16k.wav_norm.wav_mono.wav_silence.wav
1.1838125,16000,0.11215952280405406,0.12723901432391374,1628.809407600067,1117.2977742194073,1367.9357586230485,244.87791517237412,2796.6638513513512,1529.1505257893423,0.1463296115398407,0.06490602344274521,-158.0914306640625,68.69322204589844,98.5029067993164,71.76118469238281,-7.711272239685059,26.13732147216797,24.00893211364746,33.889366149902344,-34.80817413330078,27.81726837158203,6.16171407699585,18.51698112487793,-17.41102409362793,18.980422973632812,-18.143888473510742,12.960221290588379,-16.53679084777832,10.047473907470703,-15.266524314880371,11.839699745178223,-3.2577197551727295,11.223532676696777,-2.3119475841522217,11.281377792358398,-16.30478858947754,6.952669620513916,1,fake,file10055.mp3.wav_16k.wav_norm.wav_mono.wav_silence.wav
0.9906875,16000,0.1720640120967742,0.122765139288539,2046.6435076418607,1256.3133022879624,1547.9404367039592,358.37165375719104,3757.3084677419356,1725.7451761596135,0.22252120077610016,0.09736629575490952,-100.46736145019531,52.554019927978516,71.77359008789062,68.54561614990234,-16.651708602905273,34.19022750854492,21.89423370361328,21.439908981323242,-32.23550796508789,22.30160903930664,1.6384421586990356,11.42883014678955,-5.054231643676758,17.858814239501953,-21.793764114379883,19.662748336791992,-22.431991577148438,15.493876457214355,-4.646931171417236,15.784405708312988,-28.358793258666992,10.237062454223633,4.941107273101807,9.643294334411621,-24.28232192993164,8.935735702514648,1,fake,file10056.mp3.wav_16k.wav_norm.wav_mono.wav_silence.wav
1.6833125,16000,0.08721808667452831,0.11051044023318946,1429.1908827770487,978.5568800982505,1442.9735350072956,386.25689460995795,2869.251179245283,1379.2382076298466,0.21229128539562225,0.08430888503789902,-128.9890899658203,54.781009674072266,109.36456298828125,62.75196075439453,-1.580702543258667,32.00632858276367,57.66073226928711,37.42378616333008,15.001042366027832,14.799616813659668,8.696840286254883,15.594184875488281,-0.1377273052930832,11.120747566223145,-3.201768398284912,16.99010467529297,7.206239700317383,13.475983619689941,-14.123024940490723,11.38232421875,-5.270582675933838,9.534320831298828,0.5824504494667053,8.892903327941895,1.71260666847229,10.658617973327637,1,fake,file10057.mp3.wav_16k.wav_norm.wav_mono.wav_silence.wav
2.9945625,16000,0.18463784075797873,0.1257769322363424,2275.4672085318653,1453.5881433700667,1710.8099661228978,581.5903492414446,3950.216090425532,2427.1968767310523,0.09304627031087875,0.07630933076143265,-274.8712158203125,188.58433532714844,70.89010620117188,77.0954360961914,11.150369644165039,29.22648048400879,26.690845489501953,33.003509521484375,-5.140828609466553,28.930828094482422,3.1372601985931396,14.504143714904785,-6.671711444854736,19.199989318847656,7.013425350189209,13.420038223266602,-7.9137678146362305,10.57069206237793,3.6055214405059814,10.433067321777344,-14.485539436340332,14.888086318969727,-0.19579611718654633,9.431724548339844,-8.648765563964844,8.734003067016602,1,fake,file10058.mp3.wav_16k.wav_norm.wav_mono.wav_silence.wav
1.5261875,16000,0.10268147786458333,0.07241338510233396,1633.6896066470338,786.373835400268,1610.4572365192241,378.35525724949406,3404.78515625,1373.7441888280757,0.17991705238819122,0.04757064953446388,-109.325439453125,41.21518325805664,98.20853424072266,38.415340423583984,-2.789041519165039,32.439517974853516,27.299470901489258,28.07625389099121,-29.985748291015625,27.384607315063477,8.917404174804688,15.420134544372559,-28.274328231811523,16.63493537902832,-16.920087814331055,14.538002014160156,-19.244064331054688,12.224693298339844,-13.943070411682129,11.920194625854492,-8.55310344696045,10.007491111755371,-2.574164628982544,7.655040740966797,-12.60977840423584,10.047506332397461,1,fake,file10059.mp3.wav_16k.wav_norm.wav_mono.wav_silence.wav
1.7125625,16000,0.08723958333333333,0.04764146882471086,1197.279801066066,749.1144667753438,1081.53026573494,403.33484830424993,2224.681712962963,1399.6460604941892,0.12469183653593063,0.06817856431007385,-254.24862670898438,119.97808074951172,145.16673278808594,58.89527130126953,-26.716581344604492,45.61885452270508,28.002307891845703,59.364933013916016,-37.96352005004883,30.639131546020508,2.818704605102539,27.301313400268555,5.471307277679443,20.042387008666992,-29.93094253540039,25.667396545410156,1.073972463607788,13.38461685180664,-10.388469696044922,24.028039932250977,-11.79773998260498,14.283502578735352,-6.960338592529297,12.239794731140137,-5.884835720062256,14.035484313964844,1,fake,file1006.mp3.wav_16k.wav_norm.wav_mono.wav_silence.wav
0.8624375,16000,0.17189308449074073,0.21205554439024582,1669.4715248961231,1659.511416778776,1356.3502258323051,469.0095419244743,2841.1458333333335,2163.103874954366,0.1393578201532364,0.05446476861834526,-234.10324096679688,63.46919250488281,99.50363159179688,67.54261016845703,11.078304290771484,14.764253616333008,49.156463623046875,44.67460250854492,-7.983752250671387,24.814056396484375,1.647347092628479,23.93387794494629,-2.981382131576538,16.43350601196289,-8.238269805908203,20.827760696411133,-8.001898765563965,14.833139419555664,-10.943458557128906,13.19078540802002,-8.265347480773926,14.275731086730957,-2.623941659927368,20.92619514465332,-11.249835968017578,10.943217277526855,1,fake,file10060.mp3.wav_16k.wav_norm.wav_mono.wav_silence.wav
2.1081875,16000,0.13092595880681818,0.09022979369855368,1249.800235545673,616.0633856523929,1153.4007253471689,436.50562130771425,2508.996212121212,1313.9705320787289,0.1357170194387436,0.08177097886800766,-238.8898162841797,75.5212631225586,144.2987823486328,55.25672912597656,-8.850720405578613,44.62370681762695,41.946537017822266,59.740196228027344,-39.25650405883789,23.676843643188477,-3.7244760990142822,26.799348831176758,-1.7646253108978271,25.665653228759766,-20.35248565673828,21.805360794067383,-2.971713066101074,17.36066436767578,-15.488471031188965,16.853134155273438,-10.73176383972168,12.228755950927734,-6.425792217254639,16.40205955505371,-8.148207664489746,17.680269241333008,1,fake,file10062.mp3.wav_16k.wav_norm.wav_mono.wav_silence.wav
0.375625,16000,0.12849934895833334,0.08176823994599927,1821.244657096945,903.60247500842,1716.1469989437971,425.2880284188619,3728.515625,1504.8144748097704,0.1663861870765686,0.03125183284282684,-99.7008056640625,32.50861740112305,90.99993896484375,45.51030349731445,11.945574760437012,29.405847549438477,39.07447814941406,27.847068786621094,-23.40883445739746,33.551536560058594,4.065365314483643,18.6928768157959,-37.495872497558594,18.904991149902344,-14.613051414489746,13.95942497253418,-24.314664840698242,13.75169563293457,-15.416126251220703,11.028951644897461,-8.620833396911621,17.500600814819336,-2.1617259979248047,5.957739353179932,-12.295353889465332,5.240152835845947,1,fake,file10063.mp3.wav_16k.wav_norm.wav_mono.wav_silence.wav
1.585625,16000,0.120341796875,0.11479288482481215,1126.9509156668328,770.0967930574319,1011.3189851991931,332.0262868313145,2135.625,1188.1328083646627,0.13785457611083984,0.06591159105300903,-230.23187255859375,95.88186645507812,166.63783264160156,59.05977249145508,-29.47994613647461,53.74911117553711,41.76848602294922,37.102882385253906,-26.371862411499023,31.1621036529541,2.7595975399017334,28.199275970458984,-6.049165725708008,23.39097023010254,-25.336278915405273,22.488420486450195,-2.0718533992767334,17.88142204284668,-15.684017181396484,19.479434967041016,-9.655863761901855,10.308778762817383,-6.904338359832764,12.137033462524414,-6.300343036651611,18.522979736328125,1,fake,file10064.mp3.wav_16k.wav_norm.wav_mono.wav_silence.wav
1.111,16000,0.08048270089285714,0.054811731814915166,1206.4027375908645,801.1220655657658,1297.777043318735,371.37961097170864,2233.035714285714,1386.7377522771064,0.19550974667072296,0.08101347088813782,-179.17127990722656,46.416351318359375,115.72145080566406,44.394569396972656,-6.157896995544434,18.208297729492188,35.76459503173828,36.177066802978516,3.472435474395752,18.055255889892578,-4.137390613555908,23.02666473388672,-12.545308113098145,17.453380584716797,-10.513806343078613,18.94732093811035,-20.76807403564453,13.092266082763672,4.494158744812012,9.318775177001953,-7.132810592651367,8.585010528564453,0.12763237953186035,11.83269214630127,1.7223072052001953,10.95380687713623,1,fake,file10065.mp3.wav_16k.wav_norm.wav_mono.wav_silence.wav
1.708875,16000,0.13266782407407407,0.08510324042789755,1513.2995891108312,1070.913754525271,1508.5059416538147,422.6644158600897,2928.8194444444443,1738.3423162563965,0.08386378735303879,0.03246971219778061,-212.1754150390625,73.7302474975586,99.42626190185547,57.74589538574219,2.9294819831848145,23.292417526245117,51.97214126586914,28.04184341430664,19.903934478759766,16.879915237426758,10.83082103729248,16.643484115600586,-23.167739868164062,16.02379608154297,7.122939586639404,7.588461875915527,-0.6923367381095886,8.106176376342773,-5.696258544921875,12.158933639526367,-12.296307563781738,13.294156074523926,6.036499977111816,7.113776683807373,-17.743680953979492,6.274618148803711,1,fake,file10067.mp3.wav_16k.wav_norm.wav_mono.wav_silence.wav
1.2276875,16000,0.20168519631410256,0.1506867472038467,2554.123503001603,1235.481567226539,1956.3206590733182,470.7224172254829,4708.533653846154,1704.8931088456466,0.13379347324371338,0.07775457203388214,-147.47727966308594,56.76739501953125,38.46821594238281,42.53319549560547,-10.516870498657227,50.00605392456055,-12.212091445922852,28.13695526123047,-11.170552253723145,30.665081024169922,1.5892878770828247,19.600265502929688,-14.052239418029785,19.904050827026367,-13.73509693145752,12.381202697753906,-24.29728126525879,12.031378746032715,-12.370882987976074,13.360563278198242,-17.866493225097656,9.50992488861084,1.0046288967132568,8.058148384094238,-16.57087516784668,10.376797676086426,1,fake,file10068.mp3.wav_16k.wav_norm.wav_mono.wav_silence.wav
2.2874375,16000,0.09270562065972222,0.043475109863656984,1509.8686758870324,625.1476715644288,1482.5215738633588,371.1706417419527,2974.5008680555557,1329.112041984793,0.16996996104717255,0.05305207893252373,-133.60202026367188,61.54692459106445,100.87564086914062,43.81605911254883,-14.556488037109375,28.12342071533203,32.70872497558594,38.1634635925293,-13.87359619140625,23.2515811920166,10.66153621673584,21.243162155151367,-35.10972595214844,16.113401412963867,-22.30157470703125,16.64681053161621,-15.089118003845215,13.954773902893066,-17.998254776000977,12.733963012695312,-8.145306587219238,12.132329940795898,-2.9964439868927,11.222740173339844,-18.70777702331543,10.888558387756348,1,fake,file1007.mp3.wav_16k.wav_norm.wav_mono.wav_silence.wav
1.4499375,16000,0.12107252038043478,0.09832254844407338,1287.9565908939114,1064.6907937490923,1386.0787439451885,461.92993066795617,2418.8179347826085,1772.593709570694,0.16425657272338867,0.0521882027387619,-161.0006103515625,56.531246185302734,121.52397155761719,61.05162811279297,6.59418249130249,22.298118591308594,40.4631233215332,21.582002639770508,18.354272842407227,15.948421478271484,14.113502502441406,15.403223037719727,-18.130477905273438,16.375627517700195,-2.3501861095428467,13.017631530761719,-4.30761194229126,9.980754852294922,-5.169220447540283,13.247145652770996,-9.683389663696289,12.655179977416992,7.4822797775268555,9.023150444030762,-22.00640869140625,9.654717445373535,1,fake,file10070.mp3.wav_16k.wav_norm.wav_mono.wav_silence.wav
1.69425,16000,0.1591151975235849,0.11896757094639934,1956.406446301476,1163.4810514985377,1705.3381912172947,357.5081249986471,3654.7759433962265,1739.5325430620007,0.19549831748008728,0.07940346002578735,-128.8036346435547,59.886566162109375,55.659996032714844,59.76621627807617,22.11189079284668,29.148136138916016,74.05913543701172,25.818723678588867,6.09677791595459,11.226936340332031,8.673055648803711,19.732690811157227,-6.528784275054932,15.411624908447266,8.44182014465332,13.271380424499512,-16.68321990966797,10.274951934814453,7.654861927032471,11.824658393859863,-16.498516082763672,9.217541694641113,10.112137794494629,7.450585842132568,-20.536502838134766,7.460020065307617,1,fake,file10071.mp3.wav_16k.wav_norm.wav_mono.wav_silence.wav
1.9776875,16000,0.20860635080645162,0.1858131540834578,2090.3415312225184,1583.0037069644175,1652.0876134697003,559.5951029261057,3724.1683467741937,2224.1978586365685,0.1732822209596634,0.0968983918428421,-183.21730041503906,56.053890228271484,78.4244155883789,60.86404037475586,21.884817123413086,39.981929779052734,30.42430305480957,40.89400863647461,9.16093635559082,23.865781784057617,4.375347137451172,18.17448616027832,-10.778851509094238,16.773937225341797,0.2690865099430084,17.674224853515625,-23.8587646484375,15.974061012268066,12.626909255981445,10.581244468688965,-11.807672500610352,10.69310474395752,2.4667556285858154,13.072519302368164,-5.263427734375,10.075950622558594,1,fake,file10072.mp3.wav_16k.wav_norm.wav_mono.wav_silence.wav
1.696625,16000,0.08058449074074074,0.08209027048365364,1228.2002722179748,682.6359722169459,1398.4736775216913,481.3120554444153,2621.672453703704,1411.6862210422107,0.2317875623703003,0.07510005682706833,-122.10747528076172,54.31621551513672,127.26197814941406,49.01692581176758,-6.483701705932617,30.704620361328125,50.927215576171875,35.10904312133789,9.406810760498047,16.544687271118164,6.413493633270264,21.898649215698242,8.609267234802246,18.003055572509766,-8.77956485748291,17.91172981262207,-0.34307071566581726,12.851895332336426,-13.991229057312012,12.832643508911133,-2.7388925552368164,9.738703727722168,-0.1627102643251419,8.84119987487793,-8.749175071716309,6.787330627441406,1,fake,file10073.mp3.wav_16k.wav_norm.wav_mono.wav_silence.wav
0.7024375,16000,0.1878995028409091,0.09634142801334467,2002.4179569288578,637.3456334766794,1505.301485990621,406.54207889656846,3729.403409090909,1117.4868118958298,0.15678708255290985,0.04786381125450134,-184.23512268066406,74.60015106201172,72.66354370117188,56.476253509521484,-22.83745002746582,49.74666213989258,100.143310546875,63.84522247314453,-9.048208236694336,24.922348022460938,-31.60468101501465,22.88983726501465,21.294553756713867,16.654678344726562,-32.10273361206055,23.653799057006836,-24.273265838623047,12.285036087036133,-9.214186668395996,17.37006950378418,-19.99522590637207,11.727204322814941,7.669490337371826,11.177495002746582,-22.140382766723633,9.719695091247559,1,fake,file10074.wav_16k.wav_norm.wav_mono.wav_silence.wav
0.9391875,16000,0.10135091145833333,0.09075717130314126,1408.0377849072283,848.8497528368913,1395.1703970871283,333.34203155015354,2640.1041666666665,1372.786056951236,0.14697547256946564,0.03151305764913559,-142.50747680664062,71.70848846435547,107.44746398925781,56.681785583496094,-9.213720321655273,31.75347900390625,49.00631332397461,28.23443603515625,2.346370220184326,18.684436798095703,-0.5164793133735657,18.488710403442383,-11.60431957244873,20.969087600708008,9.023426055908203,10.910510063171387,-6.502547264099121,13.856775283813477,0.8848265409469604,15.10021686553955,-17.333837509155273,13.476116180419922,-1.7040027379989624,12.516057968139648,-17.525522232055664,12.806915283203125,1,fake,file10076.mp3.wav_16k.wav_norm.wav_mono.wav_silence.wav
1.8590625,16000,0.07891949152542373,0.050782674264052176,1196.7296452138996,563.7916139887145,1207.0990018067112,309.32627831759777,2252.780720338983,1000.778425666365,0.18536724150180817,0.06653158366680145,-155.21763610839844,61.679420471191406,126.40435028076172,40.66541290283203,-28.049179077148438,43.89885330200195,48.092498779296875,29.27234649658203,-17.41844940185547,24.833980560302734,-7.069767475128174,15.960392951965332,-18.91012191772461,17.47637939453125,-6.852960586547852,15.111671447753906,-14.574817657470703,11.774721145629883,-10.029500007629395,12.836910247802734,1.7328184843063354,9.384833335876465,-8.08064079284668,12.722466468811035,7.656744003295898,10.17296314239502,1,fake,file10077.mp3.wav_16k.wav_norm.wav_mono.wav_silence.wav
1.7138125,16000,0.14957682291666666,0.11620113498865157,1211.7650720923868,635.6476526965904,1131.1466455711716,391.2840159072375,2385.5613425925926,1242.2331379626287,0.11366261541843414,0.05575678125023842,-219.39581298828125,68.10425567626953,164.47906494140625,49.19226837158203,-43.743682861328125,37.2525634765625,33.539058685302734,31.96700668334961,-14.994818687438965,24.16607093811035,2.6210575103759766,30.397729873657227,-25.085525512695312,20.915298461914062,-7.337666034698486,23.13285255432129,-7.798017501831055,16.04247283935547,-10.88144302368164,11.20423412322998,-5.6228251457214355,15.023364067077637,-16.924161911010742,18.862701416015625,4.909028053283691,14.823188781738281,1,fake,file10079.mp3.wav_16k.wav_norm.wav_mono.wav_silence.wav
1.9641875,16000,0.10842993951612903,0.1039448739068887,1324.2056400425513,929.6505339503904,1366.8889279010916,482.5581636689235,2661.5423387096776,1620.1838221828655,0.12379951030015945,0.07976427674293518,-246.44061279296875,103.5097427368164,99.16578674316406,49.826690673828125,8.206832885742188,34.233970642089844,56.62723922729492,35.044036865234375,-5.153684616088867,25.242923736572266,-2.8107199668884277,20.742734909057617,-6.984744071960449,15.28250789642334,-7.615501880645752,20.630041122436523,-5.702816963195801,20.41946792602539,-9.940293312072754,12.652435302734375,-5.8526129722595215,12.300307273864746,-6.100430965423584,15.313230514526367,-8.010575294494629,9.493172645568848,1,fake,file1008.mp3.wav_16k.wav_norm.wav_mono.wav_silence.wav
1.7101875,16000,0.15071614583333334,0.13908700588165426,1656.8944625350384,1161.318119299049,1488.1084624358648,354.16831714969834,2941.261574074074,1656.5889578938434,0.12121959775686264,0.04716441035270691,-156.07177734375,62.86963653564453,101.51200866699219,63.15395736694336,1.533226490020752,26.78335952758789,36.239444732666016,28.681846618652344,-3.958294153213501,20.402843475341797,5.793728828430176,18.279693603515625,-7.561769962310791,15.349959373474121,3.404449939727783,13.962138175964355,-15.390471458435059,10.75346565246582,10.938812255859375,10.316154479980469,-14.345189094543457,8.750406265258789,12.912351608276367,6.436121463775635,-19.070377349853516,7.6411285400390625,1,fake,file10080.mp3.wav_16k.wav_norm.wav_mono.wav_silence.wav
1.7488125,16000,0.09053622159090909,0.07828650359335408,1008.7445986767538,491.26331850336163,1005.5886335320379,346.1708389437784,2031.1079545454545,1046.107769770236,0.1657492220401764,0.06417305767536163,-210.00477600097656,72.02294921875,171.81814575195312,43.04531478881836,-36.56680679321289,47.15270233154297,45.43383026123047,39.66880416870117,-16.573745727539062,30.23369789123535,-6.379515647888184,28.802490234375,-11.969128608703613,31.176025390625,-25.576467514038086,25.023479461669922,-11.614418983459473,14.19881534576416,-21.220970153808594,16.353544235229492,-8.203845977783203,11.046610832214355,-9.240290641784668,12.87877368927002,-9.203720092773438,17.896909713745117,1,fake,file10081.mp3.wav_16k.wav_norm.wav_mono.wav_silence.wav
1.5881875,16000,0.087978515625,0.05939978554041516,1265.2581173383924,650.9742449853517,1452.7868109090912,357.01980276386087,2456.25,1437.0736460120963,0.11938736587762833,0.05641825124621391,-188.92361450195312,63.412925720214844,113.115234375,45.61446762084961,2.522789239883423,28.622262954711914,33.33452606201172,29.228546142578125,1.0459941625595093,23.536026000976562,6.985776901245117,18.895654678344727,2.6402230262756348,14.658510208129883,4.4903364181518555,13.271842002868652,-11.489200592041016,11.054274559020996,9.547201156616211,11.1985502243042,-13.270557403564453,6.995095729827881,11.86629867553711,6.931449890136719,-22.10741424560547,9.303723335266113,1,fake,file10082.mp3.wav_16k.wav_norm.wav_mono.wav_silence.wav
1.2909375,16000,0.08716415777439024,0.048261181015321356,1565.74856107518,499.889826915622,1469.5213256685997,387.98519225873514,3005.5259146341464,1080.1270017615414,0.20797841250896454,0.07925236225128174,-141.00425720214844,55.10990905761719,83.49234771728516,50.0146598815918,-27.91090965270996,36.80801010131836,44.11388397216797,21.282180786132812,-8.300999641418457,23.437580108642578,-8.904988288879395,11.356534957885742,-29.578678131103516,19.660158157348633,-4.783235549926758,9.154838562011719,-18.91259765625,14.790328025817871,-9.548758506774902,9.75264835357666,-7.75394868850708,14.162819862365723,-8.602252960205078,10.053157806396484,-3.734745979309082,9.20229434967041,1,fake,file10083.mp3.wav_16k.wav_norm.wav_mono.wav_silence.wav
1.0536875,16000,0.07492897727272728,0.0340710977344466,1170.091015852008,572.9046172936148,1359.0383803076375,424.77493881781936,2217.092803030303,1320.1881799656896,0.12733449041843414,0.0424380861222744,-162.655029296875,66.99923706054688,135.46572875976562,35.10966491699219,-2.031639814376831,27.876819610595703,20.44341278076172,21.741125106811523,-9.25810718536377,22.8184757232666,12.703640937805176,17.53266716003418,-6.597227573394775,19.61797523498535,-9.239696502685547,10.655152320861816,-11.325091361999512,13.448122024536133,10.991263389587402,12.086235046386719,-6.423642158508301,10.083757400512695,-5.8879899978637695,12.689988136291504,-12.339742660522461,7.619883060455322,1,fake,file10084.mp3.wav_16k.wav_norm.wav_mono.wav_silence.wav
1.191,16000,0.11334549753289473,0.07902483840873965,1666.0381384113875,1063.991859032976,1662.8990104133884,607.3944351040768,3209.7039473684213,2111.507150907015,0.14135923981666565,0.05750250816345215,-162.5061798095703,84.59281158447266,103.30902099609375,58.017967224121094,21.775678634643555,38.613338470458984,33.351097106933594,26.01430892944336,-2.7055912017822266,31.710514068603516,9.959900856018066,16.83251190185547,-12.183586120605469,20.394033432006836,10.14778995513916,16.56588363647461,-7.453426361083984,9.350566864013672,2.2835636138916016,15.377687454223633,-19.644128799438477,12.152729988098145,0.4316427409648895,10.003067970275879,-12.718215942382812,10.692585945129395,1,fake,file10086.mp3.wav_16k.wav_norm.wav_mono.wav_silence.wav
1.9705,16000,0.09064705141129033,0.05645647994828037,914.8299279679422,474.9594001113749,857.7415217085786,358.0170485172784,1571.194556451613,1062.4565493430973,0.24143430590629578,0.08721089363098145,-210.35572814941406,54.58737564086914,153.19227600097656,46.42357635498047,-25.781736373901367,47.730350494384766,13.219829559326172,47.950557708740234,-40.6243896484375,26.95138168334961,-18.77829360961914,23.371183395385742,-17.877506256103516,23.023853302001953,-23.06382942199707,16.904956817626953,-14.044764518737793,14.375505447387695,-21.274641036987305,13.38519287109375,-18.672956466674805,9.87673282623291,-14.647517204284668,11.102433204650879,-11.02190113067627,16.58856773376465,1,fake,file10087.mp3.wav_16k.wav_norm.wav_mono.wav_silence.wav
1.4085625,16000,0.08465711805555555,0.05774828475974554,1122.2461751172475,562.429359616453,1298.151041389086,446.15095609640844,2302.777777777778,1356.1785491007058,0.20127536356449127,0.07345198094844818,-194.50653076171875,50.08363342285156,122.10343933105469,42.342613220214844,5.820126056671143,34.941917419433594,49.327430725097656,41.3891487121582,-19.783742904663086,26.636716842651367,-1.254451036453247,24.18014907836914,-5.113288402557373,16.434066772460938,-25.203248977661133,16.569210052490234,-7.958284378051758,14.365800857543945,-6.049969673156738,11.870152473449707,-6.0611395835876465,12.218900680541992,-8.237547874450684,13.965283393859863,-5.148738384246826,9.374429702758789,1,fake,file10088.mp3.wav_16k.wav_norm.wav_mono.wav_silence.wav
1.3843125,16000,0.1320467862215909,0.14456222905980726,1403.3491784551447,1171.0758477954964,1452.4751975926151,481.2294005422193,2655.184659090909,1834.718066153969,0.14496958255767822,0.08311145007610321,-219.15908813476562,140.8238525390625,110.98192596435547,71.5402603149414,16.61882972717285,27.619056701660156,39.10061264038086,37.545799255371094,25.657245635986328,18.242712020874023,-3.4428980350494385,19.653610229492188,-4.272120475769043,12.026481628417969,-5.539029598236084,15.496781349182129,-6.6682586669921875,12.516204833984375,-5.650970935821533,9.730023384094238,-11.994179725646973,12.732809066772461,5.562887191772461,11.371722221374512,-8.578469276428223,8.028005599975586,1,fake,file10089.mp3.wav_16k.wav_norm.wav_mono.wav_silence.wav
1.6743125,16000,0.11259028596698113,0.07698572516454888,1098.5747258233139,447.1291687410195,974.574652889955,324.06063539249004,1969.4870283018868,946.304548441938,0.16585807502269745,0.0873824805021286,-193.0768585205078,71.4220199584961,166.75230407714844,42.23818588256836,-47.38456726074219,38.25980758666992,16.152618408203125,38.04616165161133,-22.589885711669922,31.607959747314453,-5.409762382507324,34.232181549072266,-11.194941520690918,22.252988815307617,-19.07827377319336,20.779640197753906,-8.098082542419434,15.47064208984375,-15.76491928100586,15.072349548339844,-5.167142868041992,13.547062873840332,-11.194625854492188,14.815025329589844,-3.463327407836914,13.168492317199707,1,fake,file1009.mp3.wav_16k.wav_norm.wav_mono.wav_silence.wav
1.5520625,16000,0.09601203762755102,0.05148103409785276,1417.5100894839434,455.8945543957506,1292.8850414825567,205.34571316111675,2647.9591836734694,857.0111973428452,0.14893466234207153,0.0552360899746418,-166.60028076171875,87.39868927001953,99.7221450805664,29.011796951293945,-55.34663391113281,40.251163482666016,40.27975082397461,24.37240219116211,-20.656721115112305,27.968740463256836,0.8935275673866272,17.226177215576172,-30.961570739746094,16.197586059570312,-12.978872299194336,16.43102264404297,-19.974262237548828,12.79851245880127,-13.662154197692871,9.595000267028809,-8.052038192749023,11.395002365112305,-12.069381713867188,8.842565536499023,-0.044643111526966095,5.894515514373779,1,fake,file10090.mp3.wav_16k.wav_norm.wav_mono.wav_silence.wav
1.1813125,16000,0.14372624577702703,0.11451476039854536,1845.4723099856935,982.312438398904,1450.3612226069918,273.48620021885984,3292.0185810810813,1308.2530016616058,0.1301576793193817,0.05149080604314804,-127.92867279052734,60.548343658447266,88.24385070800781,56.777286529541016,-38.82498550415039,31.334619522094727,19.1082820892334,31.03900909423828,-26.56000328063965,17.615163803100586,3.7421631813049316,18.368074417114258,-14.700287818908691,16.033395767211914,-14.527772903442383,16.361757278442383,-21.696563720703125,11.195267677307129,3.225754976272583,17.151596069335938,-24.46014404296875,9.7305269241333,6.056665420532227,11.642474174499512,-26.80601692199707,9.744909286499023,1,fake,file10091.mp3.wav_16k.wav_norm.wav_mono.wav_silence.wav
1.3313125,16000,0.09677269345238096,0.034253056567012434,1113.1086879235834,284.3790457723141,1054.2718776131405,265.9015981866276,2198.1026785714284,841.3643339773233,0.15291906893253326,0.0678686648607254,-209.0067138671875,83.41576385498047,160.8851318359375,47.193511962890625,-28.397994995117188,46.13248062133789,51.52509307861328,56.26876449584961,-35.42728805541992,36.938270568847656,-10.56124496459961,32.92415237426758,9.43966293334961,20.702709197998047,-30.248939514160156,26.278650283813477,-3.210278034210205,14.625411033630371,-15.657127380371094,23.427021026611328,-15.336362838745117,13.589736938476562,-5.239851951599121,11.849027633666992,-7.27667760848999,11.513225555419922,1,fake,file10092.mp3.wav_16k.wav_norm.wav_mono.wav_silence.wav
1.853875,16000,0.28130893049568967,0.253632530222921,2659.735242875072,2208.7833900690043,1365.528586150315,637.4480899101144,3928.4752155172414,2629.8141764451643,0.11258658021688461,0.0636448934674263,-276.8185729980469,94.56105041503906,41.615352630615234,96.05641174316406,7.3418660163879395,65.51831817626953,-18.801761627197266,44.22916030883789,-38.03511428833008,35.82151794433594,-29.53045654296875,28.61107063293457,-33.80018615722656,23.401105880737305,-30.374937057495117,18.623823165893555,-9.187018394470215,13.993165969848633,-17.36333656311035,16.036907196044922,-14.720099449157715,11.529409408569336,-6.197258472442627,10.838516235351562,-3.2638659477233887,7.257505416870117,1,fake,file10093.wav_16k.wav_norm.wav_mono.wav_silence.wav
1.13875,16000,0.05967881944444445,0.02146744837297455,1053.6667631618006,359.8987488244271,1132.7567253758473,384.40508616667995,2014.7569444444443,966.8050342980924,0.21761304140090942,0.06947024911642075,-112.68844604492188,55.93341064453125,160.5460662841797,48.03648376464844,-28.603933334350586,35.48027801513672,27.04100799560547,38.7775993347168,-7.996370792388916,26.08286476135254,12.326190948486328,20.357383728027344,3.613081693649292,10.291759490966797,-7.62047815322876,13.986932754516602,9.343939781188965,10.338848114013672,-12.28963851928711,14.691314697265625,-2.126204013824463,9.309308052062988,-4.271413326263428,6.992767333984375,-2.4095475673675537,8.981940269470215,1,fake,file10094.mp3.wav_16k.wav_norm.wav_mono.wav_silence.wav
0.7338125,16000,0.09037449048913043,0.05826605906758038,1489.904737148176,905.1141558220727,1483.9137393435587,529.2293467510837,3002.038043478261,1723.6932025059427,0.15416456758975983,0.04347514361143112,-152.54591369628906,55.34767150878906,111.14105987548828,51.08675003051758,-5.11198616027832,27.217206954956055,19.85363006591797,32.31360626220703,-15.149152755737305,31.744131088256836,8.408160209655762,15.143852233886719,-26.290023803710938,15.251556396484375,-12.86906623840332,16.224403381347656,-20.119800567626953,13.042611122131348,-18.032791137695312,14.427850723266602,-16.618104934692383,8.027153015136719,-4.486626148223877,12.569643020629883,-19.704992294311523,8.337325096130371,1,fake,file10095.mp3.wav_16k.wav_norm.wav_mono.wav_silence.wav
1.70175,16000,0.10252097800925926,0.05857030803397875,1556.1794037398174,790.5340247395659,1373.00309117489,324.91368607861654,2801.7939814814813,1336.7674758084468,0.14604268968105316,0.0629817545413971,-176.43582153320312,91.07501220703125,96.36007690429688,48.62363815307617,-31.560075759887695,35.16856384277344,30.64928436279297,27.802749633789062,-19.227176666259766,20.393606185913086,14.087593078613281,13.398567199707031,-38.381046295166016,17.83187484741211,-19.8162841796875,17.639986038208008,-8.079835891723633,18.60068130493164,-17.01259422302246,9.541960716247559,-10.580408096313477,11.157953262329102,-7.006572723388672,10.140313148498535,-1.1989319324493408,13.233232498168945,1,fake,file10096.mp3.wav_16k.wav_norm.wav_mono.wav_silence.wav
2.3658125,16000,0.18431957347972974,0.19474438071479933,1992.277435310192,1403.4391317146365,1524.6960262368393,496.8500198515077,3485.008445945946,2010.0508069837097,0.1305832862854004,0.05910265073180199,-199.5183563232422,74.50910949707031,71.30921936035156,64.56623840332031,-19.599748611450195,42.27378463745117,34.771976470947266,30.213960647583008,-12.554300308227539,21.230648040771484,5.8904008865356445,11.632390022277832,-24.916046142578125,13.958534240722656,-8.574206352233887,17.15801429748535,-20.794097900390625,13.263686180114746,-12.948848724365234,12.031922340393066,-10.202964782714844,9.277726173400879,-6.766511917114258,13.979204177856445,-4.166473865509033,11.21380615234375,1,fake,file10097.mp3.wav_16k.wav_norm.wav_mono.wav_silence.wav
2.4215,16000,0.2570929276315789,0.2194514604371474,2529.7560042127793,2105.53406374536,1422.6371342844277,584.3611564469237,3770.8675986842104,2595.5258404339006,0.11793382465839386,0.09073280543088913,-275.2494201660156,85.23008728027344,48.0681266784668,85.25428009033203,12.874006271362305,58.681026458740234,-8.33811092376709,37.73695755004883,-33.30238723754883,37.12327575683594,-28.590755462646484,21.774208068847656,-34.64546585083008,21.02533531188965,-24.885704040527344,19.900440216064453,-4.059506416320801,8.597420692443848,-12.76182746887207,17.538293838500977,-11.294184684753418,14.625398635864258,-12.741357803344727,13.791894912719727,1.2390365600585938,10.076939582824707,1,fake,file1010.wav_16k.wav_norm.wav_mono.wav_silence.wav
1.0566875,16000,0.19545611213235295,0.12346313218452357,2090.2969335407465,1181.1888215172894,1447.6467202467727,439.1286936607729,3653.4926470588234,1534.8213463472832,0.12799718976020813,0.06988272815942764,-203.55755615234375,85.33411407470703,83.75508880615234,72.11114501953125,-23.1816349029541,65.73383331298828,54.770477294921875,47.819496154785156,-13.072007179260254,40.06745910644531,-19.628202438354492,32.05663299560547,12.471256256103516,28.832162857055664,-26.85791015625,32.13435363769531,-19.879192352294922,12.154036521911621,-1.408949851989746,14.785335540771484,-20.68803596496582,11.25272274017334,9.218453407287598,13.635727882385254,-10.527552604675293,8.358159065246582,1,fake,file10100.wav_16k.wav_norm.wav_mono.wav_silence.wav
1.6598125,16000,0.10956280048076923,0.13735182033119114,1585.0092495492406,1170.8663419290879,1543.6069992411894,437.34108635556845,2980.769230769231,1732.528131862534,0.16652482748031616,0.0363478809595108,-147.42555236816406,83.05843353271484,101.20048522949219,48.60134506225586,5.580658912658691,34.73331832885742,30.351951599121094,37.41596603393555,-7.833982467651367,22.038864135742188,0.11259155720472336,21.802326202392578,-15.369406700134277,15.408345222473145,-1.5844407081604004,14.36027717590332,-13.486516952514648,16.076107025146484,-6.84303617477417,10.371574401855469,-9.201169967651367,11.313180923461914,-12.177079200744629,13.05939769744873,-4.631409168243408,11.918655395507812,1,fake,file10101.mp3.wav_16k.wav_norm.wav_mono.wav_silence.wav
1.3395,16000,0.08909970238095238,0.06661494934913496,1073.1773295457508,454.66250614140074,1094.9609768348203,306.58445115037597,2173.5491071428573,1069.7265184702112,0.1473418027162552,0.07921996712684631,-235.8179931640625,65.66878509521484,140.3638916015625,47.40963363647461,1.965613603591919,36.461517333984375,48.766666412353516,55.62335968017578,-36.71746063232422,38.18857192993164,-1.0817550420761108,26.76872444152832,-2.6426684856414795,24.31935691833496,-30.54665184020996,23.656654357910156,-9.790247917175293,10.087675094604492,-23.360864639282227,14.5662260055542,-4.2570695877075195,9.289610862731934,-11.225249290466309,12.24808120727539,-10.5098295211792,15.181365966796875,1,fake,file10102.mp3.wav_16k.wav_norm.wav_mono.wav_silence.wav
0.95375,16000,0.14186197916666668,0.11179598707451761,1725.475700475227,935.2399896891096,1522.2190244807691,381.3419369613576,3327.6041666666665,1520.0723160166226,0.17836973071098328,0.0651654526591301,-105.13556671142578,50.08540344238281,98.5992431640625,46.984859466552734,-17.62665367126465,36.89085006713867,28.548023223876953,26.493602752685547,-17.17330551147461,25.803428649902344,9.641708374023438,12.508641242980957,-33.55179214477539,17.766279220581055,-18.30075454711914,15.51767635345459,-8.935540199279785,15.158635139465332,-11.123137474060059,17.40467643737793,-10.92224407196045,14.016965866088867,-4.51979923248291,9.056252479553223,-10.47447395324707,8.778346061706543,1,fake,file10103.mp3.wav_16k.wav_norm.wav_mono.wav_silence.wav
1.0641875,16000,0.10337201286764706,0.08791651360987818,1595.296398481636,852.7022486250672,1450.2944223681316,285.5026384853049,3071.4613970588234,1262.1666796644638,0.14902415871620178,0.05836162343621254,-139.4710693359375,80.1326904296875,97.46478271484375,49.458438873291016,-21.24995231628418,40.534461975097656,22.87004280090332,34.161155700683594,-30.49927520751953,27.478939056396484,4.07951021194458,16.97125244140625,-13.29094409942627,20.234758377075195,-22.637941360473633,14.809979438781738,-21.190940856933594,13.527817726135254,-1.6871360540390015,12.94448471069336,-27.063194274902344,12.030335426330566,1.6912364959716797,10.80038070678711,-25.897920608520508,9.060535430908203,1,fake,file10104.mp3.wav_16k.wav_norm.wav_mono.wav_silence.wav
1.9985,16000,0.15253751240079366,0.11892524413911107,1891.4449227552363,1050.6619980941548,1570.6782036309028,354.377441721379,3516.2450396825398,1551.8188378140478,0.13035504519939423,0.05211421474814415,-148.67481994628906,58.82697677612305,84.8414306640625,57.85829544067383,-16.99095916748047,29.74330711364746,29.723909378051758,36.40237045288086,-21.137887954711914,27.206750869750977,-1.0361882448196411,24.496421813964844,-11.57373046875,17.42093849182129,-16.632932662963867,19.27547264099121,-25.06144142150879,11.292780876159668,-5.36862325668335,12.687541961669922,-29.530128479003906,10.375836372375488,0.5003017783164978,10.603887557983398,-24.168773651123047,12.336010932922363,1,fake,file10105.mp3.wav_16k.wav_norm.wav_mono.wav_silence.wav
2.5885,16000,0.18433521412037038,0.20101874395758368,1884.6339704138375,1825.6231607492384,1229.8307360142367,622.4266517203208,2969.23225308642,2432.5529199100797,0.08629085123538971,0.07109793275594711,-331.7885437011719,105.29996490478516,68.46258544921875,84.87615966796875,2.567512273788452,54.99302291870117,-7.628713130950928,32.17572784423828,-27.231348037719727,33.774959564208984,-13.975682258605957,22.129793167114258,-37.67809295654297,22.58075523376465,-34.23701477050781,16.058353424072266,2.0755608081817627,14.590219497680664,-14.665916442871094,10.921300888061523,-17.60789680480957,12.11745548248291,-5.06593656539917,9.111261367797852,-3.5639419555664062,7.920727729797363,1,fake,file10106.wav_16k.wav_norm.wav_mono.wav_silence.wav
1.3865,16000,0.13039328835227273,0.10644424117467007,1752.516583299441,1080.118808750085,1629.0859929471246,473.27292242112696,3441.583806818182,1674.7660862122937,0.19273044168949127,0.07948599755764008,-102.02967071533203,66.51863098144531,96.40847778320312,62.2030143737793,-0.6245459914207458,44.67067337036133,42.33449172973633,26.310672760009766,5.614984512329102,24.410846710205078,4.61866569519043,17.526948928833008,2.8285229206085205,16.31576919555664,-6.464003086090088,14.387863159179688,2.1919379234313965,11.881086349487305,-7.596739292144775,11.282535552978516,-1.2269136905670166,12.800932884216309,0.004958488512784243,9.78528881072998,-7.731757640838623,10.079357147216797,1,fake,file10107.mp3.wav_16k.wav_norm.wav_mono.wav_silence.wav
1.678125,16000,0.10649137676886793,0.09319695373543296,1562.241402747074,854.3640751237239,1604.6406498879828,462.8436297002431,3049.9705188679245,1741.5811405287347,0.24087752401828766,0.07644510269165039,-99.89369201660156,62.979862213134766,99.13378143310547,41.60737228393555,-6.015412330627441,32.35762405395508,6.827783107757568,23.69375991821289,-15.146467208862305,17.080020904541016,11.145257949829102,18.483320236206055,-16.135984420776367,15.449946403503418,1.0677846670150757,16.079885482788086,-7.235736846923828,14.108536720275879,-12.068942070007324,13.823785781860352,-13.137611389160156,10.86547565460205,-3.7920475006103516,8.560504913330078,-9.307438850402832,10.470868110656738,1,fake,file10108.mp3.wav_16k.wav_norm.wav_mono.wav_silence.wav
2.5475625,16000,0.193255615234375,0.12441047157243566,2157.174664407408,1181.7388670489886,1615.9227812019067,422.0209417482346,3857.421875,1765.992469019833,0.11570660769939423,0.06257301568984985,-185.3793487548828,139.455322265625,72.2049331665039,63.35667419433594,-22.46949005126953,38.5683708190918,17.51047134399414,28.067522048950195,-14.68913459777832,23.2004451751709,4.306040287017822,19.71710968017578,-23.043148040771484,17.00375747680664,-20.450305938720703,18.96772003173828,-14.968396186828613,16.71224594116211,-6.658271789550781,13.29769515991211,-22.547836303710938,14.82017993927002,4.074936866760254,11.837804794311523,-25.311107635498047,14.670682907104492,1,fake,file10110.mp3.wav_16k.wav_norm.wav_mono.wav_silence.wav
1.6921875,16000,0.08149690448113207,0.035047352285488186,1172.1308795702012,540.1066505182679,1221.3516871053591,509.96371448016544,2228.626179245283,1446.3428974140754,0.22211110591888428,0.10179110616445541,-149.49874877929688,60.411651611328125,133.84353637695312,42.70480728149414,-20.95746612548828,45.740299224853516,27.489660263061523,32.2166633605957,-22.132112503051758,25.196239471435547,3.6532812118530273,21.153547286987305,-13.36895751953125,15.952554702758789,-15.558343887329102,17.861974716186523,-12.928473472595215,13.858366012573242,-3.352983236312866,10.681432723999023,-3.0232465267181396,9.661344528198242,-4.673583030700684,12.307842254638672,2.0074667930603027,13.478182792663574,1,fake,file10111.mp3.wav_16k.wav_norm.wav_mono.wav_silence.wav
1.2533125,16000,0.10145263671875,0.10276357069103868,1351.989822388763,1200.8007118164217,1277.935088323597,458.1279282456653,2375.390625,1901.1578294632186,0.14916905760765076,0.061663102358579636,-174.15676879882812,73.7535400390625,133.02525329589844,84.22543334960938,4.05636739730835,28.935312271118164,20.106298446655273,24.717212677001953,17.800430297851562,20.58333396911621,-1.0247952938079834,17.47414779663086,-5.823365211486816,14.27148723602295,-4.4511847496032715,15.586874961853027,-5.600981712341309,13.374368667602539,4.173220157623291,11.470602989196777,-13.610986709594727,18.293272018432617,10.199493408203125,15.739818572998047,-10.633012771606445,12.889449119567871,1,fake,file10112.mp3.wav_16k.wav_norm.wav_mono.wav_silence.wav
2.288625,16000,0.13056776258680555,0.1370109864354633,1763.8081089458171,1234.5863910035805,1630.7938872102688,512.6818473179713,3282.1180555555557,1910.3930225771146,0.22226879000663757,0.07707817107439041,-114.16615295410156,54.629554748535156,94.16565704345703,49.181156158447266,3.9685261249542236,36.38444137573242,19.835153579711914,35.19995880126953,-13.452924728393555,24.613378524780273,-6.237400054931641,19.71516227722168,-16.995277404785156,19.9643497467041,-2.429277181625366,16.78258514404297,-11.03125,13.458548545837402,-12.951435089111328,10.849639892578125,-9.249521255493164,10.422201156616211,-8.182694435119629,10.825239181518555,-4.30319356918335,12.705698013305664,1,fake,file10114.mp3.wav_16k.wav_norm.wav_mono.wav_silence.wav
2.328625,16000,0.13808995077054795,0.10690989503780451,1593.8697424046838,1021.6698951275778,1569.3469205459876,540.5773876461249,3023.009417808219,1937.6376073170395,0.130102276802063,0.05006478354334831,-173.75772094726562,61.24238204956055,103.25843811035156,51.64262771606445,11.485950469970703,34.222129821777344,33.365394592285156,33.51047897338867,-11.49668025970459,34.35463333129883,6.71401309967041,20.530057907104492,-4.6633381843566895,18.863174438476562,2.2466912269592285,15.548225402832031,-10.397760391235352,13.425057411193848,2.537247657775879,14.36417007446289,-14.988702774047852,12.49268913269043,-1.1313776969909668,10.413302421569824,-11.003020286560059,13.192697525024414,1,fake,file10115.mp3.wav_16k.wav_norm.wav_mono.wav_silence.wav
1.9493125,16000,0.16860911885245902,0.10063941199745162,1861.3773650895873,1202.868400199,1605.846324023786,464.31948098400755,3482.8381147540986,1940.1540705023967,0.12426773458719254,0.044712554663419724,-157.25144958496094,71.90955352783203,82.83502960205078,66.60993194580078,-1.0849416255950928,27.047189712524414,43.85341262817383,32.94429016113281,18.166147232055664,18.350339889526367,21.460660934448242,16.591285705566406,-18.617450714111328,14.656973838806152,6.479323863983154,7.702483654022217,-6.070969104766846,10.987818717956543,5.224316120147705,16.567140579223633,-16.634178161621094,16.95136833190918,8.22546672821045,8.569352149963379,-17.15416145324707,8.039166450500488,1,fake,file10116.mp3.wav_16k.wav_norm.wav_mono.wav_silence.wav
1.4098125,16000,0.07606336805555555,0.043184836935194156,999.6781088718249,344.69466326945064,1050.720116568183,327.95514677896045,2065.972222222222,963.3467645722014,0.1430424302816391,0.061255887150764465,-213.6539306640625,57.49254608154297,158.61663818359375,44.07731246948242,-22.775068283081055,41.3110237121582,45.7365837097168,44.30859375,-27.25526237487793,28.784433364868164,-1.1567562818527222,18.8679256439209,-2.174372434616089,22.572311401367188,-29.275815963745117,23.439584732055664,-3.624802589416504,16.132646560668945,-15.97991943359375,13.038028717041016,-7.607553482055664,11.039670944213867,-11.99040412902832,14.459893226623535,-14.419439315795898,14.000333786010742,1,fake,file10117.mp3.wav_16k.wav_norm.wav_mono.wav_silence.wav
0.9540625,16000,0.12906901041666666,0.09297293289420011,1559.8873459615133,941.6986487882775,1351.3903266707046,343.9752515173822,2917.4479166666665,1375.9727905500897,0.15045307576656342,0.0499812476336956,-180.16641235351562,71.48616790771484,92.2769775390625,54.70885467529297,-21.66301155090332,37.37720489501953,52.077980041503906,42.473487854003906,-27.449199676513672,20.613876342773438,-2.7621495723724365,21.00075340270996,-4.5191216468811035,11.778960227966309,-5.0332841873168945,17.503847122192383,-2.3916921615600586,20.45226287841797,-5.455441474914551,16.210920333862305,-9.667698860168457,16.363679885864258,-8.702747344970703,13.532879829406738,-9.774179458618164,9.256049156188965,1,fake,file10118.mp3.wav_16k.wav_norm.wav_mono.wav_silence.wav
2.0614375,16000,0.14243539663461538,0.1005107061432207,1943.3212816982289,879.2689692757309,1644.9613212658242,372.5857014221767,3769.831730769231,1270.093220236891,0.13902871310710907,0.04904693365097046,-118.31739044189453,51.731441497802734,79.2930908203125,43.8187255859375,-25.0081844329834,44.03421401977539,29.57646369934082,32.44948196411133,-15.567941665649414,24.5300350189209,4.906192779541016,21.037338256835938,-21.02312660217285,11.208224296569824,-17.721776962280273,15.111806869506836,-20.435884475708008,12.30676555633545,-0.6026955246925354,12.32766056060791,-28.61379051208496,8.119291305541992,-3.1661529541015625,9.00280475616455,-25.060470581054688,8.934818267822266,1,fake,file1012.mp3.wav_16k.wav_norm.wav_mono.wav_silence.wav
1.3803125,16000,0.08042214133522728,0.056249585732509974,1156.3473734697548,551.530033630571,1198.9637958051935,580.5618547601489,2319.0696022727275,1520.1778420823737,0.2407253384590149,0.08138233423233032,-152.38909912109375,55.80788803100586,138.63690185546875,45.616336822509766,-28.48235321044922,49.92451477050781,23.225797653198242,40.65146255493164,-4.882197856903076,23.56552505493164,-8.058541297912598,20.112407684326172,-19.15422821044922,22.253429412841797,-4.805212497711182,18.299304962158203,-16.03074836730957,11.207228660583496,-10.177741050720215,12.17663860321045,-2.537201166152954,11.491113662719727,-11.807281494140625,14.621212005615234,1.8299404382705688,13.994024276733398,1,fake,file10121.mp3.wav_16k.wav_norm.wav_mono.wav_silence.wav
1.6389375,16000,0.1128680889423077,0.10521510496104827,1246.547626644751,891.7890091853845,1400.5801010001737,440.7095934228053,2506.610576923077,1542.2351626185985,0.09464064240455627,0.03180905431509018,-202.9903106689453,56.6121940612793,120.65689086914062,49.403133392333984,-0.003011116525158286,25.99125099182129,48.69581604003906,27.483905792236328,17.703136444091797,14.633838653564453,11.532715797424316,16.132259368896484,-22.94493865966797,14.520545959472656,2.648775339126587,10.86897087097168,-2.748325824737549,6.967778205871582,-5.515354633331299,13.677654266357422,-6.5213446617126465,14.034819602966309,3.2759244441986084,7.503056526184082,-18.04884147644043,7.202857971191406,1,fake,file10122.mp3.wav_16k.wav_norm.wav_mono.wav_silence.wav
3.30625,16000,0.13399564302884615,0.09753482470145956,1336.3588491097134,742.1952131113563,1181.1517763930392,430.6958593049591,2643.6298076923076,1366.8630743565304,0.11087194085121155,0.07067948579788208,-246.26690673828125,101.4482650756836,140.87619018554688,61.02727508544922,-31.054018020629883,38.625892639160156,46.822792053222656,48.809471130371094,-18.282596588134766,26.489755630493164,-6.39039421081543,27.745859146118164,-9.7709379196167,23.61612319946289,-15.642423629760742,25.02638053894043,-6.931084632873535,13.393261909484863,-15.524799346923828,18.886716842651367,-8.326631546020508,12.728580474853516,-8.62076473236084,10.751261711120605,-3.104313373565674,19.261356353759766,1,fake,file10123.mp3.wav_16k.wav_norm.wav_mono.wav_silence.wav
1.9898125,16000,0.1536380828373016,0.12470565407970266,1923.8394929612116,988.4869917337829,1533.7537951437819,342.02358989722666,3485.3670634920636,1388.082248752606,0.1430356502532959,0.04479030519723892,-120.13996124267578,68.99688720703125,78.9815902709961,52.80259704589844,-26.16805648803711,40.90254592895508,42.155296325683594,34.55527114868164,-12.675690650939941,18.179529190063477,-6.020718097686768,20.790939331054688,-28.318870544433594,17.122371673583984,-16.40361213684082,17.490001678466797,-25.191579818725586,12.060558319091797,-4.5871806144714355,15.563393592834473,-24.157983779907227,8.435991287231445,1.1464194059371948,8.517474174499512,-26.270427703857422,11.162586212158203,1,fake,file10124.mp3.wav_16k.wav_norm.wav_mono.wav_silence.wav
1.305875,16000,0.27085318216463417,0.2287004813823452,2745.2293977227005,1755.6830696410714,1874.2181449157931,441.7645054523503,4658.155487804878,2015.2185882637157,0.1496284455060959,0.04783634841442108,-111.41317749023438,41.432376861572266,52.274051666259766,56.744590759277344,15.695534706115723,34.11875534057617,12.751708984375,32.061729431152344,1.9468729496002197,22.888059616088867,-7.02623176574707,17.651174545288086,-19.13979721069336,17.426013946533203,2.4153218269348145,12.474824905395508,-11.065444946289062,11.903769493103027,-3.0362460613250732,10.116494178771973,-12.80312442779541,12.4635648727417,-6.961451053619385,10.799853324890137,-2.251398801803589,7.915220260620117,1,fake,file10126.mp3.wav_16k.wav_norm.wav_mono.wav_silence.wav
3.579375,16000,0.12777273995535715,0.10960100557192928,1591.6944614022661,1140.740318746236,1509.3725584226668,483.5527904543777,2917.96875,1893.2617248666033,0.12135976552963257,0.07644908130168915,-214.27943420410156,144.7235870361328,95.58928680419922,56.31993865966797,0.7613903880119324,29.22489356994629,37.52886962890625,29.915996551513672,6.051607608795166,26.286767959594727,5.711812496185303,19.768932342529297,-4.2206220626831055,21.12309455871582,3.2983055114746094,13.190281867980957,-8.581294059753418,15.791687965393066,-0.7754557728767395,15.127513885498047,-11.041443824768066,14.066841125488281,-0.2949173152446747,9.5938720703125,-12.980775833129883,11.717134475708008,1,fake,file10127.mp3.wav_16k.wav_norm.wav_mono.wav_silence.wav
1.1973125,16000,0.18099814967105263,0.16378504896671175,1995.4801203705822,1194.017913097164,1530.913653365097,369.1905842334929,3459.2927631578946,1719.7768668202077,0.15569038689136505,0.0663730725646019,-121.55307006835938,54.5203971862793,80.5919189453125,57.96141815185547,-15.8877534866333,38.015872955322266,12.475600242614746,28.396438598632812,-37.408180236816406,29.041025161743164,3.8431148529052734,21.955116271972656,-15.181619644165039,20.95905876159668,-14.618011474609375,16.624399185180664,-22.686906814575195,8.52853775024414,-1.9036762714385986,13.345211029052734,-25.322406768798828,8.130111694335938,0.2408013641834259,11.808239936828613,-23.4803409576416,11.820212364196777,1,fake,file10128.mp3.wav_16k.wav_norm.wav_mono.wav_silence.wav
1.546375,16000,0.05258490114795918,0.037592182142537255,1147.9842956645698,682.0888315978515,1336.774209104106,402.02721235846315,2341.996173469388,1329.4067056997512,0.1613195836544037,0.07022510468959808,-159.31451416015625,82.79737091064453,129.87193298339844,52.100337982177734,-4.619622707366943,32.8973274230957,47.103790283203125,34.33214569091797,8.32124137878418,22.424161911010742,5.909741401672363,13.100618362426758,10.998685836791992,13.742911338806152,-7.029012680053711,14.494776725769043,1.9849181175231934,12.899908065795898,-5.341054439544678,13.040860176086426,-6.294344425201416,10.930180549621582,1.7879313230514526,9.568758964538574,-0.7997846007347107,9.63523006439209,1,fake,file10129.mp3.wav_16k.wav_norm.wav_mono.wav_silence.wav
1.57025,16000,0.079189453125,0.031294476710971304,890.6501362499413,276.09406260688627,861.761137427886,362.0201522641671,1551.25,953.4350929992561,0.22329264879226685,0.06674399971961975,-225.5573272705078,60.11895751953125,154.7263641357422,50.22893142700195,-15.681610107421875,47.78382110595703,-4.607412815093994,58.48182678222656,-44.588436126708984,25.18986701965332,-1.412876844406128,28.118783950805664,-19.202625274658203,21.369892120361328,-22.166858673095703,14.235118865966797,-10.797126770019531,13.901093482971191,-23.493328094482422,10.960848808288574,-15.337318420410156,13.789834976196289,-14.391593933105469,9.320367813110352,-18.331724166870117,10.329705238342285,1,fake,file10130.mp3.wav_16k.wav_norm.wav_mono.wav_silence.wav
0.9748125,16000,0.09693170362903226,0.0674291217816471,1144.4917869700391,448.511719589562,1051.3286724291333,199.80019339519046,1966.2298387096773,979.8631461218432,0.2225479632616043,0.10858649015426636,-214.0709991455078,61.135467529296875,117.53182983398438,28.04824447631836,-30.108150482177734,60.46833419799805,28.92349624633789,39.360572814941406,-35.204185485839844,28.465373992919922,-8.197392463684082,18.761560440063477,-16.94136619567871,19.716413497924805,-22.171133041381836,23.076053619384766,-9.652209281921387,13.198442459106445,-18.761798858642578,15.883121490478516,-15.181976318359375,11.886670112609863,-6.300247669219971,8.315522193908691,-14.562455177307129,16.94040298461914,1,fake,file10132.mp3.wav_16k.wav_norm.wav_mono.wav_silence.wav
2.6094375,16000,0.09588176448170732,0.0789692554061393,1254.682713250632,937.0117401002896,1254.8098404325572,438.82876169465817,2408.2507621951218,1622.7534576888481,0.17647427320480347,0.06497747451066971,-208.705322265625,57.40386962890625,113.78645324707031,56.828121185302734,17.414491653442383,27.41451644897461,43.00172805786133,43.02758026123047,-31.538660049438477,30.28433609008789,-1.4376157522201538,19.70778465270996,0.7389387488365173,15.027077674865723,-11.33667278289795,15.675727844238281,-3.481581926345825,17.841026306152344,-11.896597862243652,10.86570930480957,-9.868727684020996,12.898170471191406,-2.536644458770752,16.200336456298828,-9.73280143737793,8.161335945129395,1,fake,file10133.mp3.wav_16k.wav_norm.wav_mono.wav_silence.wav
2.4983125,16000,0.16319101068037975,0.12322585660601429,1699.5200287809782,1098.3032790617885,1312.8779120503787,469.4648404173327,3113.034018987342,1682.4066044431115,0.10811445862054825,0.0754985511302948,-270.1407165527344,135.55470275878906,120.49354553222656,70.7518081665039,-16.644052505493164,44.827945709228516,53.12199020385742,46.535545349121094,-33.20346450805664,31.879613876342773,-7.4678544998168945,34.44120407104492,-14.707342147827148,29.322593688964844,-14.633993148803711,26.09777069091797,-4.3454084396362305,16.26275634765625,-17.437742233276367,17.724933624267578,-7.637129783630371,9.509326934814453,-6.76922082901001,13.094562530517578,-0.5031095147132874,19.212026596069336,1,fake,file10134.mp3.wav_16k.wav_norm.wav_mono.wav_silence.wav
0.8241875,16000,0.09778771033653846,0.06214208939151125,1341.879294186703,640.0046660790421,1487.7266271045041,399.45209052178706,2557.391826923077,1316.507343733819,0.18247079849243164,0.07870342582464218,-125.51437377929688,63.321937561035156,121.33165740966797,43.95322036743164,-1.880081057548523,33.83837890625,30.676530838012695,26.866811752319336,16.512439727783203,26.309450149536133,-1.2415395975112915,19.46343231201172,-5.56663703918457,17.475597381591797,-13.71484375,22.67413330078125,-12.34603214263916,16.62226676940918,-0.9478698968887329,18.787927627563477,-13.23907470703125,11.825881004333496,11.362257957458496,17.531627655029297,-18.835063934326172,13.670154571533203,1,fake,file10135.mp3.wav_16k.wav_norm.wav_mono.wav_silence.wav
1.1984375,16000,0.2265111019736842,0.15820200619560107,2102.8632063886494,1251.9190742692135,1343.3693546300183,448.7997956532379,3490.9539473684213,1652.8926590708804,0.1541188359260559,0.05915280431509018,-154.36146545410156,65.5425796508789,88.80480194091797,73.04540252685547,-41.838260650634766,69.78716278076172,21.82063865661621,32.70331954956055,-31.627172470092773,31.75058937072754,-10.459288597106934,24.214902877807617,8.68548583984375,29.753314971923828,-30.254898071289062,25.009916305541992,-17.808778762817383,13.903070449829102,7.476437091827393,20.62646484375,-19.245718002319336,11.990043640136719,7.377735137939453,14.156208992004395,-14.246230125427246,12.914424896240234,1,fake,file10136.wav_16k.wav_norm.wav_mono.wav_silence.wav
2.3555,16000,0.08341031461148649,0.051149070077053625,824.3959818281393,378.39167301085763,817.6346959351648,327.2736434370408,1336.9932432432433,958.6097489147924,0.23378710448741913,0.1039375588297844,-216.7764434814453,55.40797424316406,146.51316833496094,41.13309097290039,-10.662075996398926,36.500144958496094,6.204509258270264,38.0592041015625,-35.42827224731445,23.044946670532227,-14.195333480834961,25.802120208740234,-20.88400650024414,22.146989822387695,-24.864614486694336,13.572762489318848,-15.485295295715332,19.14787483215332,-17.01253890991211,14.499519348144531,-12.837808609008789,11.47016429901123,-18.734630584716797,9.879863739013672,-12.874733924865723,9.145150184631348,1,fake,file10138.mp3.wav_16k.wav_norm.wav_mono.wav_silence.wav
1.6813125,16000,0.10897884728773585,0.06895039481990177,1454.3904569960541,910.8669175692751,1581.4605299191658,350.03343570606404,2909.492924528302,1533.4973655678302,0.12764222919940948,0.054573457688093185,-187.541748046875,66.63289642333984,92.78373718261719,51.282711029052734,21.89420509338379,30.903554916381836,58.284423828125,36.919677734375,5.2878289222717285,25.085084915161133,5.462907314300537,20.894886016845703,-8.15736198425293,18.032243728637695,1.1247345209121704,10.194735527038574,-7.0791707038879395,16.161890029907227,2.487515687942505,10.737601280212402,-16.66806983947754,8.655867576599121,11.530738830566406,11.97268295288086,-20.28773307800293,7.659849643707275,1,fake,file10139.mp3.wav_16k.wav_norm.wav_mono.wav_silence.wav
1.8168125,16000,0.13201583059210525,0.12359690416635256,1589.0471619815985,1242.7195234021774,1436.2322671857257,557.3949014011536,2909.402412280702,2086.5736141420375,0.18726417422294617,0.06886497139930725,-135.57168579101562,48.69599151611328,119.12370300292969,80.74740600585938,13.77089786529541,27.74067497253418,33.69575500488281,37.850765228271484,-5.514958381652832,46.90549087524414,12.588595390319824,22.42966651916504,13.011526107788086,26.254270553588867,-12.059647560119629,22.602462768554688,0.3572816252708435,17.8088436126709,-11.27508544921875,11.414973258972168,-5.168878555297852,11.114819526672363,0.17494994401931763,6.751009941101074,-5.061999797821045,9.84170150756836,1,fake,file1014.mp3.wav_16k.wav_norm.wav_mono.wav_silence.wav
1.8169375,16000,0.16222930372807018,0.1379849959537411,1711.7832586157397,1244.4371880006336,1526.7446810204012,404.72156885721097,3056.469298245614,1889.5480349002935,0.11057540774345398,0.0519096776843071,-190.05166625976562,53.20501708984375,89.20828247070312,66.97364807128906,14.095026016235352,24.232616424560547,45.17755126953125,33.73200225830078,3.6266579627990723,19.317729949951172,10.937433242797852,15.549230575561523,-10.47455883026123,17.67022132873535,5.048094749450684,13.36695671081543,-12.241467475891113,9.777734756469727,5.359306335449219,9.852672576904297,-13.819790840148926,9.344348907470703,11.358634948730469,6.858702182769775,-19.134260177612305,10.375106811523438,1,fake,file10140.mp3.wav_16k.wav_norm.wav_mono.wav_silence.wav
1.0439375,16000,0.09527402935606061,0.056480413290298626,1081.4417268762309,418.0594154514396,988.8730480706042,374.53207213291375,2148.4375,958.1319524496217,0.12848719954490662,0.058625005185604095,-210.01683044433594,78.70317077636719,165.88018798828125,51.830223083496094,-28.94866943359375,52.57828140258789,34.95370864868164,55.99226379394531,-39.27031326293945,31.991167068481445,-8.902629852294922,17.097753524780273,3.950439929962158,19.3653507232666,-23.808683395385742,17.54635238647461,-4.016654014587402,10.6151704788208,-10.629949569702148,15.027799606323242,-8.588340759277344,10.588414192199707,-8.98292064666748,14.909442901611328,-9.591287612915039,8.66934871673584,1,fake,file10141.mp3.wav_16k.wav_norm.wav_mono.wav_silence.wav
2.227625,16000,0.14615652901785714,0.1593465340766527,1895.7826872388046,1284.4501647730876,1612.6091695772604,408.90261175047596,3499.776785714286,1880.5706734595951,0.16728344559669495,0.05466977879405022,-135.99972534179688,67.5223617553711,81.59738159179688,67.55168914794922,4.624669551849365,36.26156234741211,25.041046142578125,31.23029136657715,-15.365239143371582,28.36286735534668,0.033732783049345016,17.278987884521484,-20.018327713012695,17.893924713134766,4.12308931350708,14.086492538452148,-17.266874313354492,14.594589233398438,-8.327916145324707,11.252164840698242,-7.335477828979492,10.725362777709961,-7.2926459312438965,9.660270690917969,-3.8612217903137207,14.512314796447754,1,fake,file10142.mp3.wav_16k.wav_norm.wav_mono.wav_silence.wav
2.47,16000,0.11443935296474358,0.07366714114122372,1060.681960747214,534.9876699868131,877.10416486746,350.6323418159233,1872.5961538461538,944.36862486459,0.1427834928035736,0.07339345663785934,-204.65087890625,74.4532699584961,168.22584533691406,54.1911735534668,-38.47135925292969,44.91510009765625,11.004414558410645,54.52359390258789,-12.957191467285156,25.253637313842773,-11.401887893676758,25.95932388305664,-12.85433292388916,24.44441032409668,-15.880932807922363,17.054946899414062,-7.133421421051025,14.507596969604492,-11.302705764770508,15.4083833694458,-7.667176723480225,15.291084289550781,-9.791166305541992,14.871750831604004,-6.028690338134766,14.587034225463867,1,fake,file10143.mp3.wav_16k.wav_norm.wav_mono.wav_silence.wav
0.9099375,16000,0.11011584051724138,0.06985519256470471,1284.0889678270394,505.3305965337238,1279.7174802444456,312.0394112637006,2441.002155172414,1103.4773461031323,0.18978334963321686,0.06510082632303238,-217.66665649414062,80.19403076171875,97.13582611083984,34.70785903930664,-8.948616027832031,49.87519073486328,58.567298889160156,37.0035400390625,-35.095035552978516,28.406906127929688,-34.578792572021484,20.859315872192383,-26.419475555419922,22.548187255859375,-29.173507690429688,12.276688575744629,-16.830930709838867,19.968017578125,-13.012445449829102,14.245984077453613,1.3080763816833496,12.869482040405273,-16.30461883544922,7.603764057159424,9.606703758239746,10.170395851135254,1,fake,file10145.wav_16k.wav_norm.wav_mono.wav_silence.wav
1.2313125,16000,0.11776342147435898,0.06409596629300707,1192.258522180246,621.9423606476378,1429.2127003855746,444.4010761673938,2393.2291666666665,1502.648083780287,0.1125669851899147,0.0391327328979969,-184.00100708007812,60.954471588134766,124.2436294555664,47.18093490600586,5.60662841796875,29.673105239868164,37.19818878173828,32.39631271362305,10.931320190429688,24.097536087036133,11.11040210723877,12.124168395996094,-14.683080673217773,14.073090553283691,7.407801151275635,8.774598121643066,-3.3475935459136963,7.87690544128418,-4.652050495147705,12.504135131835938,-8.147140502929688,12.547033309936523,3.649549722671509,7.461512565612793,-18.032089233398438,6.415805339813232,1,fake,file10147.mp3.wav_16k.wav_norm.wav_mono.wav_silence.wav
1.6284375,16000,0.1242532169117647,0.1245285325470021,1690.7394416728457,971.2092384200571,1488.648162768173,343.2496691273431,3186.1213235294117,1500.0532200225718,0.17502735555171967,0.045669954270124435,-113.75618743896484,55.721710205078125,95.7325439453125,56.25282287597656,-13.205166816711426,35.36887741088867,24.7852783203125,36.36579132080078,-29.79046058654785,24.849843978881836,7.062282085418701,15.094590187072754,-31.654375076293945,17.832368850708008,-15.845582008361816,12.062910079956055,-15.785762786865234,14.25942611694336,-11.023650169372559,13.361590385437012,-4.75433349609375,11.821425437927246,-3.150240182876587,10.962310791015625,-12.722111701965332,10.397963523864746,1,fake,file10148.mp3.wav_16k.wav_norm.wav_mono.wav_silence.wav
1.4490625,16000,0.14397927989130435,0.1040943474003844,1494.6477763245105,784.5111044470341,1242.3000526378846,429.9217914872492,2668.648097826087,1302.4426796694383,0.22873973846435547,0.08174612373113632,-200.42593383789062,77.33724975585938,88.12923431396484,59.90424346923828,-27.318069458007812,65.0023193359375,36.307899475097656,54.98451614379883,-38.20915603637695,28.738508224487305,-21.266698837280273,29.851394653320312,-21.983606338500977,16.05682373046875,-30.853418350219727,15.6241455078125,-6.564633369445801,21.742639541625977,-13.12843132019043,12.160472869873047,0.6568799614906311,11.905778884887695,-18.3830509185791,9.622319221496582,6.537743091583252,8.327168464660645,1,fake,file10149.wav_16k.wav_norm.wav_mono.wav_silence.wav
0.855125,16000,0.14331958912037038,0.14162147713584441,1692.700063405519,1083.9282585907408,1448.0406866733945,447.6132656040395,2997.685185185185,1673.9368003594552,0.14329653978347778,0.05137839540839195,-151.15306091308594,68.029541015625,95.31900787353516,67.6793441772461,-7.940948963165283,32.48583984375,60.023590087890625,40.231685638427734,-1.9029122591018677,30.657075881958008,-5.157345294952393,22.10361671447754,-8.030360221862793,18.080310821533203,8.71743392944336,15.84411334991455,-8.064640998840332,9.064038276672363,-5.867401599884033,16.908151626586914,-12.910544395446777,12.139107704162598,6.220473289489746,8.458892822265625,-14.351940155029297,9.941729545593262,1,fake,file1015.mp3.wav_16k.wav_norm.wav_mono.wav_silence.wav
0.8005,16000,0.20143479567307693,0.16666124455437203,2742.3510076628004,1288.4226297867076,1972.0488044041385,343.99531516056675,5125.600961538462,1066.1523478138924,0.17580646276474,0.07532083243131638,-119.08372497558594,60.33396911621094,21.24287223815918,55.510536193847656,29.516475677490234,43.24114990234375,12.107898712158203,26.66525650024414,-25.06656837463379,16.529064178466797,-5.4000983238220215,9.76270580291748,0.38591906428337097,13.175626754760742,-5.210211753845215,15.60530948638916,-31.471742630004883,7.956657886505127,-5.711757183074951,12.447745323181152,-15.895580291748047,12.40209674835205,-1.2422760725021362,7.039053440093994,-16.029672622680664,9.974693298339844,1,fake,file10150.mp3.wav_16k.wav_norm.wav_mono.wav_silence.wav
3.5144375,16000,0.11998401988636363,0.1402188983427128,1760.1245425044,1126.5204716874423,1645.0851287328505,416.8314627659404,3403.5511363636365,1735.121677276869,0.22989948093891144,0.06716986745595932,-100.48871612548828,56.35166931152344,84.88762664794922,53.907493591308594,0.560225248336792,32.827964782714844,19.97840690612793,30.00714683532715,-13.538056373596191,20.645179748535156,-2.852466106414795,18.728878021240234,-21.12273406982422,15.962475776672363,1.1657034158706665,16.820676803588867,-7.643577575683594,14.438117027282715,-11.214337348937988,11.522622108459473,-12.156444549560547,11.586654663085938,-6.213472843170166,11.430745124816895,-5.5650954246521,10.41176700592041,1,fake,file10152.mp3.wav_16k.wav_norm.wav_mono.wav_silence.wav
3.1055625,16000,0.09547393176020408,0.06566541682352584,1072.2149483626326,384.35577685163827,1043.6133894207585,337.351183515345,2172.0344387755104,989.0911756378605,0.14353057742118835,0.0727875679731369,-213.1302490234375,70.75354766845703,154.53155517578125,37.89945602416992,-25.896875381469727,42.392093658447266,41.686119079589844,47.51211929321289,-30.590118408203125,31.511274337768555,-11.706128120422363,37.12295913696289,1.030158281326294,22.879222869873047,-20.22943687438965,21.699613571166992,-6.68936014175415,15.249547958374023,-15.891868591308594,20.510326385498047,-9.225933074951172,11.884075164794922,-5.846207618713379,15.192060470581055,-7.327935218811035,14.690695762634277,1,fake,file10153.mp3.wav_16k.wav_norm.wav_mono.wav_silence.wav
2.8085,16000,0.16693115234375,0.15463670351065786,1837.9455578053764,1123.523958030475,1568.20500919911,483.160408416854,3522.638494318182,1670.1956803759629,0.1609998345375061,0.06687071919441223,-165.05360412597656,73.19915008544922,77.00224304199219,54.20045852661133,-18.580810546875,50.31407165527344,37.97640609741211,29.553712844848633,-10.44428539276123,22.056554794311523,4.296286106109619,18.31741714477539,-22.05756378173828,15.937883377075195,-9.748785972595215,20.163227081298828,-22.49683380126953,13.697893142700195,-11.499887466430664,11.117542266845703,-13.597082138061523,10.265338897705078,-7.297427177429199,14.411627769470215,-6.94223165512085,9.1874361038208,1,fake,file10154.mp3.wav_16k.wav_norm.wav_mono.wav_silence.wav
2.8185,16000,0.14001053370786518,0.13691868798236778,1533.047652577516,1216.013638563321,1379.4247414288382,495.97857707443,2823.4726123595506,1862.8379107480262,0.14495638012886047,0.06023496761918068,-205.41822814941406,56.61333084106445,101.94141387939453,63.31882858276367,7.153775691986084,32.918087005615234,43.365631103515625,37.583011627197266,-15.043778419494629,26.61178207397461,2.2152369022369385,27.501237869262695,-9.840132713317871,19.98101806640625,-11.438497543334961,19.15688133239746,-6.691786289215088,15.362037658691406,-6.176702976226807,11.279683113098145,-7.398440837860107,14.434076309204102,-1.2527481317520142,15.43206787109375,-7.702279567718506,12.339171409606934,1,fake,file10155.mp3.wav_16k.wav_norm.wav_mono.wav_silence.wav
1.43175,16000,0.14161241319444445,0.10514280028901465,1506.2413090429436,559.8410443793075,1352.5477577174418,493.78775371899724,2851.5625,1289.799347484264,0.19626395404338837,0.056933559477329254,-207.439453125,86.32500457763672,87.8438720703125,36.02408218383789,-27.093994140625,73.72319030761719,46.397464752197266,55.34428024291992,-41.99140548706055,35.56357192993164,-31.849088668823242,21.478914260864258,-9.981667518615723,17.348846435546875,-32.73028564453125,15.58657455444336,-14.618478775024414,16.800384521484375,-11.570170402526855,8.109090805053711,0.6550357341766357,11.053083419799805,-22.552627563476562,8.580732345581055,6.681183338165283,8.688117027282715,1,fake,file10156.wav_16k.wav_norm.wav_mono.wav_silence.wav
1.701,16000,0.18287941261574073,0.1384056281621156,1956.2765486568653,1283.2569732735758,1645.6283537793954,414.18400458897366,3524.4502314814813,1945.9457441499474,0.12420164048671722,0.04815389961004257,-153.64430236816406,59.494205474853516,78.89654541015625,66.01490783691406,9.99355697631836,28.6201229095459,40.1209716796875,29.19459342956543,-1.2226678133010864,19.63651466369629,14.259503364562988,19.969676971435547,-13.66340446472168,16.018936157226562,7.80738639831543,10.140884399414062,-13.79127025604248,10.189581871032715,9.558014869689941,11.403081893920898,-15.341560363769531,8.960140228271484,14.408066749572754,6.620506763458252,-18.56606101989746,7.565536975860596,1,fake,file10157.mp3.wav_16k.wav_norm.wav_mono.wav_silence.wav
1.3165625,16000,0.10464332217261904,0.06396488706655258,1229.331702659268,473.1096051628317,1260.4902676524125,331.8301613412599,2441.592261904762,1085.1774464390892,0.23522824048995972,0.061468105763196945,-221.69073486328125,66.96195220947266,96.70896911621094,34.71003723144531,1.2739815711975098,55.29314041137695,71.8187484741211,46.040687561035156,-51.01876449584961,27.76758575439453,-27.950246810913086,24.04414176940918,-20.08341407775879,16.166725158691406,-42.439292907714844,16.56800079345703,-19.929128646850586,18.91822052001953,-12.467570304870605,9.852127075195312,7.176920413970947,8.853096961975098,-21.067886352539062,10.74294376373291,0.12297103554010391,5.448549270629883,1,fake,file10158.wav_16k.wav_norm.wav_mono.wav_silence.wav
0.95,16000,0.23483072916666667,0.22798216832201626,2425.9988238495766,2002.1928025259936,1457.5399485245205,542.2439490547317,3754.1666666666665,2260.6417298669803,0.10841257870197296,0.096748948097229,-260.8299255371094,89.45944213867188,62.30683517456055,64.7683334350586,-1.99141263961792,63.81391143798828,-13.294892311096191,31.590463638305664,-40.417781829833984,34.681819915771484,-21.386964797973633,23.336484909057617,-31.0338077545166,12.349822044372559,-23.671579360961914,14.17909049987793,7.6583662033081055,10.844958305358887,-17.29155921936035,12.39382553100586,-12.691354751586914,11.479089736938477,-13.686930656433105,9.543763160705566,2.8220913410186768,5.364657878875732,1,fake,file10159.wav_16k.wav_norm.wav_mono.wav_silence.wav
2.2004375,16000,0.16080021512681159,0.14088974001187254,1741.5099963435978,1069.507283313272,1420.1628236448164,389.7091342866868,3112.4320652173915,1650.9499864846127,0.14099428057670593,0.06323130428791046,-178.1310272216797,65.92564392089844,86.61431884765625,57.27994155883789,-36.129905700683594,36.24652099609375,35.01300048828125,33.029232025146484,-21.864797592163086,25.12808609008789,8.117767333984375,17.52881622314453,-32.972511291503906,16.59739875793457,-15.033832550048828,18.170063018798828,-17.560768127441406,15.414068222045898,-18.011228561401367,11.937138557434082,-11.179742813110352,10.504478454589844,-13.539199829101562,13.231186866760254,-3.2859222888946533,11.03486442565918,1,fake,file10160.mp3.wav_16k.wav_norm.wav_mono.wav_silence.wav
2.1454375,16000,0.12586167279411764,0.12935358495317123,1592.6829554983794,1086.4965009225216,1495.5211656514673,363.44529477943814,2985.1792279411766,1553.9108708269955,0.17897668480873108,0.05128947272896767,-112.34088134765625,52.5515251159668,98.49462890625,64.5547866821289,2.315828800201416,32.89646530151367,50.753929138183594,28.266746520996094,21.272972106933594,19.671066284179688,-3.2284297943115234,20.692724227905273,-12.6459321975708,11.425864219665527,-8.716887474060059,12.872452735900879,-6.437356472015381,10.187801361083984,-5.262585639953613,14.36546802520752,-11.025562286376953,9.443418502807617,4.532392501831055,11.671314239501953,-10.859444618225098,12.040321350097656,1,fake,file10163.mp3.wav_16k.wav_norm.wav_mono.wav_silence.wav
1.77325,16000,0.12924630301339285,0.10429585609501081,1181.0411402706256,602.8742284152908,1122.6559374787862,371.1674122409245,2389.229910714286,1143.9493614129085,0.1598227471113205,0.10579539090394974,-212.9440155029297,75.75603485107422,139.37911987304688,51.818912506103516,-16.815290451049805,38.046783447265625,42.06089401245117,49.73977279663086,-18.912261962890625,32.46799850463867,-9.398982048034668,27.58098602294922,-5.96804141998291,27.647480010986328,-22.230358123779297,21.684280395507812,-14.732443809509277,15.120709419250488,-20.897701263427734,17.794601440429688,-10.197999000549316,11.460321426391602,-7.371489524841309,13.390225410461426,-5.819834232330322,14.546035766601562,1,fake,file10164.mp3.wav_16k.wav_norm.wav_mono.wav_silence.wav
1.3305,16000,0.14242699032738096,0.09127753393492673,1648.846183588553,959.2322354881815,1292.2391532376387,388.56258816706713,3141.183035714286,1340.092259311251,0.13936802744865417,0.05906170234084129,-187.1855926513672,65.72686004638672,120.50914001464844,67.00713348388672,-27.214689254760742,62.47433853149414,40.50751495361328,35.109012603759766,-42.770835876464844,45.79234313964844,-16.026138305664062,26.406919479370117,22.266738891601562,28.752399444580078,-34.64341735839844,19.718273162841797,-15.803044319152832,14.90546989440918,4.09644889831543,19.957786560058594,-23.883893966674805,16.24187469482422,3.120058298110962,12.334504127502441,-8.57495403289795,11.01889705657959,1,fake,file10165.wav_16k.wav_norm.wav_mono.wav_silence.wav
1.274,16000,0.06837158203125,0.026672961055944428,945.5658483954019,273.62069194108784,976.2668916463186,319.783168482408,1591.9921875,690.4665389740991,0.21568965911865234,0.08017437905073166,-169.7145233154297,74.704345703125,155.80337524414062,49.333316802978516,-21.54081153869629,42.96907043457031,6.226194858551025,45.75002670288086,-24.77108383178711,31.528146743774414,6.554333686828613,19.236713409423828,-19.25321388244629,16.447917938232422,-9.009180068969727,13.149943351745605,-11.4417724609375,12.01965045928955,-13.716493606567383,11.472393989562988,-1.6683263778686523,9.115078926086426,-10.013327598571777,12.222953796386719,2.582225799560547,9.707576751708984,1,fake,file10166.mp3.wav_16k.wav_norm.wav_mono.wav_silence.wav
1.447625,16000,0.117919921875,0.10192961668820265,1671.4241588660668,1096.8443337259528,1496.2310137096358,537.3173860081583,3228.600543478261,1837.3797777736222,0.17475688457489014,0.07553773373365402,-122.81257629394531,66.18722534179688,105.69243621826172,75.22418975830078,-8.175641059875488,36.3016242980957,46.241119384765625,36.24908447265625,1.7988258600234985,15.988901138305664,4.210521697998047,15.188081741333008,5.4121575355529785,17.110031127929688,-5.587589263916016,15.808648109436035,0.7765911221504211,10.17369270324707,-6.67976188659668,16.042360305786133,-1.0503274202346802,15.011550903320312,-0.9455356001853943,8.932156562805176,-0.9058790802955627,9.123401641845703,1,fake,file10167.mp3.wav_16k.wav_norm.wav_mono.wav_silence.wav
1.843125,16000,0.12499158135775862,0.13414801678158314,1262.42435581637,1117.0748655234777,1232.6297887946052,487.3319486275514,2168.6422413793102,1839.5662017039936,0.14887017011642456,0.05649000406265259,-224.03541564941406,57.324954986572266,128.84353637695312,57.73579025268555,14.76174545288086,27.420122146606445,18.910377502441406,31.536319732666016,-25.850868225097656,31.578588485717773,13.934667587280273,16.433687210083008,-2.6480824947357178,19.20561981201172,-17.740467071533203,21.864707946777344,0.08727014809846878,15.123342514038086,-7.904082775115967,11.32752513885498,-16.051715850830078,8.848520278930664,5.387655258178711,11.276183128356934,-11.372968673706055,9.257584571838379,1,fake,file10168.mp3.wav_16k.wav_norm.wav_mono.wav_silence.wav
1.246625,16000,0.1648888221153846,0.10312518221883696,1842.1927139968689,770.1175354702367,1523.0901768388353,549.4806887706372,3292.86858974359,1711.9172092157112,0.16261078417301178,0.07153774052858353,-131.72528076171875,52.34780502319336,72.13020324707031,45.74732208251953,-42.73907470703125,54.70458221435547,-10.632341384887695,30.285364151000977,-25.28630828857422,19.13323211669922,-2.239257335662842,18.85137939453125,-13.643437385559082,17.008686065673828,-5.1564154624938965,11.673928260803223,-21.532047271728516,11.722005844116211,-7.575157642364502,7.402743816375732,-9.582653045654297,7.530653476715088,-4.1535773277282715,10.657185554504395,-14.122272491455078,9.597023963928223,1,fake,file10169.mp3.wav_16k.wav_norm.wav_mono.wav_silence.wav
1.32925,16000,0.15798223586309523,0.1218174092613166,1961.2343287422416,1145.6639721340937,1653.87558040341,441.6956305174622,3705.9151785714284,1763.285808751593,0.13039647042751312,0.025818945840001106,-120.236572265625,51.70148468017578,91.59405517578125,56.050636291503906,-1.8042227029800415,34.47064971923828,21.087656021118164,22.270357131958008,-22.798385620117188,17.438926696777344,12.576682090759277,19.18619728088379,-37.19253158569336,17.494842529296875,-17.20591163635254,13.479249954223633,-17.227802276611328,14.179374694824219,-5.340890884399414,12.391680717468262,-9.20594310760498,15.157546997070312,-1.2674471139907837,9.072718620300293,-17.214950561523438,10.315699577331543,1,fake,file1017.mp3.wav_16k.wav_norm.wav_mono.wav_silence.wav
1.248375,16000,0.1076416015625,0.04416880425492632,1303.1582467250748,673.1512147328486,1440.004902117011,454.6915643555456,2570.5078125,1478.805843275896,0.10466982424259186,0.025186028331518173,-168.04473876953125,53.42567825317383,123.15130615234375,52.10595703125,-3.761603593826294,33.508018493652344,34.8580207824707,35.03313446044922,13.585535049438477,14.10185718536377,12.940950393676758,14.976619720458984,-22.088647842407227,17.531944274902344,6.439233303070068,12.742569923400879,-1.4089628458023071,10.84657096862793,-4.965339660644531,10.249664306640625,-5.646543025970459,12.478099822998047,5.934143543243408,8.046187400817871,-21.894723892211914,8.434005737304688,1,fake,file10170.mp3.wav_16k.wav_norm.wav_mono.wav_silence.wav
3.340125,16000,0.12656715029761906,0.1428223382846989,1782.5198423974618,1327.2332226644608,1596.0933548186238,387.05737734185607,3160.565476190476,1802.912985851551,0.20202858746051788,0.06695926934480667,-118.307373046875,54.08952331542969,94.76668548583984,54.18573760986328,4.516270637512207,33.04008102416992,12.158763885498047,34.56987380981445,-17.114917755126953,27.102493286132812,5.05588960647583,20.71588134765625,-18.136356353759766,17.26555824279785,-1.8412535190582275,14.363001823425293,-6.615722179412842,11.520136833190918,-7.73294734954834,12.25185775756836,-10.723358154296875,10.728744506835938,-2.168935537338257,13.347326278686523,-9.684234619140625,15.452140808105469,1,fake,file10171.mp3.wav_16k.wav_norm.wav_mono.wav_silence.wav
1.6963125,16000,0.11561414930555555,0.08042965181115573,1363.1692055101014,745.7092561635527,1492.452111052506,420.4931801887192,2715.1331018518517,1518.4641882628614,0.17829486727714539,0.06549185514450073,-162.34510803222656,63.61615753173828,105.08219146728516,36.51762008666992,-3.3321962356567383,32.784603118896484,27.08979034423828,32.7975959777832,3.7277450561523438,17.755136489868164,-1.4339567422866821,19.223159790039062,-11.469154357910156,15.285032272338867,-2.421333074569702,16.597808837890625,-18.155006408691406,12.808696746826172,8.644393920898438,9.255303382873535,-11.301127433776855,11.506041526794434,0.5723832249641418,9.613078117370605,-1.1110838651657104,9.38040542602539,1,fake,file10172.mp3.wav_16k.wav_norm.wav_mono.wav_silence.wav
1.4535,16000,0.14924422554347827,0.1283121894653524,2079.0511888662913,1103.4026929020179,1647.0758436051192,384.9254289075398,3793.3084239130435,1592.3321519499384,0.1647656261920929,0.06579623371362686,-116.34786987304688,42.34503936767578,60.83030700683594,53.54310607910156,-15.813558578491211,44.206329345703125,12.428077697753906,16.307981491088867,-28.166244506835938,17.276447296142578,-16.294673919677734,12.640693664550781,-10.495170593261719,15.381720542907715,2.270470380783081,9.845040321350098,-23.67976951599121,9.959495544433594,-7.0222272872924805,10.32912826538086,-9.868643760681152,8.653827667236328,-7.145153999328613,7.370692253112793,-16.66999626159668,9.634663581848145,1,fake,file10173.mp3.wav_16k.wav_norm.wav_mono.wav_silence.wav
1.525375,16000,0.07924397786458333,0.058105208737373064,1379.473940840098,758.4805361964314,1395.6449698497738,396.37967567439057,2694.0104166666665,1311.8365190167058,0.16884207725524902,0.05580051615834236,-123.51566314697266,57.94169998168945,113.9632568359375,63.58553695678711,-11.582454681396484,38.69403076171875,52.4381217956543,31.02136993408203,1.3113089799880981,23.576936721801758,1.626156210899353,14.590496063232422,7.212926864624023,10.749994277954102,-4.104607105255127,13.636848449707031,5.800143718719482,14.259745597839355,-2.2847025394439697,12.72236442565918,-8.689862251281738,9.997100830078125,-3.134119749069214,7.363643169403076,-5.719205856323242,6.968114376068115,1,fake,file10174.mp3.wav_16k.wav_norm.wav_mono.wav_silence.wav
1.502125,16000,0.10724526263297872,0.10267405121384071,1478.9969361217109,1034.4263391290683,1448.98803559623,375.6763467620435,2700.63164893617,1632.9426154373919,0.15155470371246338,0.057510193437337875,-128.0302734375,58.347084045410156,110.68256378173828,64.4027328491211,2.7808713912963867,27.1151123046875,32.27224349975586,35.728240966796875,7.204714298248291,24.41653823852539,1.6382375955581665,12.873459815979004,-4.127937316894531,21.14132308959961,-7.449917316436768,9.128214836120605,-9.776840209960938,8.004327774047852,4.816494464874268,13.258308410644531,-10.880794525146484,8.999267578125,3.358372688293457,9.477249145507812,-8.343092918395996,11.500770568847656,1,fake,file10175.mp3.wav_16k.wav_norm.wav_mono.wav_silence.wav
2.99525,16000,0.1468479886968085,0.11609013436465408,1916.7057301207644,1081.3634675451879,1735.2474833272763,358.6907350670604,3741.023936170213,1652.0718786661353,0.1778353601694107,0.06435144692659378,-116.76376342773438,68.00104522705078,75.85066986083984,52.48454666137695,3.31685471534729,36.98704528808594,27.691686630249023,27.731264114379883,-11.638053894042969,25.220657348632812,-1.069155216217041,16.476905822753906,-11.514002799987793,17.881263732910156,-1.8033478260040283,14.802460670471191,-8.285466194152832,15.437918663024902,-7.840248107910156,11.538240432739258,-11.925156593322754,9.609878540039062,-8.543743133544922,9.072101593017578,-3.7486562728881836,13.23912239074707,1,fake,file10176.mp3.wav_16k.wav_norm.wav_mono.wav_silence.wav
2.003,16000,0.10629030257936507,0.05261502765917955,1067.3983948841992,406.3046417889185,911.632598331859,267.12938383535777,1867.435515873016,839.4400137606095,0.1444443315267563,0.061143141239881516,-202.38473510742188,70.5533447265625,180.32188415527344,43.50472640991211,-50.78852844238281,43.08466339111328,21.6389102935791,34.90451431274414,-34.65816879272461,32.18069839477539,-5.865971565246582,23.331470489501953,8.016754150390625,28.241954803466797,-30.846731185913086,19.64073371887207,-2.884470224380493,14.537339210510254,-5.656678199768066,22.124618530273438,-10.610616683959961,12.09810733795166,-10.415745735168457,15.777424812316895,-5.880620956420898,13.045113563537598,1,fake,file10177.mp3.wav_16k.wav_norm.wav_mono.wav_silence.wav
2.0720625,16000,0.12294170673076923,0.11270477348157368,1416.3626008575104,1020.6576412533168,1284.9713890243243,630.4790411196486,2624.7596153846152,1782.5668679546525,0.18562312424182892,0.07807434350252151,-163.91651916503906,73.69967651367188,130.90499877929688,60.333953857421875,-20.395198822021484,64.31388854980469,17.83851432800293,31.272336959838867,-15.563657760620117,23.78348159790039,-2.6663801670074463,23.878372192382812,-10.460160255432129,15.362176895141602,-6.844180583953857,15.116371154785156,-9.511305809020996,11.641356468200684,-6.06282377243042,10.53809642791748,-1.4551846981048584,12.526938438415527,-2.6668543815612793,11.819046020507812,-2.710944414138794,10.833169937133789,1,fake,file10178.mp3.wav_16k.wav_norm.wav_mono.wav_silence.wav
2.1020625,16000,0.12158942945075757,0.09024062692057769,1144.7393330201937,785.4791463652401,909.7001345263287,348.421006272198,1849.4318181818182,1317.9706974432486,0.24062108993530273,0.11788064986467361,-216.40855407714844,61.12823486328125,136.15310668945312,77.99983215332031,-14.315601348876953,29.30848503112793,21.282299041748047,56.88503646850586,-45.852020263671875,31.04108238220215,-16.907550811767578,20.450206756591797,-19.07633399963379,22.685691833496094,-23.212745666503906,17.155200958251953,-11.267783164978027,20.629901885986328,-15.26611042022705,13.474809646606445,-15.908882141113281,13.039872169494629,-9.404651641845703,11.344610214233398,-8.536725044250488,10.128351211547852,1,fake,file1018.mp3.wav_16k.wav_norm.wav_mono.wav_silence.wav
2.0860625,16000,0.17500443892045456,0.17858146205241365,1857.637422131838,1512.7952192379375,1466.849244167861,510.39145153491546,3224.313446969697,2157.4538616312884,0.16170893609523773,0.08158890902996063,-207.50534057617188,69.47283172607422,80.94676208496094,72.21842956542969,12.434731483459473,35.94940185546875,45.438690185546875,37.64712905883789,3.1340627670288086,22.408864974975586,6.186804294586182,21.841054916381836,-5.716880798339844,14.59099006652832,-6.404622554779053,18.95091438293457,-24.80354881286621,13.345107078552246,7.638184070587158,8.015437126159668,-7.618088245391846,10.954102516174316,-1.8802611827850342,11.568239212036133,-5.141210556030273,13.892915725708008,1,fake,file10180.mp3.wav_16k.wav_norm.wav_mono.wav_silence.wav
1.9058125,16000,0.19342447916666666,0.17777064511110238,2261.82613152969,1391.6429958280255,1529.0571201078326,500.5781545922401,3733.3333333333335,1924.6938310588448,0.1646755337715149,0.07924484461545944,-146.04139709472656,54.61097717285156,54.60037612915039,59.15394973754883,-29.95066261291504,68.09793853759766,1.131693720817566,32.07893753051758,-26.988330841064453,18.891189575195312,-6.1421003341674805,25.82294273376465,-11.94332218170166,14.342584609985352,-2.1029810905456543,15.336316108703613,-23.693357467651367,9.992660522460938,-6.816105365753174,11.987088203430176,-14.42013168334961,10.893213272094727,-6.017919063568115,12.020581245422363,-11.658950805664062,7.918971538543701,1,fake,file10182.mp3.wav_16k.wav_norm.wav_mono.wav_silence.wav
2.30425,16000,0.1684302761130137,0.1233189799270937,1962.108616829719,1216.141805097614,1710.225111239421,404.83503865114915,3683.326198630137,1808.646892984481,0.10007929056882858,0.06194114685058594,-194.83885192871094,108.2712173461914,77.25106811523438,63.01509094238281,17.183650970458984,27.277788162231445,40.276432037353516,25.189346313476562,2.101377248764038,15.857068061828613,20.42937469482422,21.63766860961914,-10.604254722595215,14.750150680541992,2.150902271270752,8.465964317321777,-10.77554988861084,11.461155891418457,9.165570259094238,12.122397422790527,-12.033587455749512,8.434545516967773,8.7925443649292,7.147561073303223,-18.360015869140625,10.113224983215332,1,fake,file10183.mp3.wav_16k.wav_norm.wav_mono.wav_silence.wav
1.33475,16000,0.10764276413690477,0.047963797534880816,1227.5388832140504,883.648568672214,1319.0850682652833,456.224903604538,2239.7693452380954,1748.8100227905024,0.1294095814228058,0.04320581257343292,-163.70297241210938,75.44198608398438,138.68557739257812,52.37302017211914,-6.929831504821777,21.21846580505371,21.143489837646484,19.596389770507812,3.355081796646118,19.311567306518555,14.846124649047852,15.700504302978516,-11.880814552307129,16.101226806640625,2.487159013748169,11.551874160766602,-5.476740837097168,8.789655685424805,-4.335454940795898,13.396904945373535,-5.484951496124268,15.005714416503906,6.989616870880127,9.55665111541748,-16.788976669311523,7.0591583251953125,1,fake,file10184.mp3.wav_16k.wav_norm.wav_mono.wav_silence.wav
1.0725625,16000,0.22980813419117646,0.16368713532064158,2594.053295628182,1066.2410954370093,1922.8383226613414,383.9832523819015,4660.386029411765,1500.5447120238582,0.12247826159000397,0.0613829642534256,-143.3160400390625,63.067596435546875,31.019208908081055,39.47064208984375,-1.3660650253295898,38.458553314208984,18.371231079101562,36.769222259521484,-23.586030960083008,24.664417266845703,-12.951496124267578,16.568714141845703,-6.538926601409912,12.847326278686523,-6.56503438949585,17.76325035095215,-19.8358097076416,11.523665428161621,-9.738146781921387,7.645988941192627,-15.898850440979004,11.153365135192871,-2.193723678588867,6.578993320465088,-6.263763904571533,6.643235206604004,1,fake,file10185.mp3.wav_16k.wav_norm.wav_mono.wav_silence.wav
1.9634375,16000,0.08629189768145161,0.11677528547615418,1157.3910026760454,641.6068458602053,1390.3128659844792,345.4792929519637,2231.3508064516127,1240.166044868636,0.19167964160442352,0.09022542089223862,-180.95338439941406,128.14537048339844,133.0980987548828,46.4701042175293,-8.687878608703613,20.577295303344727,30.688682556152344,36.66923141479492,31.904767990112305,20.592084884643555,-4.2528910636901855,13.458178520202637,-2.78072190284729,12.520777702331543,-16.53501319885254,12.900373458862305,-3.9506330490112305,14.05645751953125,1.954038381576538,15.080570220947266,-19.244220733642578,13.62496280670166,17.891721725463867,15.794084548950195,-16.039390563964844,10.839006423950195,1,fake,file10186.mp3.wav_16k.wav_norm.wav_mono.wav_silence.wav
1.2434375,16000,0.1814277844551282,0.1300396321842706,1759.4514372441313,1244.675767358925,1136.8690010117607,563.1294392447953,2849.358974358974,1902.4137364366675,0.08711265027523041,0.07062238454818726,-320.94189453125,137.6682586669922,124.0107421875,116.00614929199219,-16.16830062866211,34.88355255126953,29.04709815979004,46.7757568359375,-34.04191207885742,43.71143341064453,5.55750036239624,26.3175048828125,-12.947442054748535,30.910133361816406,-14.957809448242188,19.885175704956055,-11.438199996948242,16.127323150634766,-16.23169708251953,17.270402908325195,-1.7507332563400269,12.45521354675293,-4.96417236328125,9.529509544372559,5.548830986022949,19.63637351989746,1,fake,file10187.mp3.wav_16k.wav_norm.wav_mono.wav_silence.wav
2.1273125,16000,0.10428084188432836,0.09602225961093813,1632.169127272556,1175.0900693724614,1494.6847197357774,518.2121603337531,3097.0149253731342,1875.243468555054,0.2242681235074997,0.06655539572238922,-99.15554809570312,50.85475540161133,112.03915405273438,70.93236541748047,1.6475545167922974,43.25202178955078,40.826290130615234,30.345882415771484,3.705575942993164,22.78746795654297,14.771484375,18.75254249572754,-1.260643720626831,15.959352493286133,-9.298532485961914,17.32876968383789,3.1868104934692383,12.772862434387207,-13.758302688598633,14.785378456115723,-3.045355796813965,8.482667922973633,-0.3552844822406769,9.189507484436035,-2.062758684158325,9.911222457885742,1,fake,file10188.mp3.wav_16k.wav_norm.wav_mono.wav_silence.wav
2.2725,16000,0.154052734375,0.10718715725749102,2199.982707392421,1125.0788057478633,1751.4625675666534,469.05359527042503,4132.8125,1728.4438985824431,0.122748002409935,0.09206601232290268,-226.4735870361328,151.4620819091797,57.34735870361328,50.141998291015625,-8.251194953918457,39.39326858520508,24.417633056640625,32.832271575927734,-19.186569213867188,27.49736213684082,1.2679015398025513,14.592449188232422,-11.679179191589355,16.014142990112305,-10.957590103149414,16.447114944458008,-17.149011611938477,17.88623809814453,0.17370159924030304,9.214459419250488,-9.66787052154541,15.470373153686523,-2.722388744354248,9.927399635314941,-4.701026916503906,8.580039978027344,1,fake,file10189.mp3.wav_16k.wav_norm.wav_mono.wav_silence.wav
1.18025,16000,0.18792229729729729,0.15688800614342613,2114.083182137905,1337.7519858915446,1578.1548719088908,421.8460054056715,3446.7905405405404,1879.4805329496053,0.14198893308639526,0.08318939059972763,-144.3803253173828,53.24327850341797,67.78559875488281,44.85508346557617,-39.83708572387695,47.55779266357422,-27.93039321899414,35.95941162109375,-16.94178009033203,21.837024688720703,3.146134853363037,21.638996124267578,-8.277145385742188,12.740215301513672,4.291323184967041,12.353279113769531,-12.630579948425293,11.74096393585205,-7.4491801261901855,10.853087425231934,-13.02392292022705,11.417440414428711,1.7310683727264404,10.000954627990723,-12.401155471801758,8.18366527557373,1,fake,file1019.mp3.wav_16k.wav_norm.wav_mono.wav_silence.wav
1.285125,16000,0.09769197789634146,0.08436160581691467,1241.6018422357058,642.9208044211414,1079.7635860905684,362.24129837644807,2372.7134146341464,1076.580509201522,0.14109571278095245,0.07648865133523941,-225.74307250976562,92.0158920288086,147.4905242919922,68.47562408447266,-31.221656799316406,53.47893524169922,56.5361442565918,60.0661735534668,-21.983745574951172,29.096214294433594,-6.923422336578369,33.52019119262695,-7.771280288696289,29.465145111083984,-31.710485458374023,19.37221908569336,-8.009580612182617,16.64708709716797,-14.123706817626953,22.66447639465332,-12.427597045898438,10.946791648864746,-9.92564868927002,14.97329330444336,-7.407261371612549,10.615921020507812,1,fake,file10190.mp3.wav_16k.wav_norm.wav_mono.wav_silence.wav
1.3988125,16000,0.06939142400568182,0.03759595787910224,1087.877221781309,289.9513332228261,1194.5469066234266,288.93107773525963,2074.041193181818,748.7866173015212,0.23513533174991608,0.084682896733284,-161.4048614501953,63.62797164916992,126.87635040283203,34.23603820800781,-24.468904495239258,46.86957931518555,40.62642288208008,30.684959411621094,-27.325597763061523,20.631683349609375,-12.413532257080078,14.330513954162598,-17.64790153503418,15.302318572998047,-7.2164998054504395,13.951632499694824,-11.785385131835938,12.50743293762207,-11.563271522521973,10.309794425964355,3.85140061378479,11.17271900177002,-14.699457168579102,13.35779094696045,5.04619026184082,11.900307655334473,1,fake,file10191.mp3.wav_16k.wav_norm.wav_mono.wav_silence.wav
1.152625,16000,0.09246991131756757,0.04710939263830488,1163.1696346474223,775.264181087166,1357.2977169299343,449.0425064669419,2225.295608108108,1619.1621291764636,0.15907658636569977,0.06464274227619171,-159.71853637695312,56.539222717285156,133.1738739013672,49.80818557739258,-0.649174690246582,21.56410789489746,32.38071823120117,20.26935386657715,11.727664947509766,17.748056411743164,11.23576545715332,13.993574142456055,-15.873458862304688,14.947867393493652,-4.005020618438721,10.000849723815918,-4.246973991394043,8.262656211853027,-6.766149044036865,12.243778228759766,-6.270660400390625,13.310330390930176,5.682337760925293,9.044562339782715,-22.33022117614746,7.41497278213501,1,fake,file10192.mp3.wav_16k.wav_norm.wav_mono.wav_silence.wav
0.978125,16000,0.13084362399193547,0.11936740983645744,1671.91792885989,1062.2528613327834,1434.7794438972091,265.2182481132342,3143.3971774193546,1458.7675368093048,0.14741794764995575,0.053585153073072433,-142.27711486816406,54.618412017822266,93.81853485107422,62.277618408203125,-14.283146858215332,23.70712661743164,31.880569458007812,32.147216796875,-15.677544593811035,24.345979690551758,18.827993392944336,13.820303916931152,-29.60015106201172,19.00432777404785,-29.084270477294922,16.961143493652344,-15.831618309020996,7.347337245941162,-10.67163372039795,12.595735549926758,-9.251055717468262,10.584275245666504,-4.289342403411865,7.4850616455078125,-18.56500244140625,8.945173263549805,1,fake,file10193.mp3.wav_16k.wav_norm.wav_mono.wav_silence.wav
1.9126875,16000,0.12379557291666667,0.1254300180723405,1594.0617845366257,1225.8172820792545,1373.1369900981933,455.4607667959537,2827.0833333333335,1815.6332173747876,0.12738171219825745,0.056341174989938736,-166.69305419921875,56.39746856689453,112.91360473632812,77.13797760009766,-6.248029708862305,35.50782012939453,37.5935173034668,32.45804214477539,5.703376293182373,19.097126007080078,11.033391952514648,18.527616500854492,3.525282859802246,18.23112678527832,-5.4283976554870605,19.22756576538086,2.922515869140625,14.38782787322998,-8.13163948059082,13.381229400634766,-2.248396396636963,9.257719039916992,1.9208636283874512,11.034748077392578,-5.193009853363037,11.824442863464355,1,fake,file10194.mp3.wav_16k.wav_norm.wav_mono.wav_silence.wav
1.1938125,16000,0.07491262335526316,0.06583764671634829,1537.815776926084,1099.7277071858762,1545.0485389319997,552.8252370419544,3069.6957236842104,1867.7314068064022,0.18294362723827362,0.07124725729227066,-137.6506805419922,74.60218811035156,110.192138671875,61.433921813964844,11.420249938964844,46.441864013671875,50.97304916381836,17.290056228637695,8.903464317321777,25.57938575744629,3.762437582015991,21.523820877075195,6.575089454650879,18.115264892578125,-8.689238548278809,15.74174976348877,4.481273651123047,10.053898811340332,-8.139697074890137,9.28861141204834,-4.226095199584961,10.145734786987305,0.2207065373659134,6.598354339599609,-4.4616851806640625,6.535527229309082,1,fake,file10195.mp3.wav_16k.wav_norm.wav_mono.wav_silence.wav
1.5694375,16000,0.144560546875,0.17521442927378592,1719.9800458265358,1359.099006103165,1511.9050472522815,436.81040384867623,3062.34375,1948.7391318751627,0.17867261171340942,0.09096244722604752,-194.76158142089844,89.0300064086914,81.42774200439453,52.449615478515625,7.071345329284668,29.77988052368164,33.549217224121094,29.73186683654785,-12.265717506408691,24.66204071044922,4.313817977905273,16.63111114501953,-21.96646499633789,14.724385261535645,-19.257230758666992,18.171567916870117,-27.364402770996094,14.72719955444336,-17.283300399780273,12.919317245483398,-13.814255714416504,11.519189834594727,-12.569067001342773,11.150652885437012,-4.593072414398193,9.623677253723145,1,fake,file10196.mp3.wav_16k.wav_norm.wav_mono.wav_silence.wav
1.001875,16000,0.089385986328125,0.06184448008470181,1393.6454950251864,537.9906411318802,1528.1323199636613,297.4757335922675,2876.46484375,1055.7149897738398,0.1251470297574997,0.03349310904741287,-158.78106689453125,59.150997161865234,98.3555908203125,30.004987716674805,-5.103423595428467,19.793712615966797,67.0496826171875,31.988113403320312,7.639026165008545,18.221588134765625,-2.0350093841552734,20.49654769897461,-15.306065559387207,14.323651313781738,6.857704162597656,12.415884017944336,-8.991155624389648,8.171331405639648,-2.568115711212158,18.07869529724121,-13.7084321975708,13.659910202026367,-1.6381404399871826,10.63873291015625,-19.132822036743164,11.131868362426758,1,fake,file10197.mp3.wav_16k.wav_norm.wav_mono.wav_silence.wav
1.8333125,16000,0.13062365301724138,0.11878617808268024,1624.67549278681,1166.7019990814028,1430.0942377821648,441.26776866361513,2851.966594827586,1762.4438643242886,0.11011011898517609,0.05149894207715988,-177.29803466796875,87.56745147705078,109.26948547363281,56.46133041381836,-12.068930625915527,36.9028205871582,30.808673858642578,28.653583526611328,1.5000364780426025,21.32238006591797,8.167854309082031,18.663082122802734,-14.896894454956055,16.22956657409668,5.446359157562256,14.33647346496582,-1.0045639276504517,13.067500114440918,6.966272830963135,15.331136703491211,-11.38855266571045,12.208528518676758,-2.648289203643799,13.409266471862793,-12.723878860473633,10.06025505065918,1,fake,file10199.mp3.wav_16k.wav_norm.wav_mono.wav_silence.wav
1.1711875,16000,0.18884607263513514,0.18806637992924014,2153.7606697453125,1837.5865856116077,1330.8963136935718,542.0283142843235,3434.9662162162163,2337.8550965825707,0.1513923555612564,0.07877993583679199,-250.197265625,96.6606674194336,46.52963638305664,88.0046157836914,18.7429256439209,62.40449142456055,24.543296813964844,32.21510314941406,-53.31515884399414,32.29792404174805,-34.639591217041016,21.24571990966797,-23.842477798461914,13.649516105651855,-14.669772148132324,13.76040267944336,-10.326638221740723,11.693992614746094,-28.210479736328125,10.189287185668945,-9.72488784790039,9.193702697753906,-9.194575309753418,11.741931915283203,-1.447442889213562,9.721942901611328,1,fake,file102.wav_16k.wav_norm.wav_mono.wav_silence.wav
0.8916875,16000,0.09312220982142858,0.04329269115185912,1313.2761379984308,788.2841227474439,1463.6400585409342,444.1878166486386,2516.4620535714284,1605.8160785085113,0.17486567795276642,0.07323630899190903,-188.3755340576172,59.65850067138672,100.10749053955078,39.922637939453125,8.904325485229492,35.91878890991211,43.69266891479492,39.6895751953125,2.0297176837921143,19.267385482788086,-3.8554327487945557,21.171985626220703,-9.930044174194336,17.125761032104492,-1.883522868156433,10.278083801269531,-21.043790817260742,12.25065803527832,2.906766414642334,13.973246574401855,-14.07517147064209,11.105986595153809,-2.4693527221679688,10.180865287780762,-3.139078378677368,10.912236213684082,1,fake,file1020.mp3.wav_16k.wav_norm.wav_mono.wav_silence.wav
0.9023125,16000,0.15308459051724138,0.09648012303948969,1600.2978192452592,1149.7557491553425,1498.497793441156,449.0790153977622,2929.418103448276,1898.7800159728986,0.1393568366765976,0.06398338824510574,-141.76382446289062,61.431236267089844,107.73688507080078,69.90943145751953,4.197855472564697,20.722627639770508,31.772294998168945,22.747589111328125,5.628582954406738,18.375709533691406,17.69155502319336,13.902398109436035,-18.348363876342773,16.103736877441406,1.7103599309921265,12.895867347717285,-7.637530326843262,10.98118782043457,2.47996187210083,12.745942115783691,-12.055420875549316,15.23072338104248,6.4550251960754395,7.608155250549316,-20.041467666625977,7.875304698944092,1,fake,file10200.mp3.wav_16k.wav_norm.wav_mono.wav_silence.wav
1.7525,16000,0.20451882102272728,0.20184916607566858,2133.4565165584518,1580.8795631785836,1549.700789010712,381.72350152353704,3527.4147727272725,2066.1887386206495,0.17264750599861145,0.08278577029705048,-174.14630126953125,74.16737365722656,62.6022834777832,63.762779235839844,-9.701340675354004,37.41436004638672,29.216753005981445,30.63204574584961,-10.065600395202637,21.751272201538086,2.880204916000366,18.320337295532227,-19.6954288482666,15.12519359588623,-8.097317695617676,19.730520248413086,-23.178831100463867,12.910547256469727,-15.454856872558594,12.520733833312988,-15.314478874206543,10.338674545288086,-7.038719654083252,13.246246337890625,-10.227128028869629,10.091018676757812,1,fake,file10201.mp3.wav_16k.wav_norm.wav_mono.wav_silence.wav
0.8180625,16000,0.09401292067307693,0.03644041737445761,1011.8213119086122,579.94846631701,1221.0643407536093,321.8738999353744,1886.71875,1237.2646958752418,0.14202477037906647,0.032358743250370026,-142.73922729492188,49.771907806396484,148.6079864501953,40.210323333740234,-10.699822425842285,20.024723052978516,27.378206253051758,28.141315460205078,4.579176902770996,18.744216918945312,13.071661949157715,8.858625411987305,-15.297821044921875,14.006826400756836,-0.6940401792526245,7.544168472290039,-4.423358917236328,6.817837715148926,-7.035983562469482,9.755545616149902,1.502353549003601,13.349995613098145,6.848231792449951,8.659891128540039,-22.416351318359375,5.30816650390625,1,fake,file10202.mp3.wav_16k.wav_norm.wav_mono.wav_silence.wav
1.0103125,16000,0.08428955078125,0.023618555103193387,1523.193391464784,310.71687370258013,1398.3695117759378,238.28708173829918,2772.4609375,706.7337674846359,0.21510785818099976,0.04722939804196358,-90.47154235839844,50.529659271240234,92.45828247070312,34.31962966918945,-41.04582214355469,37.80562210083008,30.831310272216797,35.40742492675781,-32.317813873291016,18.654823303222656,-10.87536907196045,15.950321197509766,-14.992788314819336,12.313693046569824,-3.126781463623047,18.583023071289062,-23.66400146484375,13.06026554107666,-3.7125730514526367,10.6334228515625,-15.438456535339355,11.609498023986816,-10.267230033874512,5.606069564819336,-5.848018646240234,7.517567157745361,1,fake,file10203.mp3.wav_16k.wav_norm.wav_mono.wav_silence.wav
0.9774375,16000,0.15843939012096775,0.07905389365312118,1939.0034285339834,772.1201376748737,1567.6696688313111,306.9600636356172,3636.844758064516,1068.9768474908678,0.13132518529891968,0.05790136009454727,-148.04336547851562,73.42295837402344,65.64128875732422,38.95681381225586,-33.366127014160156,49.00248718261719,44.56703186035156,28.552867889404297,-24.858652114868164,15.564661026000977,9.14861011505127,12.062322616577148,-29.93036651611328,10.946152687072754,-3.6302285194396973,18.85208511352539,-28.005290985107422,15.32287311553955,-9.580230712890625,9.2130708694458,-14.697169303894043,6.895802974700928,-13.51615047454834,10.594796180725098,-5.046064376831055,9.838475227355957,1,fake,file10204.mp3.wav_16k.wav_norm.wav_mono.wav_silence.wav
2.859875,16000,0.08844943576388889,0.043403144326251676,1030.64222524296,381.1257973803285,1039.510354872177,319.10267343272494,2132.9861111111113,1005.1098139448987,0.12484824657440186,0.055269017815589905,-240.77452087402344,83.40997314453125,167.4217987060547,48.06401443481445,-24.69774627685547,43.8994255065918,43.94752883911133,52.54204177856445,-34.181007385253906,36.322959899902344,2.079188108444214,27.094871520996094,-5.045584678649902,22.81597328186035,-32.514915466308594,18.39621353149414,-4.0624871253967285,16.239337921142578,-19.03469467163086,16.37540054321289,-6.341334819793701,12.89029598236084,-9.901424407958984,11.97732162475586,-6.403144836425781,14.525156021118164,1,fake,file10205.mp3.wav_16k.wav_norm.wav_mono.wav_silence.wav
1.4833125,16000,0.08292470079787234,0.04255930623294532,1227.9636171702477,587.3853068998214,1372.468188919672,429.8939036288314,2363.863031914894,1440.6076786607125,0.14930979907512665,0.04650968685746193,-160.53787231445312,69.3685073852539,119.87158966064453,43.60712432861328,0.2457241266965866,37.68581771850586,44.292884826660156,25.19971466064453,-1.9683892726898193,30.996110916137695,-6.2703728675842285,23.516815185546875,-9.337451934814453,19.55092430114746,4.715037822723389,10.626437187194824,-6.263237476348877,10.26728630065918,-7.149771690368652,10.844282150268555,-15.81934928894043,13.152152061462402,2.0621259212493896,5.738836288452148,-14.793437957763672,8.792990684509277,1,fake,file10206.mp3.wav_16k.wav_norm.wav_mono.wav_silence.wav
2.1985625,16000,0.09111045063405797,0.039449554937866234,1580.7802240963417,559.1205916631155,1449.1573232788985,397.9358376103798,2922.2146739130435,1161.5254295209022,0.1720622032880783,0.06384995579719543,-127.18595886230469,59.67049789428711,93.3118667602539,41.5400505065918,-33.805110931396484,41.472328186035156,30.307310104370117,31.999225616455078,-15.711885452270508,26.40472412109375,-4.512261867523193,16.37203025817871,-21.922210693359375,15.314836502075195,-7.4792799949646,11.852761268615723,-17.894384384155273,15.516510963439941,-4.764228343963623,14.405290603637695,-7.5895304679870605,13.222346305847168,-5.35492467880249,7.713186264038086,-5.280930042266846,9.020291328430176,1,fake,file10207.mp3.wav_16k.wav_norm.wav_mono.wav_silence.wav
1.436,16000,0.12098524305555555,0.08311483914722921,1500.212071207421,585.479153918022,1378.6987378509584,305.66370344388037,2896.875,1163.4787173362668,0.13982044160366058,0.05523572862148285,-174.9640350341797,67.01770782470703,92.9676742553711,48.40900802612305,-43.51953125,33.761417388916016,36.95096206665039,36.00685119628906,-24.89589500427246,20.363216400146484,4.4799909591674805,18.34847068786621,-36.80722427368164,13.993739128112793,-16.20696258544922,13.069101333618164,-18.205488204956055,16.442899703979492,-22.08249282836914,9.327168464660645,-9.486918449401855,10.611543655395508,-10.530821800231934,9.817100524902344,0.390859991312027,13.675532341003418,1,fake,file10208.mp3.wav_16k.wav_norm.wav_mono.wav_silence.wav
1.1831875,16000,0.09769584037162163,0.09757263750465388,1285.5212474519856,933.7300234431515,1478.900695864258,376.7987130257005,2432.8547297297296,1798.7527456084808,0.19843144714832306,0.09208174049854279,-170.08303833007812,54.00883102416992,98.33389282226562,51.765926361083984,25.21527099609375,24.404186248779297,53.67560577392578,25.881141662597656,10.449134826660156,20.366674423217773,6.7437334060668945,17.347429275512695,-6.0111799240112305,18.51728057861328,-0.11002352088689804,12.627044677734375,-17.40292739868164,10.137016296386719,3.3147454261779785,10.5763521194458,-16.58216094970703,7.66538143157959,8.162617683410645,5.987329959869385,-19.796756744384766,12.17343521118164,1,fake,file10209.mp3.wav_16k.wav_norm.wav_mono.wav_silence.wav
2.4513125,16000,0.10785308441558442,0.05347069701936601,974.0463465418565,435.8609278427859,888.8779086529465,347.79343032859384,1725.5478896103896,1055.0863924077516,0.1865311712026596,0.09226363897323608,-231.95787048339844,61.94424057006836,152.26461791992188,46.0740966796875,-25.778654098510742,35.32851791381836,11.198057174682617,41.83649444580078,-29.35776138305664,28.121295928955078,-12.288818359375,24.514326095581055,-16.698030471801758,15.350675582885742,-21.513309478759766,20.143869400024414,-10.608565330505371,18.545778274536133,-9.656265258789062,14.478066444396973,-12.397712707519531,14.332504272460938,-14.683918952941895,11.551255226135254,-6.9931745529174805,11.835210800170898,1,fake,file10210.mp3.wav_16k.wav_norm.wav_mono.wav_silence.wav
1.8349375,16000,0.12510944234913793,0.12913430963851824,1501.1327295543497,1141.8429766643176,1450.8706304962075,386.61865500178646,2686.9612068965516,1801.0784452970474,0.1639755368232727,0.06468596309423447,-157.70001220703125,59.1655387878418,99.6692886352539,57.567874908447266,12.03418254852295,27.69094467163086,44.174560546875,35.57373809814453,4.262617111206055,21.34037971496582,4.5724029541015625,21.503021240234375,-6.387115478515625,17.919981002807617,5.540223598480225,13.42204761505127,-14.316454887390137,10.480486869812012,5.7386698722839355,11.174996376037598,-16.889509201049805,6.0770392417907715,13.370548248291016,8.409096717834473,-18.37687873840332,8.186898231506348,1,fake,file10212.mp3.wav_16k.wav_norm.wav_mono.wav_silence.wav
0.7725,16000,0.08546875,0.06483734908166357,1039.325010065371,507.3968640818625,1109.4855476988844,320.14067397584955,1833.4375,1049.6039989860462,0.1647917777299881,0.058375999331474304,-190.41629028320312,53.89725875854492,145.62060546875,46.775611877441406,-6.865179538726807,25.092845916748047,17.81110191345215,38.09320831298828,-40.020362854003906,35.770347595214844,5.008646011352539,17.321592330932617,3.426835298538208,14.872708320617676,-17.32187271118164,17.609878540039062,-6.421133995056152,11.776914596557617,-5.941056728363037,8.009563446044922,-9.078930854797363,7.729097366333008,0.8795335292816162,15.436980247497559,-3.1068849563598633,13.591194152832031,1,fake,file10213.mp3.wav_16k.wav_norm.wav_mono.wav_silence.wav
1.220875,16000,0.1852088341346154,0.1286716251429317,2041.4298774679378,1324.0489188076576,1625.1363803477038,411.6050348612127,3640.625,1798.678721236109,0.1705392748117447,0.07526315748691559,-172.4060821533203,58.69453048706055,59.7299690246582,66.25605010986328,16.29476547241211,37.75198745727539,48.08290100097656,47.56855010986328,-3.740666389465332,19.77390480041504,3.3765504360198975,24.07354736328125,-9.022737503051758,17.575149536132812,-6.911094665527344,17.34145164489746,-25.188501358032227,15.402339935302734,10.078886985778809,8.26846694946289,-15.827192306518555,9.820173263549805,0.0653122141957283,12.794771194458008,-6.975963115692139,10.985762596130371,1,fake,file10214.mp3.wav_16k.wav_norm.wav_mono.wav_silence.wav
1.719625,16000,0.12806532118055555,0.07886787248779253,1639.678734893377,558.3524846534567,1522.6923056401663,401.2785824997983,3067.7083333333335,1365.5719621660976,0.1518367975950241,0.06944715231657028,-135.99484252929688,44.588836669921875,83.96562957763672,32.27775573730469,-39.34623718261719,36.172386169433594,-5.05989408493042,23.206279754638672,-20.092601776123047,20.69417381286621,-0.7633122801780701,21.986291885375977,-14.763346672058105,13.964377403259277,-3.8995227813720703,9.678264617919922,-16.39920997619629,7.533933639526367,-13.58860969543457,12.527261734008789,-17.834245681762695,9.107809066772461,-4.590029716491699,10.849217414855957,-16.89010238647461,8.746834754943848,1,fake,file10215.mp3.wav_16k.wav_norm.wav_mono.wav_silence.wav
0.7203125,16000,0.09086277173913043,0.07988020067472303,1277.234822058375,730.3039680667417,1161.0135508194546,244.46981332339516,2647.758152173913,1057.9970543848763,0.20033062994480133,0.07818648219108582,-196.1431884765625,67.24968719482422,135.3209228515625,80.48451232910156,-23.974119186401367,37.24827194213867,95.5455093383789,41.27058792114258,-45.19269943237305,23.57906150817871,-2.2166249752044678,15.035860061645508,12.092488288879395,29.355745315551758,-30.79798698425293,17.239227294921875,-8.130117416381836,16.861209869384766,-30.22562599182129,11.334866523742676,-9.486028671264648,17.33736801147461,-10.332701683044434,7.704197406768799,-16.68311882019043,22.736835479736328,1,fake,file10216.mp3.wav_16k.wav_norm.wav_mono.wav_silence.wav
1.9453125,16000,0.13035508452868852,0.10465256685991353,1700.9220269201878,856.7208522601459,1631.756809472886,411.30361857627054,3391.905737704918,1513.6247920875905,0.16885291039943695,0.048492420464754105,-120.43383026123047,59.64358901977539,89.56625366210938,48.51284408569336,-1.1823054552078247,36.47093200683594,38.69813919067383,34.21255874633789,-16.71626853942871,20.03366470336914,4.586389541625977,14.091167449951172,-27.134132385253906,13.820467948913574,-13.001636505126953,12.625762939453125,-20.229949951171875,11.034289360046387,-13.629796028137207,8.309223175048828,-8.966707229614258,11.98305606842041,-3.869753122329712,10.2603759765625,-19.47564125061035,10.645243644714355,1,fake,file10217.mp3.wav_16k.wav_norm.wav_mono.wav_silence.wav
1.2929375,16000,0.13806450076219512,0.14886545255129865,1751.3105291391662,1467.366066621339,1353.6223412729867,389.2602032067016,2889.2911585365855,1887.9908378216526,0.1971006840467453,0.06952192634344101,-130.093505859375,62.38315200805664,98.51278686523438,97.87761688232422,5.916718482971191,29.034372329711914,23.24589729309082,34.36723709106445,11.50448226928711,24.308618545532227,6.295858383178711,19.798240661621094,-10.91943073272705,16.742549896240234,-17.22906494140625,11.959635734558105,-11.610206604003906,10.369237899780273,0.17825064063072205,12.610084533691406,-13.124533653259277,12.88273811340332,7.42236852645874,12.544291496276855,-6.658059597015381,11.175640106201172,1,fake,file10218.mp3.wav_16k.wav_norm.wav_mono.wav_silence.wav
3.6901875,16000,0.11669080010775862,0.10567568034151426,1419.1225906202822,905.0900596886928,1482.3020769763464,453.95106712704757,2694.4369612068967,1668.5324542691199,0.17325910925865173,0.07215770334005356,-152.96800231933594,112.28076934814453,115.48202514648438,68.16039276123047,3.645683765411377,31.89827537536621,32.73798751831055,42.50175476074219,19.07775115966797,20.89165496826172,-3.9361257553100586,17.889068603515625,-7.369369983673096,12.885229110717773,-11.33249568939209,16.37582778930664,-4.1974077224731445,13.001046180725098,2.5923871994018555,14.920486450195312,-12.317060470581055,12.22586727142334,6.590487480163574,13.684699058532715,-9.019843101501465,11.282989501953125,1,fake,file10219.mp3.wav_16k.wav_norm.wav_mono.wav_silence.wav
1.403625,16000,0.2003173828125,0.13039840292722504,1888.0718182042258,1061.8802390077997,1344.003556710586,432.70148502310684,3298.650568181818,1498.8286512718046,0.12954619526863098,0.059880342334508896,-194.3979034423828,75.62313842773438,91.09485626220703,64.84246063232422,-48.71641540527344,69.79975891113281,49.0921745300293,45.715641021728516,-9.202896118164062,30.186695098876953,-22.742937088012695,23.135740280151367,10.474265098571777,24.23589324951172,-24.972875595092773,27.253429412841797,-16.466251373291016,22.387117385864258,0.7647176384925842,18.675960540771484,-21.18402671813965,9.985061645507812,1.1074423789978027,12.24463176727295,-14.886549949645996,12.070352554321289,1,fake,file1022.wav_16k.wav_norm.wav_mono.wav_silence.wav
1.41075,16000,0.2287109375,0.21754733860308312,2453.8407147534203,1600.4342907883208,1900.3228281487643,392.43631390998667,4452.083333333333,1904.0961477186347,0.20210477709770203,0.05932312086224556,-82.25428009033203,59.36628723144531,63.64857864379883,58.87125778198242,19.719558715820312,30.730772018432617,11.41663646697998,34.945098876953125,-2.7988359928131104,22.26662254333496,-3.35615611076355,13.078574180603027,-15.878328323364258,18.606508255004883,2.4509615898132324,16.035581588745117,-6.494051933288574,16.696317672729492,-7.866607666015625,10.357791900634766,-14.439339637756348,12.161337852478027,-0.8301487565040588,10.389713287353516,-6.15642786026001,10.035470962524414,1,fake,file10220.mp3.wav_16k.wav_norm.wav_mono.wav_silence.wav
1.23825,16000,0.17113631810897437,0.12462588699400684,1797.070935477469,1153.9237081787505,1602.1278951656407,484.3488602197419,3171.073717948718,1941.9647453777382,0.1904153823852539,0.0710606649518013,-156.49258422851562,57.31058883666992,80.72386932373047,65.5608139038086,11.010139465332031,35.1041374206543,21.536706924438477,46.87556457519531,0.7996898293495178,20.675100326538086,16.44322395324707,22.59192657470703,-8.047597885131836,19.408096313476562,-3.023751974105835,19.856529235839844,-13.481801986694336,12.429693222045898,8.670186042785645,6.9307355880737305,-15.668622970581055,12.93686580657959,8.561767578125,11.922785758972168,-14.20673656463623,12.855134963989258,1,fake,file10221.mp3.wav_16k.wav_norm.wav_mono.wav_silence.wav
1.033625,16000,0.12050189393939394,0.10077787469903353,1567.72833097983,1116.3265107234056,1409.8868251636259,512.8148375366951,2972.774621212121,1790.6813558043834,0.21910573542118073,0.0515672005712986,-154.84426879882812,58.77147674560547,94.30892181396484,80.0974349975586,8.779618263244629,35.38346862792969,52.83026885986328,34.032894134521484,-18.782886505126953,27.210416793823242,0.8538721203804016,21.07320785522461,-12.05963134765625,13.30789852142334,-6.318120956420898,19.849376678466797,-12.122506141662598,11.547324180603027,-6.914449214935303,10.848742485046387,-11.420126914978027,14.188752174377441,4.471189975738525,15.482125282287598,-12.464961051940918,11.691132545471191,1,fake,file10222.mp3.wav_16k.wav_norm.wav_mono.wav_silence.wav
0.855,16000,0.08342375578703703,0.020932577345773938,1421.1652584680003,317.0246546837632,1344.3173308995817,284.46886657980076,2672.453703703704,800.2999370086802,0.1584540605545044,0.03009619750082493,-99.96243286132812,37.0038948059082,113.17489624023438,30.572345733642578,-58.64442443847656,26.811918258666992,15.917889595031738,28.586557388305664,-10.200325012207031,21.67250633239746,-3.2186741828918457,18.282859802246094,-17.14113998413086,10.153385162353516,-21.78261947631836,15.435288429260254,-21.25941276550293,15.30374813079834,-3.9835286140441895,16.30115509033203,-22.09807586669922,7.505174160003662,1.9279156923294067,10.334981918334961,-28.875110626220703,9.639114379882812,1,fake,file10223.mp3.wav_16k.wav_norm.wav_mono.wav_silence.wav
3.1725625,16000,0.1332666015625,0.07963441329600054,1307.6399823839224,743.533616478769,1092.9336217873717,425.14961144399405,2428.984375,1368.9159141559048,0.14468811452388763,0.08653184771537781,-219.51986694335938,119.03250885009766,158.74794006347656,61.5897216796875,-42.41436004638672,45.53888702392578,32.269813537597656,46.97408676147461,-29.797204971313477,28.291318893432617,-8.5060396194458,34.33374786376953,-5.489779472351074,24.282302856445312,-21.736982345581055,25.541587829589844,-1.3223968744277954,17.20266342163086,-7.794588088989258,16.332204818725586,-11.607366561889648,16.390695571899414,-4.917336940765381,17.952056884765625,-4.251094818115234,12.350065231323242,1,fake,file10224.mp3.wav_16k.wav_norm.wav_mono.wav_silence.wav
1.7311875,16000,0.18449928977272728,0.20987784961965422,2229.292718441896,1775.7544681676325,1494.6393634134213,503.33958621366946,3708.9488636363635,2222.5096278836772,0.0998324602842331,0.0705908015370369,-292.55694580078125,98.60913848876953,41.99824142456055,78.60537719726562,-0.35846757888793945,62.23623275756836,23.29991340637207,51.33481979370117,-22.2021427154541,31.517244338989258,-23.87542152404785,26.190765380859375,-32.11384201049805,15.478442192077637,-38.162086486816406,16.019784927368164,-7.30262565612793,14.606034278869629,-22.427669525146484,12.179073333740234,-10.074612617492676,10.893196105957031,-11.560879707336426,11.489988327026367,-3.0450708866119385,9.721075057983398,1,fake,file10225.wav_16k.wav_norm.wav_mono.wav_silence.wav
1.29475,16000,0.11199504573170732,0.06587342669405631,1065.3045354639553,504.70319827104095,869.9598457366893,355.68534518805023,1822.9801829268292,1014.2794348683036,0.12857036292552948,0.08107960224151611,-212.89874267578125,80.24749755859375,176.491455078125,56.53410720825195,-40.36084747314453,41.37825393676758,-2.0766654014587402,35.00389862060547,-11.71656322479248,20.717159271240234,-2.8855390548706055,18.91278839111328,-2.1088263988494873,17.26613998413086,-15.787955284118652,21.099069595336914,-2.907865285873413,13.612183570861816,-3.733832359313965,10.867681503295898,-10.169407844543457,7.659242630004883,-10.543562889099121,20.02663803100586,-0.44520139694213867,11.671735763549805,1,fake,file10227.mp3.wav_16k.wav_norm.wav_mono.wav_silence.wav
1.2645,16000,0.11337890625,0.06403703881417294,1694.734669897002,666.9599272662261,1511.1243771802274,360.1689006117322,3145.8984375,1352.6203721047214,0.14099256694316864,0.06699136644601822,-151.75857543945312,91.3171157836914,86.7755126953125,34.044002532958984,-36.65040588378906,40.39731979370117,20.607036590576172,23.56893539428711,-16.672069549560547,23.84336280822754,-2.9427528381347656,17.43286895751953,-17.796085357666016,16.812414169311523,-2.0275702476501465,14.122875213623047,-12.848440170288086,14.289554595947266,-4.952834606170654,10.972148895263672,-13.388288497924805,14.751253128051758,-2.2969303131103516,10.108068466186523,-7.535740852355957,9.524811744689941,1,fake,file10228.mp3.wav_16k.wav_norm.wav_mono.wav_silence.wav
1.80675,16000,0.24155359100877194,0.19806970890661188,2734.1529174122747,1479.8233392923842,2018.4253564553896,515.7307105182927,4863.623903508772,1988.98175281558,0.14921428263187408,0.06987461447715759,-133.83290100097656,44.305816650390625,47.21265411376953,60.13732147216797,19.156448364257812,45.160072326660156,-0.810504674911499,21.518634796142578,-9.895353317260742,28.17180633544922,-12.923968315124512,17.089021682739258,-14.005072593688965,17.39325523376465,-9.885324478149414,15.326959609985352,-24.981430053710938,11.775087356567383,-12.814592361450195,10.811838150024414,-15.051974296569824,11.484006881713867,-5.659465789794922,10.473430633544922,-16.92697525024414,9.826337814331055,1,fake,file1023.mp3.wav_16k.wav_norm.wav_mono.wav_silence.wav
1.3705625,16000,0.17542923328488372,0.17437307295772694,2045.5683906343372,1136.0090911057605,1654.2353822526957,360.6999589407323,3761.4462209302324,1540.264523702429,0.19523651897907257,0.07955152541399002,-154.91172790527344,66.27540588378906,55.56581497192383,42.82781982421875,-21.25635528564453,42.6020622253418,18.06275177001953,39.755210876464844,-21.398134231567383,26.165130615234375,3.6623737812042236,19.887643814086914,-17.562889099121094,10.670161247253418,-0.10434918105602264,19.155569076538086,-24.40001106262207,17.787771224975586,-7.2291154861450195,13.490774154663086,-14.090311050415039,9.248279571533203,-5.170248508453369,12.62623119354248,-6.0813164710998535,12.196288108825684,1,fake,file10231.mp3.wav_16k.wav_norm.wav_mono.wav_silence.wav
0.5639375,16000,0.1171603732638889,0.056120601739008874,1435.5859137173559,838.7642045049034,1607.6836622135136,474.83754719429294,2924.4791666666665,1814.2240662811225,0.1362922638654709,0.03674306347966194,-159.00457763671875,50.822818756103516,105.33184814453125,49.71162414550781,16.018577575683594,18.732547760009766,47.97150802612305,27.892560958862305,11.306819915771484,22.34905433654785,6.943944931030273,15.085402488708496,-14.02790355682373,16.821382522583008,7.185628414154053,12.401358604431152,-9.115859031677246,7.293861389160156,-5.647604465484619,11.25522232055664,-13.898101806640625,9.049612045288086,7.89139461517334,8.562070846557617,-18.84947967529297,5.881761074066162,1,fake,file10232.mp3.wav_16k.wav_norm.wav_mono.wav_silence.wav
1.2985625,16000,0.08377000762195122,0.057719440916993735,937.1264577699064,860.0402426608965,881.1196752938235,544.759188226642,1620.0457317073171,1597.4248083391376,0.22530929744243622,0.10826513916254044,-266.8687744140625,100.87225341796875,145.72157287597656,60.27455520629883,-4.172881603240967,34.74352264404297,6.980612277984619,37.10911560058594,-32.25857925415039,27.850889205932617,-12.527247428894043,22.565786361694336,-9.709816932678223,17.291196823120117,-25.390708923339844,15.560925483703613,-18.063711166381836,14.357268333435059,-8.551857948303223,9.455683708190918,-9.818891525268555,7.769044399261475,-14.371942520141602,9.177370071411133,-9.239258766174316,8.449302673339844,1,fake,file10234.mp3.wav_16k.wav_norm.wav_mono.wav_silence.wav
3.394375,16000,0.16037529205607476,0.14506950057773202,1672.4897211527234,1297.6493981262531,1542.227827979009,525.6084365009441,3104.191004672897,1989.2517320718366,0.15559449791908264,0.07088683545589447,-203.05189514160156,54.82833480834961,87.53793334960938,53.23622131347656,18.5808048248291,33.500389099121094,42.00686264038086,33.451324462890625,10.229458808898926,15.71320629119873,0.9303015470504761,17.03069305419922,-13.208693504333496,16.817020416259766,-5.004202365875244,18.568382263183594,-25.167325973510742,12.648733139038086,7.356441974639893,10.953024864196777,-8.34708023071289,11.825631141662598,-1.0974079370498657,10.85831356048584,-1.9658397436141968,10.13183879852295,1,fake,file10235.mp3.wav_16k.wav_norm.wav_mono.wav_silence.wav
1.126,16000,0.1423882378472222,0.11610136893194052,1906.4968626874393,1085.3126854242519,1510.5215697350075,272.2565045625097,3496.09375,1389.1203284816143,0.15050041675567627,0.0677645355463028,-128.57940673828125,60.914215087890625,76.44947814941406,57.81591796875,-27.380489349365234,30.61074447631836,25.07616424560547,29.6340389251709,-26.995553970336914,23.81790542602539,-1.725606083869934,14.723698616027832,-18.0233154296875,19.012277603149414,-28.13513946533203,19.160133361816406,-22.852270126342773,13.877382278442383,-1.9007993936538696,13.695048332214355,-27.239212036132812,8.426812171936035,-2.6799206733703613,9.200837135314941,-23.84687042236328,10.711003303527832,1,fake,file10236.mp3.wav_16k.wav_norm.wav_mono.wav_silence.wav
4.3304375,16000,0.09521125344669118,0.07000634594218408,1375.8176151019513,810.1818980577294,1455.1282601515886,441.2013405948513,2691.463694852941,1592.9889545489568,0.12440385669469833,0.05742844194173813,-197.58900451660156,125.42909240722656,107.20938873291016,47.66048812866211,-1.6155229806900024,30.78618049621582,41.11046600341797,37.618995666503906,-1.7445389032363892,26.62338638305664,5.181900978088379,15.59086799621582,-1.1205410957336426,18.588254928588867,3.4212279319763184,15.924152374267578,-8.996624946594238,11.51250171661377,-2.893906593322754,14.8680419921875,-7.082674026489258,12.225974082946777,-1.691681981086731,10.102540969848633,-15.017991065979004,10.425154685974121,1,fake,file10237.mp3.wav_16k.wav_norm.wav_mono.wav_silence.wav
0.980125,16000,0.1102570564516129,0.07200092977804917,1690.1558842494144,853.0458033032896,1484.7845734443395,226.13529452173648,3154.233870967742,1192.5461276717706,0.18742342293262482,0.07570100575685501,-94.12071228027344,59.508888244628906,92.70380401611328,48.61798858642578,-30.01511573791504,36.5327033996582,17.989641189575195,26.77842140197754,-31.1731014251709,18.526073455810547,2.7872567176818848,14.815140724182129,-14.409533500671387,16.122217178344727,-25.23870086669922,15.86388874053955,-21.37912368774414,14.59531021118164,1.328446626663208,13.667028427124023,-26.156099319458008,13.575815200805664,1.7953875064849854,10.506767272949219,-25.40645980834961,7.03190279006958,1,fake,file10238.mp3.wav_16k.wav_norm.wav_mono.wav_silence.wav
0.945875,16000,0.13924153645833334,0.12155889506307976,1363.6882640843746,1030.5388709727508,1378.2185332834044,411.0219188203895,2500.5208333333335,1664.3008110525388,0.1344299465417862,0.03464388847351074,-155.7133026123047,56.693817138671875,124.70458221435547,55.66837692260742,0.7024524807929993,25.13507080078125,38.46231460571289,32.006649017333984,6.232171535491943,22.999048233032227,10.075017929077148,21.747629165649414,-21.951000213623047,18.74812889099121,5.485044479370117,8.019214630126953,-5.367947101593018,6.809292793273926,-8.598101615905762,14.494902610778809,-3.694425344467163,12.670449256896973,7.435741901397705,8.132261276245117,-20.2442569732666,8.520103454589844,1,fake,file10239.mp3.wav_16k.wav_norm.wav_mono.wav_silence.wav
2.6736875,16000,0.1107177734375,0.09635988731536456,1344.989555888675,902.7363306273289,1316.012275676653,625.90492891919,2579.4270833333335,1761.044826313583,0.2074817419052124,0.07778945565223694,-144.13284301757812,66.48882293701172,138.17660522460938,47.946571350097656,-25.656461715698242,49.31543731689453,17.684476852416992,37.239959716796875,-8.909278869628906,26.77035140991211,-8.145894050598145,16.57695960998535,-15.224042892456055,17.858083724975586,-2.761855363845825,17.16153335571289,-10.49953556060791,15.479217529296875,-7.601012229919434,13.914037704467773,-0.10974781960248947,14.12369441986084,-6.144785404205322,12.597487449645996,2.976442575454712,10.283703804016113,1,fake,file1024.mp3.wav_16k.wav_norm.wav_mono.wav_silence.wav
1.6260625,16000,0.14208984375,0.11917075619466494,1949.5143270051183,1258.397505850099,1565.605097119913,432.19391149724345,3573.529411764706,1858.702388327713,0.19648097455501556,0.09938777983188629,-137.3095703125,77.41788482666016,72.04339599609375,75.6340560913086,10.548012733459473,40.21965026855469,62.764896392822266,35.214927673339844,1.2067264318466187,19.72846031188965,3.1877386569976807,20.572200775146484,13.8231782913208,18.773151397705078,6.072685241699219,19.294221878051758,-1.1489925384521484,12.090187072753906,-9.426895141601562,13.912504196166992,-5.80586051940918,10.864983558654785,3.3785595893859863,8.843106269836426,-4.649948596954346,11.677186965942383,1,fake,file10242.mp3.wav_16k.wav_norm.wav_mono.wav_silence.wav
1.249125,16000,0.11962890625,0.10530892023630026,1726.0533579076593,961.4771174509167,1554.3124535200484,363.0034105128928,3308.0078125,1495.2060514087793,0.1803758144378662,0.04735574126243591,-121.76042175292969,62.27834701538086,87.920654296875,52.23128128051758,-14.3489351272583,32.01516342163086,29.463537216186523,27.726757049560547,-10.184999465942383,25.00729751586914,8.68189811706543,14.294113159179688,-32.2205810546875,18.47513198852539,-19.25326156616211,14.849005699157715,-17.467037200927734,13.250826835632324,-14.150934219360352,12.07436752319336,-10.57530403137207,12.345335006713867,-3.505931854248047,8.259060859680176,-15.331377983093262,9.51399040222168,1,fake,file10243.mp3.wav_16k.wav_norm.wav_mono.wav_silence.wav
0.7436875,16000,0.10268147786458333,0.06706546067043226,1135.6827786658566,792.5210317505188,1171.564009394564,381.2748810542236,2099.9348958333335,1459.5651056674453,0.11558619886636734,0.01994144171476364,-164.93858337402344,59.13645553588867,149.10089111328125,63.08699417114258,-18.09077262878418,18.09759521484375,28.366378784179688,27.90266227722168,8.61315631866455,22.22348403930664,7.501312255859375,12.578868865966797,-15.68216323852539,12.528250694274902,-3.5138485431671143,12.407256126403809,-8.122246742248535,10.172998428344727,-5.338489055633545,17.85211753845215,-7.821807861328125,17.147214889526367,9.98552131652832,8.030182838439941,-21.168292999267578,8.57559871673584,1,fake,file10244.mp3.wav_16k.wav_norm.wav_mono.wav_silence.wav
1.1688125,16000,0.11720069679054054,0.07339462656323686,1460.927473309499,722.8500097995878,1454.3372649722082,418.7372895002638,2713.6824324324325,1424.485528897838,0.13138997554779053,0.03734247758984566,-165.34539794921875,60.90110397338867,104.82633209228516,44.54475021362305,-8.8217191696167,33.62363815307617,41.91652297973633,46.84466552734375,-10.211627006530762,28.17343521118164,4.306593894958496,16.903099060058594,-3.8615424633026123,17.672557830810547,13.042542457580566,12.249794960021973,-5.601344108581543,14.028162956237793,1.8816214799880981,17.8712100982666,-10.415493965148926,12.198662757873535,-5.043020248413086,10.889013290405273,-20.218162536621094,10.297719955444336,1,fake,file10245.mp3.wav_16k.wav_norm.wav_mono.wav_silence.wav
0.921,16000,0.1241076239224138,0.10201859754373799,1634.2869556655858,1221.9236309759315,1489.3884620485694,436.52697683169816,2967.9418103448274,1869.8962335597637,0.19177965819835663,0.05643182992935181,-118.98297882080078,64.04901123046875,109.75145721435547,79.91476440429688,7.4118123054504395,39.416072845458984,19.76782989501953,26.535112380981445,24.984289169311523,22.156553268432617,12.040865898132324,17.94929313659668,-10.718456268310547,20.860620498657227,-18.956640243530273,19.222444534301758,-3.7698090076446533,18.03019905090332,8.208900451660156,9.99917984008789,-13.938652038574219,16.709836959838867,11.555259704589844,17.21595001220703,-10.044922828674316,14.251311302185059,1,fake,file10247.mp3.wav_16k.wav_norm.wav_mono.wav_silence.wav
1.82,16000,0.2470017817982456,0.2086611949673909,2366.433844184972,1769.432140903058,1530.4926866757194,531.1530723417219,3905.4276315789475,2240.0279502800486,0.17233048379421234,0.08058913797140121,-180.4134979248047,53.598609924316406,61.798831939697266,90.76500701904297,19.925846099853516,27.54865264892578,47.30665588378906,46.13633728027344,-10.627875328063965,23.74165916442871,6.3056640625,23.982070922851562,-6.060348987579346,12.938030242919922,-2.78446888923645,22.36871337890625,-7.792914867401123,19.624858856201172,-3.3190348148345947,8.937139511108398,-12.816878318786621,11.284223556518555,5.9914326667785645,18.320022583007812,-16.711057662963867,13.715296745300293,1,fake,file10248.mp3.wav_16k.wav_norm.wav_mono.wav_silence.wav
4.1789375,16000,0.19669906965648856,0.20435594028274648,2181.8133100600344,1779.1808425031409,1522.3570024158512,583.2494583604007,3735.3888358778627,2256.3772167393786,0.08178231865167618,0.0644921287894249,-335.2978210449219,100.98062133789062,40.89059066772461,78.36392211914062,17.87533950805664,50.787811279296875,15.989837646484375,48.476051330566406,-26.9261474609375,33.90922927856445,-27.86574363708496,26.378137588500977,-30.529613494873047,20.247804641723633,-23.951045989990234,19.231460571289062,-8.128908157348633,10.877129554748535,-22.921659469604492,15.832836151123047,-6.260562419891357,11.423565864562988,-11.079255104064941,10.293339729309082,0.5663613080978394,8.127415657043457,1,fake,file10249.wav_16k.wav_norm.wav_mono.wav_silence.wav
0.800375,16000,0.08456655649038461,0.03914856317704585,1084.019144236236,226.87248820696308,1004.8236764274486,179.22470677244849,2225.060096153846,548.1913211677074,0.12691570818424225,0.07167955487966537,-202.71475219726562,56.55167770385742,164.48980712890625,32.189910888671875,-53.54259490966797,41.613094329833984,46.38405990600586,45.20027542114258,-15.676751136779785,23.30716323852539,-31.772275924682617,24.487882614135742,10.912384033203125,11.630036354064941,-19.240142822265625,17.903928756713867,-8.639808654785156,7.943048477172852,-8.974508285522461,18.376953125,-16.535459518432617,7.109948635101318,-9.587727546691895,11.689865112304688,-7.207483291625977,16.24167823791504,1,fake,file10251.mp3.wav_16k.wav_norm.wav_mono.wav_silence.wav
1.621875,16000,0.11877680759803921,0.09026464261183018,1351.8865379902716,709.7337545764261,1233.570050776822,315.20600946491646,2501.531862745098,1102.4177509344865,0.20389921963214874,0.07935930043458939,-218.6757354736328,74.54450225830078,92.45357513427734,48.43782043457031,-7.181057929992676,52.03662109375,58.17852783203125,49.28015899658203,-38.92620849609375,33.25128173828125,-28.586685180664062,25.180702209472656,-19.888399124145508,18.174537658691406,-35.14787292480469,21.599628448486328,-13.639869689941406,14.11994457244873,-9.569343566894531,11.81058120727539,-0.42392805218696594,10.49282169342041,-14.99498462677002,11.876702308654785,1.3275394439697266,9.122138977050781,1,fake,file10252.wav_16k.wav_norm.wav_mono.wav_silence.wav
3.5336875,16000,0.19712925816441443,0.1210897797438243,1955.021570436542,1020.405956371618,1456.9609479505625,413.5781067656312,3578.6176801801803,1381.0186722522715,0.1317010521888733,0.06705445051193237,-214.45761108398438,90.2805404663086,73.50877380371094,62.761775970458984,-17.916051864624023,53.67285919189453,76.14505767822266,49.20459747314453,-6.145815372467041,30.302536010742188,-26.279245376586914,27.342914581298828,8.336930274963379,25.754392623901367,-30.681270599365234,30.103775024414062,-22.171634674072266,14.45831298828125,-5.536393642425537,16.213769912719727,-24.842792510986328,13.896966934204102,4.852382183074951,12.637040138244629,-12.725468635559082,12.150534629821777,1,fake,file10253.wav_16k.wav_norm.wav_mono.wav_silence.wav
2.3665625,16000,0.21002692145270271,0.18153907221778026,2488.915538036921,1378.148745919209,1744.0786673150792,426.97306026654195,4277.7660472972975,1898.125157601868,0.11421564221382141,0.06448496878147125,-203.31817626953125,121.546630859375,42.88400650024414,56.19028091430664,-7.621923446655273,47.7541618347168,1.8435436487197876,39.3077507019043,-28.643957138061523,23.851154327392578,-4.949711799621582,19.955142974853516,-14.20019245147705,15.561656951904297,-10.697686195373535,12.933500289916992,-22.32651710510254,16.921245574951172,-8.957925796508789,13.543244361877441,-20.679576873779297,14.636401176452637,-4.855453968048096,9.715904235839844,-11.013317108154297,11.146065711975098,1,fake,file10255.mp3.wav_16k.wav_norm.wav_mono.wav_silence.wav
1.3955,16000,0.20647638494318182,0.23371151943774743,2338.33114042012,1982.8972502353413,1583.9162610767846,547.2503524682062,3881.747159090909,2330.7848016747025,0.07941868901252747,0.046823617070913315,-351.10479736328125,80.50186157226562,26.319257736206055,78.41424560546875,33.844173431396484,46.750343322753906,36.86738586425781,48.962162017822266,-24.80670738220215,33.868499755859375,-41.21419906616211,23.19274139404297,-37.17606735229492,23.27828598022461,-26.87084197998047,16.46711540222168,-12.023202896118164,9.432283401489258,-34.04823303222656,12.018060684204102,-7.3184428215026855,10.510649681091309,-14.129647254943848,8.934743881225586,2.4777402877807617,6.157777786254883,1,fake,file10256.wav_16k.wav_norm.wav_mono.wav_silence.wav
1.1854375,16000,0.07540090460526316,0.03661674720281193,1037.5317841971896,277.533261573192,1003.381569874225,300.8627724006497,2155.6332236842104,804.6363629856567,0.15379337966442108,0.07960948348045349,-217.7689208984375,84.55358123779297,164.9477996826172,44.16330337524414,-42.53262710571289,51.48872756958008,53.75054168701172,61.43314743041992,-13.992131233215332,22.158599853515625,-26.960506439208984,18.208824157714844,4.636270999908447,12.451205253601074,-18.055145263671875,17.515979766845703,-8.365151405334473,9.885159492492676,-15.064674377441406,15.756451606750488,-8.344547271728516,11.921518325805664,-14.192342758178711,12.025700569152832,-16.16460609436035,12.274521827697754,1,fake,file10257.mp3.wav_16k.wav_norm.wav_mono.wav_silence.wav
1.376125,16000,0.18418190696022727,0.18417821941257173,2278.6156124733307,1435.1664364274857,1686.9699938552149,493.1584276897662,3980.8238636363635,1919.6784311878234,0.15093404054641724,0.07053612917661667,-148.86692810058594,65.51541137695312,54.056541442871094,54.88174057006836,-23.003822326660156,42.786460876464844,-12.512411117553711,28.830631256103516,-17.045116424560547,20.841691970825195,-3.944695472717285,21.068885803222656,-16.334959030151367,23.553388595581055,-7.130890369415283,11.880937576293945,-18.819730758666992,13.780176162719727,-10.895132064819336,10.813139915466309,-14.399084091186523,7.342477321624756,4.170859336853027,10.957290649414062,-11.980535507202148,10.157655715942383,1,fake,file10259.mp3.wav_16k.wav_norm.wav_mono.wav_silence.wav
2.584375,16000,0.07168089313271606,0.06410806717529911,1280.392497736365,885.237857664732,1356.2813091917103,515.3868464010684,2506.269290123457,1683.5594189380718,0.20207706093788147,0.08431890606880188,-138.93643188476562,62.656978607177734,132.7986297607422,60.08694839477539,-5.775774002075195,40.70933151245117,41.164642333984375,25.154926300048828,-2.1790120601654053,31.920930862426758,9.05627155303955,17.1745548248291,11.523421287536621,15.405652046203613,-11.411355018615723,17.793060302734375,4.137274742126465,13.99866008758545,-9.864219665527344,13.351444244384766,-6.364777088165283,10.272900581359863,2.269441843032837,7.756103515625,-3.9974071979522705,9.739500999450684,1,fake,file1026.mp3.wav_16k.wav_norm.wav_mono.wav_silence.wav
1.2193125,16000,0.1716621594551282,0.16083516006749235,2258.4286431261853,1478.4811043206307,1797.8827370097179,545.3898966416905,4126.0016025641025,1987.1146444716958,0.15165768563747406,0.045057523995637894,-124.38300323486328,55.02041244506836,75.42290496826172,59.637298583984375,3.6552162170410156,45.09408187866211,15.964075088500977,32.74514389038086,0.13940966129302979,24.727094650268555,-6.800455093383789,17.253713607788086,-19.150897979736328,20.165403366088867,-1.867576003074646,13.406984329223633,-12.065396308898926,12.871763229370117,-6.677033424377441,10.646717071533203,-14.822871208190918,9.510052680969238,-7.906181812286377,6.153163909912109,-5.969036102294922,10.372148513793945,1,fake,file10260.mp3.wav_16k.wav_norm.wav_mono.wav_silence.wav
1.751625,16000,0.17365944602272726,0.14797434759141698,1485.1355208174732,883.6603496480914,1349.3491483509051,482.7362721835497,2877.840909090909,1542.2245318533583,0.16654545068740845,0.0688515305519104,-224.40367126464844,98.26823425292969,89.58423614501953,49.82350158691406,-4.749059677124023,60.93318557739258,53.56906509399414,44.5169563293457,-27.1678466796875,27.650671005249023,-31.92363929748535,23.191505432128906,-18.547874450683594,15.680088996887207,-26.184375762939453,14.401873588562012,-17.249109268188477,19.665700912475586,-10.286046981811523,9.389755249023438,2.7949891090393066,13.476649284362793,-16.031400680541992,10.500988960266113,4.727356433868408,8.288907051086426,1,fake,file10262.wav_16k.wav_norm.wav_mono.wav_silence.wav
1.8081875,16000,0.15788617050438597,0.16477338066418315,2018.2120115333241,1422.247698923363,1630.3524785474121,490.3353208396629,3590.597587719298,2026.0623806167546,0.17218180000782013,0.05838895961642265,-127.0967025756836,67.67352294921875,85.88571166992188,69.55635070800781,9.573197364807129,35.4291877746582,13.549239158630371,35.58729553222656,-9.972545623779297,19.91733169555664,3.1753838062286377,20.38458251953125,-19.330272674560547,17.67720603942871,2.218736171722412,18.545215606689453,-12.526923179626465,16.89911651611328,-10.520522117614746,11.988429069519043,-9.556117057800293,11.07680892944336,-8.846979141235352,9.33200740814209,-4.562490940093994,9.694788932800293,1,fake,file10263.mp3.wav_16k.wav_norm.wav_mono.wav_silence.wav
1.04375,16000,0.1341885653409091,0.09916590684338747,1713.1937171769277,887.9388211682136,1519.5242535307889,333.38086479460145,3248.342803030303,1307.0163527965362,0.22256286442279816,0.09115782380104065,-105.60845947265625,49.13931655883789,89.54307556152344,40.374305725097656,-27.28412437438965,37.70166778564453,36.420166015625,32.96245193481445,-8.999674797058105,20.328792572021484,-7.4770283699035645,20.479768753051758,-13.924668312072754,16.13422203063965,-26.007017135620117,17.22197151184082,-23.486652374267578,11.245322227478027,-11.066640853881836,17.062381744384766,-26.98107147216797,9.651226043701172,2.36897611618042,11.435606956481934,-31.348388671875,12.742454528808594,1,fake,file10264.mp3.wav_16k.wav_norm.wav_mono.wav_silence.wav
2.16275,16000,0.14810719209558823,0.1337775950823301,1866.792757159922,1052.3806714866657,1578.091011731912,361.82460669086305,3484.375,1420.4084530456216,0.1513238400220871,0.050069358199834824,-132.41217041015625,66.42987823486328,77.45826721191406,47.61445236206055,-19.176010131835938,40.276954650878906,38.136173248291016,31.989612579345703,-14.48183536529541,18.63905143737793,-6.900996208190918,21.703310012817383,-19.293930053710938,16.41761589050293,-14.273309707641602,15.570103645324707,-23.18963623046875,12.861152648925781,-5.610671043395996,14.235652923583984,-28.914108276367188,8.716302871704102,-3.7139387130737305,10.255449295043945,-25.49353790283203,9.827386856079102,1,fake,file10265.mp3.wav_16k.wav_norm.wav_mono.wav_silence.wav
1.3755,16000,0.11715343386627906,0.09693252420093923,1577.5035373942576,1015.6378370073313,1574.7450399816187,461.86556284959937,3064.8619186046512,1821.1186292701148,0.1854255497455597,0.05526689440011978,-121.84393310546875,55.35460662841797,94.45191955566406,61.65443420410156,19.105388641357422,26.286376953125,50.412689208984375,30.68134117126465,6.333938121795654,30.176055908203125,4.364479064941406,16.71275520324707,-2.0505311489105225,15.425777435302734,-10.476922035217285,11.7715482711792,-6.901409149169922,11.344955444335938,-5.951930522918701,13.631657600402832,-9.49307632446289,8.000846862792969,0.5856689214706421,7.80773401260376,-11.470609664916992,8.241066932678223,1,fake,file10267.mp3.wav_16k.wav_norm.wav_mono.wav_silence.wav
1.790125,16000,0.08389718191964286,0.057551319602083546,843.3671315903603,545.1259283955644,812.8883616032779,351.0447088906924,1327.1484375,1140.1816026984673,0.2898130416870117,0.12584088742733002,-200.6419677734375,43.88029861450195,134.99488830566406,41.104488372802734,-2.990476608276367,30.31599998474121,9.47584342956543,31.404447555541992,-33.73208999633789,19.52322006225586,-17.110668182373047,22.91455078125,-28.564271926879883,15.064040184020996,-18.160579681396484,19.452049255371094,-18.626192092895508,12.942137718200684,-23.55805778503418,9.969805717468262,-10.879816055297852,13.24802303314209,-16.13372039794922,5.332125663757324,-16.57420539855957,11.197881698608398,1,fake,file10269.mp3.wav_16k.wav_norm.wav_mono.wav_silence.wav
1.7035625,16000,0.21427408854166666,0.16963924517248047,2067.358295404048,1514.171921494373,1625.113189038639,544.9555109501478,3621.3831018518517,2118.9088777440675,0.11880208551883698,0.04527899622917175,-203.62022399902344,59.201656341552734,81.2567367553711,61.979095458984375,19.926700592041016,37.412620544433594,33.80720138549805,34.24332046508789,-14.179301261901855,26.597061157226562,8.384050369262695,18.615880966186523,-13.729429244995117,16.00988006591797,-1.759016990661621,20.71013069152832,-6.651477336883545,18.636993408203125,-0.27319473028182983,10.857972145080566,-20.468488693237305,11.213221549987793,6.382378578186035,15.950860977172852,-9.650775909423828,11.15854549407959,1,fake,file1027.mp3.wav_16k.wav_norm.wav_mono.wav_silence.wav
1.614,16000,0.15713082107843138,0.1290607587493881,1790.2875488535985,1144.7649900849815,1595.115656017733,432.2763340127031,3286.611519607843,1810.1415694433226,0.14802205562591553,0.060725826770067215,-155.55169677734375,41.9956169128418,82.8543930053711,68.45750427246094,7.239095211029053,37.078365325927734,46.42484664916992,38.43309783935547,7.362658977508545,17.16912269592285,7.494405746459961,21.066137313842773,-9.1199369430542,17.510433197021484,5.806283473968506,16.624570846557617,-17.610837936401367,10.810161590576172,11.732032775878906,13.314949035644531,-17.617141723632812,10.059358596801758,11.297370910644531,11.589897155761719,-22.117324829101562,7.801259994506836,1,fake,file10270.mp3.wav_16k.wav_norm.wav_mono.wav_silence.wav
1.171,16000,0.1205394847972973,0.0790254538957723,1227.227797796077,692.9508412719852,1075.7783528980956,333.720962389372,2084.248310810811,1336.0061957987014,0.20988376438617706,0.12425117939710617,-209.44984436035156,45.15748977661133,121.31269836425781,46.40094757080078,-19.524898529052734,36.24687194824219,26.36244773864746,52.544620513916016,-47.9776496887207,25.974746704101562,1.1053351163864136,31.048831939697266,-28.104835510253906,20.209184646606445,-15.143633842468262,19.85327911376953,-12.135061264038086,10.320764541625977,-24.764806747436523,14.482142448425293,-6.761308193206787,11.137568473815918,-16.96807861328125,14.707277297973633,-12.466790199279785,12.014945983886719,1,fake,file10271.mp3.wav_16k.wav_norm.wav_mono.wav_silence.wav
1.026625,16000,0.08046283143939394,0.02410935488381314,1057.544547201839,295.1301107765596,969.9994160125514,193.47780286911103,1908.1439393939395,687.8577923119935,0.17452289164066315,0.07873845100402832,-176.05796813964844,67.85645294189453,176.27369689941406,35.007720947265625,-55.76461410522461,44.35517883300781,27.342622756958008,36.34666061401367,-37.00114822387695,36.857364654541016,-5.635354042053223,29.03272247314453,6.712123870849609,23.619455337524414,-30.649242401123047,26.190298080444336,-8.591771125793457,11.009504318237305,-5.254583835601807,14.620893478393555,-4.3531012535095215,6.822146892547607,-12.387036323547363,10.874942779541016,-3.870027780532837,14.238574981689453,1,fake,file10272.mp3.wav_16k.wav_norm.wav_mono.wav_silence.wav
1.742625,16000,0.23136541193181817,0.1891491299810572,2592.2323076691723,1546.47031107711,1847.5024668667802,452.4742128444061,4524.005681818182,1878.3929141565436,0.1394675225019455,0.06892288476228714,-162.60525512695312,69.94318389892578,39.63370132446289,65.47301483154297,17.649568557739258,38.03969955444336,10.717422485351562,24.73790740966797,-15.438206672668457,23.482946395874023,-8.022873878479004,15.14967155456543,-5.107951641082764,17.97597885131836,-2.2840850353240967,15.020514488220215,-24.50755500793457,14.96921443939209,-8.801809310913086,12.238455772399902,-10.707080841064453,13.006752014160156,-1.5367234945297241,11.557953834533691,-16.225126266479492,9.101876258850098,1,fake,file10274.mp3.wav_16k.wav_norm.wav_mono.wav_silence.wav
1.344875,16000,0.06720112645348837,0.025256632459665387,1221.3604943278906,490.1409564355315,1392.5090828173222,414.41751921953835,2373.001453488372,1281.2523187364422,0.16290515661239624,0.06571841239929199,-154.6894073486328,62.694175720214844,117.29566955566406,34.680667877197266,-3.9605021476745605,33.18452835083008,42.89442443847656,30.757366180419922,1.41832435131073,35.67028045654297,-1.8663418292999268,15.736135482788086,-9.715659141540527,17.879968643188477,1.822449803352356,11.495627403259277,-6.716217041015625,14.328753471374512,-2.6615288257598877,18.465051651000977,-12.486763954162598,12.331323623657227,-5.053188800811768,7.051521301269531,-13.724960327148438,11.751096725463867,1,fake,file10275.mp3.wav_16k.wav_norm.wav_mono.wav_silence.wav
2.4538125,16000,0.17131062297077923,0.16985216208511264,1978.62617625094,1380.4019871248108,1562.118505513793,422.25087977265406,3516.2337662337663,1813.1719525923268,0.1498277336359024,0.0541289784014225,-177.59295654296875,55.142005920410156,66.80073547363281,60.0427360534668,-8.239585876464844,33.35157012939453,46.18605041503906,29.031530380249023,-11.84660530090332,19.392852783203125,-3.2991867065429688,12.85481071472168,-27.41160774230957,13.929182052612305,-5.822798728942871,13.943703651428223,-28.285802841186523,12.540192604064941,-17.704811096191406,10.836498260498047,-10.858125686645508,10.558602333068848,-8.87918758392334,12.409789085388184,-7.028680801391602,11.074213981628418,1,fake,file10277.mp3.wav_16k.wav_norm.wav_mono.wav_silence.wav
0.956375,16000,0.19609375,0.1238719649984011,2453.146942512088,1209.057988619298,1850.5238099114215,308.14242131269503,4539.0625,1425.5033262230281,0.20826339721679688,0.08283054083585739,-108.92494201660156,55.32918930053711,44.01195526123047,45.04484558105469,13.248238563537598,29.653467178344727,53.33793258666992,31.414993286132812,-4.033322334289551,22.82554817199707,9.564001083374023,16.169164657592773,-33.68872833251953,14.34955883026123,-9.156749725341797,11.862215995788574,-20.122804641723633,8.800682067871094,-19.652416229248047,15.530108451843262,-19.934873580932617,11.286307334899902,-1.475266695022583,7.859187602996826,-17.352848052978516,10.917710304260254,1,fake,file10278.mp3.wav_16k.wav_norm.wav_mono.wav_silence.wav
2.0359375,16000,0.13433837890625,0.14429187282696607,1948.8513250845776,1307.3823660194428,1656.6447995567419,460.57781759810325,3530.76171875,1885.9734810697148,0.25441649556159973,0.07007592916488647,-88.5032958984375,42.010135650634766,80.00784301757812,58.90322494506836,-2.3239452838897705,39.89309310913086,19.960020065307617,38.907100677490234,-11.181241035461426,24.28704261779785,0.7400537133216858,21.325756072998047,-17.56566047668457,17.98312759399414,2.0600943565368652,15.62838077545166,-10.104545593261719,16.37872314453125,-7.355523586273193,9.573765754699707,-11.887420654296875,12.228557586669922,-10.705772399902344,12.675875663757324,-6.9814558029174805,12.262290954589844,1,fake,file10279.mp3.wav_16k.wav_norm.wav_mono.wav_silence.wav
1.3775625,16000,0.24772505326704544,0.2025042550548062,2376.024940836756,1756.8880132159982,1595.9097396251548,647.8116523336014,3876.5980113636365,2504.667927438616,0.14243942499160767,0.077818363904953,-188.36630249023438,57.85445785522461,80.28662872314453,85.16930389404297,19.020286560058594,31.277498245239258,19.2978458404541,30.83152961730957,-18.94337272644043,35.46548080444336,6.9272918701171875,16.983823776245117,-6.371875286102295,13.819587707519531,3.33232045173645,20.072052001953125,-1.204439401626587,17.280780792236328,-5.862483501434326,8.979101181030273,-22.43197250366211,11.605586051940918,11.925322532653809,16.51459503173828,-14.68136215209961,7.0484442710876465,1,fake,file10280.mp3.wav_16k.wav_norm.wav_mono.wav_silence.wav
0.929,16000,0.08181966145833333,0.0450677127959367,1431.2391594511587,414.14354706408477,1532.0572244694458,299.56308215328454,3165.8854166666665,1118.911990958755,0.16891483962535858,0.045654624700546265,-111.97018432617188,66.20390319824219,107.7969741821289,22.977466583251953,-17.024198532104492,27.599191665649414,34.980594635009766,23.260787963867188,-22.105304718017578,16.343074798583984,0.4095711410045624,15.115071296691895,-32.54246520996094,10.80040454864502,-13.081777572631836,17.815629959106445,-9.747180938720703,15.162189483642578,-13.213866233825684,9.901792526245117,-5.871949195861816,12.192612648010254,-7.102949619293213,10.504833221435547,-20.797636032104492,6.252809524536133,1,fake,file10281.mp3.wav_16k.wav_norm.wav_mono.wav_silence.wav
1.66025,16000,0.13072791466346154,0.16200763993553643,1694.966556570721,1588.5421608707093,1351.4974740325345,473.1236605921051,3011.71875,2086.118962234501,0.08170366287231445,0.0551491342484951,-341.5739440917969,83.84381103515625,57.50044250488281,59.59162902832031,13.596543312072754,49.25056076049805,41.41841125488281,35.95676803588867,-25.455169677734375,26.786130905151367,-28.878997802734375,19.665618896484375,-39.097572326660156,16.06447410583496,-28.849973678588867,15.93687629699707,-7.063157081604004,13.321610450744629,-29.592334747314453,12.256675720214844,-9.339333534240723,14.25312328338623,-10.765676498413086,9.492799758911133,0.8225193023681641,8.59978199005127,1,fake,file10282.wav_16k.wav_norm.wav_mono.wav_silence.wav
1.42225,16000,0.08497178819444444,0.05908974181429159,1172.704084862799,637.1024143257821,1339.4111984352771,500.06519481343383,2477.2569444444443,1403.469301497868,0.21061502397060394,0.06882878392934799,-177.96722412109375,57.87223434448242,120.84323120117188,37.14932632446289,4.51414680480957,43.8690299987793,38.63451385498047,29.58661460876465,-24.90635871887207,31.376136779785156,-6.821727275848389,18.820337295532227,-8.548479080200195,25.528465270996094,-17.312673568725586,16.01561737060547,-17.63323402404785,14.710147857666016,-3.4892570972442627,10.521889686584473,-6.928068161010742,7.053979396820068,-6.377667427062988,12.241948127746582,4.884849548339844,11.445958137512207,1,fake,file10283.mp3.wav_16k.wav_norm.wav_mono.wav_silence.wav
2.30825,16000,0.1114619006849315,0.10671868799266201,1535.6682281925898,1070.1231626384877,1566.9630928020438,466.9481959133312,2917.701198630137,1755.390065125494,0.14527803659439087,0.03535329923033714,-142.3753204345703,61.68964385986328,108.60874938964844,63.32854461669922,14.978724479675293,33.32649230957031,28.21295166015625,28.97862434387207,20.944438934326172,20.72877311706543,4.360078811645508,19.77094078063965,-10.147046089172363,18.55655288696289,-12.408442497253418,15.272265434265137,-12.803319931030273,10.777745246887207,-0.04497014731168747,9.844907760620117,-9.197627067565918,10.211080551147461,5.431563854217529,12.649521827697754,-9.895495414733887,11.178454399108887,1,fake,file10284.mp3.wav_16k.wav_norm.wav_mono.wav_silence.wav
0.851,16000,0.060112847222222224,0.041760727006922724,1009.7045536939964,264.33216135052106,1363.5380571437865,251.0599466552842,1910.8796296296296,871.454091770883,0.16350707411766052,0.06243130564689636,-144.41285705566406,58.26700210571289,141.7833251953125,32.43256759643555,2.5494306087493896,27.094791412353516,20.94959831237793,32.43603515625,15.08379077911377,20.609228134155273,0.6813027262687683,16.417673110961914,2.736010789871216,14.698461532592773,-6.227743148803711,13.612225532531738,-20.280261993408203,15.190202713012695,2.8580729961395264,15.6824369430542,-9.793803215026855,6.756369590759277,12.17203140258789,11.690961837768555,-13.428547859191895,10.086002349853516,1,fake,file10285.mp3.wav_16k.wav_norm.wav_mono.wav_silence.wav
2.3246875,16000,0.08104799871575342,0.06338385478582229,931.7836284095763,524.5341207217717,903.2126346309843,287.5266319694387,1611.0873287671234,1035.7054400425775,0.23859930038452148,0.0936611071228981,-229.70159912109375,64.3759536743164,131.6387481689453,42.7282829284668,-5.401519298553467,53.54384231567383,27.389089584350586,41.9911003112793,-43.69939041137695,36.122528076171875,-11.12382984161377,23.292978286743164,-17.64116096496582,16.778486251831055,-31.42972755432129,17.83985710144043,-12.743743896484375,15.964099884033203,-16.633468627929688,13.775873184204102,-15.737117767333984,11.801292419433594,-15.3163480758667,12.855910301208496,-12.788354873657227,12.718225479125977,1,fake,file10286.mp3.wav_16k.wav_norm.wav_mono.wav_silence.wav
1.9615625,16000,0.11487210181451613,0.09535226039921676,1433.0585348559534,820.9868859851377,1473.494703044553,437.7784323911649,2771.295362903226,1566.351207299319,0.11910105496644974,0.050640687346458435,-179.9912567138672,67.00123596191406,103.42970275878906,44.872352600097656,-4.0601725578308105,26.402406692504883,47.28700256347656,30.895709991455078,7.514282703399658,24.494314193725586,5.6970391273498535,18.235931396484375,-6.141887664794922,20.48529052734375,2.846372127532959,14.331337928771973,-9.472461700439453,12.438114166259766,-3.4180009365081787,14.963624000549316,-16.113975524902344,14.01689338684082,-1.5668748617172241,10.938613891601562,-15.255453109741211,11.918224334716797,1,fake,file10287.mp3.wav_16k.wav_norm.wav_mono.wav_silence.wav
1.152375,16000,0.12661000844594594,0.09215311936521109,1525.6767426808494,834.8479927689879,1503.876075094485,380.45879521287145,2962.837837837838,1503.9904662334136,0.17673268914222717,0.0763033926486969,-110.04304504394531,68.01704406738281,109.920166015625,53.519569396972656,-17.64655303955078,21.778972625732422,35.67755126953125,25.55549430847168,13.11723518371582,12.877463340759277,-8.166410446166992,16.560161590576172,-2.5173747539520264,14.187117576599121,-8.200141906738281,13.639012336730957,-4.897292613983154,10.927757263183594,6.591714382171631,16.93670654296875,-7.915768146514893,9.227252960205078,3.8338418006896973,10.339794158935547,-10.304046630859375,10.936338424682617,1,fake,file10288.mp3.wav_16k.wav_norm.wav_mono.wav_silence.wav
1.249375,16000,0.11683349609375,0.09605784094165186,1298.6983462368676,1066.0411185080113,1330.8235467685738,483.41890463416996,2428.515625,1814.9082784885225,0.14292733371257782,0.04459761828184128,-176.08334350585938,63.98945617675781,123.36248779296875,61.6544303894043,-2.9822566509246826,27.477378845214844,43.10408020019531,23.695783615112305,14.206335067749023,17.608976364135742,10.656256675720215,18.2593994140625,-16.40597915649414,19.38446807861328,3.897655487060547,12.656402587890625,-3.249008893966675,8.550766944885254,-6.970607757568359,10.919535636901855,-7.083882808685303,12.958984375,4.4011969566345215,10.221794128417969,-15.87834358215332,5.720716953277588,1,fake,file10289.mp3.wav_16k.wav_norm.wav_mono.wav_silence.wav
1.0164375,16000,0.2055816650390625,0.17597630526706978,1786.1477834159284,1182.7484494164114,1504.6924177015087,524.5351343886852,3285.400390625,1719.4811392956312,0.21892015635967255,0.08558086305856705,-188.6552734375,89.31195831298828,82.1781997680664,41.405879974365234,-20.116535186767578,68.28173828125,35.04719543457031,38.678131103515625,-23.874401092529297,33.389915466308594,-47.5176887512207,17.897031784057617,-24.002304077148438,16.723329544067383,-21.575428009033203,16.002769470214844,-6.068277835845947,16.371889114379883,-13.095023155212402,13.710165023803711,1.7298147678375244,8.304848670959473,-16.373056411743164,10.622360229492188,5.507157325744629,11.319024085998535,1,fake,file10290.wav_16k.wav_norm.wav_mono.wav_silence.wav
2.1614375,16000,0.13017721737132354,0.1228166562454929,1679.7688626835663,1139.583292991955,1533.118716622257,393.1202411857848,3129.7104779411766,1629.623334381453,0.13164818286895752,0.053264226764440536,-175.54495239257812,64.52409362792969,86.38188934326172,53.16618728637695,9.337778091430664,29.946435928344727,66.1171646118164,35.04484176635742,0.2965199947357178,23.610830307006836,-1.6244394779205322,18.546558380126953,-5.365757465362549,17.13111114501953,11.954536437988281,13.956133842468262,-8.865641593933105,11.806685447692871,-8.013895034790039,13.735102653503418,-12.48001766204834,11.658228874206543,-1.5545403957366943,10.748353958129883,-16.484390258789062,10.795648574829102,1,fake,file10291.mp3.wav_16k.wav_norm.wav_mono.wav_silence.wav
1.3696875,16000,0.11740325218023256,0.10923171190267719,1373.7494686963628,1151.7529451108257,1282.1607743120526,417.8574831805473,2447.4927325581393,1623.9421429390916,0.1652919501066208,0.06121639907360077,-207.93475341796875,58.14394760131836,118.57047271728516,52.07466506958008,7.369629383087158,36.286895751953125,39.33781814575195,44.36092758178711,-33.316307067871094,37.1833610534668,-3.3489017486572266,17.895061492919922,-5.402431964874268,17.31303596496582,-9.688497543334961,18.737972259521484,1.5505636930465698,21.798171997070312,-9.619582176208496,12.623995780944824,-9.981420516967773,12.534056663513184,-1.4351978302001953,16.43297004699707,-7.302497863769531,8.152486801147461,1,fake,file10292.mp3.wav_16k.wav_norm.wav_mono.wav_silence.wav
0.981375,16000,0.08124369959677419,0.030182778529881504,1491.0658862034475,473.72882740721633,1478.3061180234015,338.07635849928346,2913.810483870968,1158.2719962336307,0.22012805938720703,0.07157427817583084,-92.51398468017578,55.89216995239258,101.13042449951172,39.613929748535156,-33.886783599853516,31.64168930053711,0.06067989766597748,22.65785789489746,-27.795982360839844,27.05347442626953,0.23585307598114014,13.208430290222168,-16.10426902770996,10.02313232421875,-25.13922882080078,12.257052421569824,-19.862476348876953,10.780340194702148,5.900609493255615,13.706755638122559,-25.671648025512695,11.292134284973145,0.30647075176239014,12.690216064453125,-29.459535598754883,6.480494022369385,1,fake,file10293.mp3.wav_16k.wav_norm.wav_mono.wav_silence.wav
1.7726875,16000,0.13274274553571427,0.08653288004315733,1431.5915545509965,963.8625138480458,1127.0504908535436,534.3772970225938,2590.401785714286,1652.5382312454492,0.09832713752985,0.06355459243059158,-267.7982482910156,144.0603485107422,161.1656036376953,74.22264862060547,-37.63875961303711,53.471370697021484,25.474390029907227,38.37965774536133,-27.603071212768555,32.08367919921875,-7.204217433929443,29.922260284423828,-14.507338523864746,23.854501724243164,-13.246535301208496,18.932838439941406,-2.661604404449463,15.389554023742676,-11.338905334472656,12.805681228637695,-3.88319993019104,8.597431182861328,-9.73753833770752,11.507981300354004,-1.430190086364746,14.044668197631836,1,fake,file10294.mp3.wav_16k.wav_norm.wav_mono.wav_silence.wav
2.22525,16000,0.06295340401785714,0.0449068086502796,1097.2272032140847,530.125277902398,1242.165851282834,441.34824853125946,2222.098214285714,1251.0929732161153,0.165327787399292,0.07107224315404892,-155.8687744140625,75.85099792480469,149.45626831054688,48.8973274230957,-18.112573623657227,39.2064323425293,35.68674087524414,33.316688537597656,2.1036434173583984,21.40913963317871,7.635841369628906,17.159542083740234,5.110470294952393,17.083959579467773,-11.112281799316406,13.414961814880371,8.053162574768066,12.489343643188477,-6.848854064941406,14.95681095123291,-5.194561004638672,12.092511177062988,2.8137431144714355,7.425018310546875,-6.051865577697754,11.710077285766602,1,fake,file10295.mp3.wav_16k.wav_norm.wav_mono.wav_silence.wav
0.8239375,16000,0.08843524639423077,0.10458809083640394,1266.7360664013308,979.5622562575167,1313.6308842533201,513.0202295382768,2404.1466346153848,1780.5705699775465,0.2853173017501831,0.1275276094675064,-129.86190795898438,56.23960494995117,125.68209838867188,72.2177505493164,-1.9748895168304443,32.70949935913086,45.90305709838867,38.852516174316406,14.964737892150879,18.80876350402832,4.9408488273620605,15.641886711120605,4.1844611167907715,11.771547317504883,-6.407765865325928,15.412643432617188,4.368887901306152,14.200071334838867,-20.427602767944336,15.805755615234375,-12.695927619934082,6.827865123748779,0.07961496710777283,5.332011699676514,-4.497119426727295,12.09660530090332,1,fake,file10296.mp3.wav_16k.wav_norm.wav_mono.wav_silence.wav
1.732,16000,0.15583274147727272,0.1084898334602296,2231.9731080824063,1072.2859827409245,1881.1793100917673,557.0619613545725,4246.590909090909,1847.3444376019722,0.11496680229902267,0.07136054337024689,-159.1688232421875,50.89548873901367,56.69019317626953,42.40921401977539,-15.26774787902832,48.69480895996094,-9.087041854858398,25.475231170654297,-13.25040054321289,21.000207901000977,-3.3437414169311523,22.15713119506836,-11.467543601989746,22.326372146606445,-7.713581085205078,14.744538307189941,-21.2600154876709,12.301608085632324,-15.328455924987793,9.453149795532227,-12.633196830749512,9.081358909606934,-3.0262157917022705,9.116637229919434,-16.504108428955078,7.851028919219971,1,fake,file10297.mp3.wav_16k.wav_norm.wav_mono.wav_silence.wav
2.051875,16000,0.12197265625,0.11639651295709835,1486.8780446464737,1056.676811843974,1537.3746596736012,359.72215423827646,2848.5576923076924,1662.2124242425252,0.1521259844303131,0.04860249534249306,-164.92196655273438,59.23181915283203,93.86734771728516,54.63617706298828,15.893045425415039,22.920764923095703,52.42649841308594,32.92869567871094,5.0446367263793945,20.5507869720459,9.791393280029297,16.59613037109375,-4.376651763916016,15.734208106994629,0.29634469747543335,12.640460014343262,-13.922677040100098,8.486017227172852,4.430506706237793,12.666507720947266,-16.317184448242188,9.088623046875,11.372011184692383,9.684340476989746,-22.496721267700195,9.069838523864746,1,fake,file10298.mp3.wav_16k.wav_norm.wav_mono.wav_silence.wav
2.0661875,16000,0.1577674278846154,0.11548833000496758,1925.4952165833422,1038.576256179141,1516.865415090894,424.41120506946623,3483.894230769231,1620.2720356724362,0.16904179751873016,0.0677846297621727,-113.2909927368164,58.098838806152344,80.12422943115234,61.04780960083008,-29.522302627563477,43.29798889160156,29.066944122314453,36.89567947387695,-9.019514083862305,19.407812118530273,1.0648554563522339,18.77924919128418,-22.983095169067383,14.970516204833984,-18.992521286010742,21.748138427734375,-21.978822708129883,11.81583309173584,-2.0628950595855713,11.388370513916016,-26.096481323242188,9.926395416259766,-2.5102529525756836,9.291535377502441,-25.127330780029297,9.732892990112305,1,fake,file10299.mp3.wav_16k.wav_norm.wav_mono.wav_silence.wav
1.1346875,16000,0.10762532552083333,0.09436345722438792,1510.3618793468413,1009.2880566302101,1490.223122222769,422.18118393695846,2963.7586805555557,1652.0386226448334,0.18753722310066223,0.07033314555883408,-117.31684112548828,39.53038024902344,104.90575408935547,62.54168701171875,0.6664609313011169,29.82453155517578,46.79174041748047,28.393051147460938,25.42562484741211,18.58281898498535,3.969588041305542,19.004776000976562,-11.033942222595215,13.123300552368164,-17.181684494018555,13.78357219696045,-4.855698108673096,12.16466999053955,-2.5777530670166016,10.231760025024414,-11.897340774536133,12.458842277526855,4.579830169677734,8.68918228149414,-10.833453178405762,11.035538673400879,1,fake,file103.mp3.wav_16k.wav_norm.wav_mono.wav_silence.wav
1.1355625,16000,0.19877115885416666,0.16948097585202088,1898.092842470897,1506.6426304386696,1431.446943354353,515.6123554499957,3039.2795138888887,2211.8670795852677,0.16415172815322876,0.09757296741008759,-182.6763458251953,71.07765197753906,101.98222351074219,69.24581146240234,-4.61339807510376,27.53074073791504,-4.627538681030273,40.01987838745117,3.785935401916504,22.06723403930664,16.125699996948242,21.6705265045166,-8.812545776367188,18.791242599487305,-8.357654571533203,19.952360153198242,-11.985857009887695,8.831329345703125,9.924131393432617,11.281466484069824,-13.593238830566406,11.332464218139648,7.705267906188965,9.17811393737793,-7.741825580596924,11.576066017150879,1,fake,file10300.mp3.wav_16k.wav_norm.wav_mono.wav_silence.wav
1.5106875,16000,0.11179606119791667,0.12476616916578964,1415.975906534518,1112.228766114036,1278.7064135744963,544.7904010534611,2627.9296875,1720.5325044582269,0.20054645836353302,0.062180452048778534,-165.24961853027344,58.479835510253906,122.1259994506836,47.85666275024414,-19.62971305847168,45.092987060546875,40.4003791809082,34.44681930541992,-22.028396606445312,28.512191772460938,-20.974119186401367,17.36005210876465,-8.04172134399414,14.818653106689453,-15.683314323425293,15.527987480163574,-17.538965225219727,15.118330001831055,-10.883625984191895,11.125988960266113,2.0639984607696533,11.684501647949219,-1.7451118230819702,15.98196029663086,0.27926015853881836,8.132536888122559,1,fake,file10301.mp3.wav_16k.wav_norm.wav_mono.wav_silence.wav
2.3174375,16000,0.1940951412671233,0.17693049322671142,2205.2352201140448,1412.8350043864991,1847.6179838224193,481.0514501286872,4103.167808219178,1995.9902175654427,0.16296260058879852,0.05565362051129341,-116.42233276367188,59.48838424682617,76.595458984375,50.50900650024414,9.97199535369873,37.906070709228516,9.176823616027832,39.10816192626953,-5.011736869812012,24.9167537689209,-2.6679739952087402,20.119287490844727,-13.95737075805664,15.751565933227539,-0.7369131445884705,17.207794189453125,-10.76097583770752,14.375266075134277,-6.36220121383667,9.957343101501465,-11.204471588134766,10.478175163269043,-4.217395782470703,11.327143669128418,-6.831744194030762,10.952347755432129,1,fake,file10302.mp3.wav_16k.wav_norm.wav_mono.wav_silence.wav
2.094625,16000,0.13152521306818182,0.12416088737336826,1462.402556896696,1167.0529299569214,1313.229884846136,415.6800022199435,2688.683712121212,1655.929608729517,0.15927773714065552,0.07254095375537872,-192.17391967773438,50.65730667114258,109.26107788085938,60.18208694458008,-0.750793993473053,31.252174377441406,42.70604705810547,40.25258255004883,-21.113929748535156,26.835906982421875,0.05140629783272743,23.012556076049805,-6.869754314422607,16.704143524169922,-7.6001973152160645,19.31865882873535,-1.2831538915634155,15.629013061523438,-8.551827430725098,10.765883445739746,-11.57719612121582,12.389951705932617,-0.3544239401817322,16.423980712890625,-8.646958351135254,11.287151336669922,1,fake,file10303.mp3.wav_16k.wav_norm.wav_mono.wav_silence.wav
2.636875,16000,0.09877400225903614,0.05438218261590616,1702.8193973054458,655.4897138961377,1524.6379564246113,279.9392951907005,3257.059487951807,1126.5772223192728,0.1843210607767105,0.05523782595992088,-109.49304962158203,61.89583969116211,82.77010345458984,39.011146545410156,-25.811426162719727,35.92213821411133,48.30012130737305,30.27642059326172,-15.901786804199219,18.106138229370117,-6.371145725250244,19.485097885131836,-16.505613327026367,15.883378028869629,-22.251174926757812,16.544822692871094,-24.15920066833496,13.05208969116211,-7.983156681060791,12.705256462097168,-24.551700592041016,9.303370475769043,-1.6221110820770264,9.150116920471191,-27.643770217895508,10.010534286499023,1,fake,file10304.mp3.wav_16k.wav_norm.wav_mono.wav_silence.wav
1.316875,16000,0.18172200520833334,0.13398468668594835,2258.1116747053925,1205.7419869050884,1586.2570037264236,404.9721202069787,3970.2380952380954,1783.885045539384,0.1615835428237915,0.05669416859745979,-120.44437408447266,56.616615295410156,60.174983978271484,77.00216674804688,-8.710278511047363,34.055938720703125,49.9470329284668,31.97577476501465,-14.995038986206055,25.09906005859375,9.240293502807617,19.03537940979004,-35.715850830078125,15.214146614074707,-12.876192092895508,17.981571197509766,-15.076637268066406,14.875661849975586,-15.958847999572754,12.767780303955078,-14.708709716796875,16.4532527923584,-1.4353845119476318,11.277880668640137,-17.87803077697754,11.609084129333496,1,fake,file10305.mp3.wav_16k.wav_norm.wav_mono.wav_silence.wav
1.697125,16000,0.09267397280092593,0.05626587660393486,1175.8715859224617,690.8078181330571,1370.8723879344843,399.8961682323914,2339.84375,1380.845920277973,0.12292701750993729,0.04244028776884079,-176.40692138671875,76.21265411376953,121.97782135009766,47.0228157043457,0.4371114671230316,27.568588256835938,44.17136764526367,33.74493408203125,15.59756088256836,15.362393379211426,8.731917381286621,16.075437545776367,-19.581674575805664,15.113567352294922,3.707406759262085,9.690424919128418,-6.754746437072754,8.269213676452637,-5.6897759437561035,15.755132675170898,-1.2247412204742432,11.5191011428833,3.589494466781616,7.172635555267334,-18.807350158691406,7.750576972961426,1,fake,file10306.mp3.wav_16k.wav_norm.wav_mono.wav_silence.wav
1.4720625,16000,0.13570063164893617,0.11014859937707656,1213.4153048324504,731.1838706911597,1033.3078108737802,369.6930457684639,2126.8284574468084,1218.5786635884745,0.1392863392829895,0.06968860328197479,-222.2372589111328,72.60274505615234,168.84228515625,55.12968444824219,-35.520835876464844,44.15483856201172,19.02092933654785,48.562774658203125,-28.116470336914062,39.27124786376953,2.013728618621826,37.47554397583008,-5.688549518585205,35.20537185668945,-16.066843032836914,31.631441116333008,-9.468242645263672,20.521203994750977,-6.751367568969727,17.404827117919922,-9.659937858581543,17.530900955200195,-11.559980392456055,21.111162185668945,0.7028224468231201,13.00983715057373,1,fake,file10307.mp3.wav_16k.wav_norm.wav_mono.wav_silence.wav
0.6876875,16000,0.07310901988636363,0.03503278590624326,1376.0335724246777,812.3256475581777,1381.599469924031,497.0936531194933,2644.53125,1709.6523653929205,0.2237173616886139,0.06818976253271103,-115.76917266845703,46.38801574707031,119.70006561279297,56.72188186645508,-14.514395713806152,28.89814567565918,25.3344669342041,29.520788192749023,-7.789651393890381,15.932726860046387,3.060450553894043,8.32166862487793,-36.42304992675781,14.239753723144531,-30.267309188842773,12.751861572265625,-7.616523742675781,9.77343463897705,-16.765830993652344,12.89932632446289,-12.48483657836914,15.78530216217041,0.9623653888702393,7.4699554443359375,-11.276884078979492,9.368552207946777,1,fake,file10308.mp3.wav_16k.wav_norm.wav_mono.wav_silence.wav
1.0183125,16000,0.151702880859375,0.11162356860336643,1943.1711950995507,888.2171463610864,1669.2190871746432,434.35339368068566,3622.802734375,1596.7417853642664,0.13642460107803345,0.07862671464681625,-143.49560546875,48.25611877441406,67.55345153808594,40.5537109375,-21.698772430419922,34.01791763305664,3.2614922523498535,24.51249885559082,-24.901531219482422,21.820568084716797,-2.204848527908325,17.906322479248047,-12.5603609085083,16.455791473388672,-5.010175704956055,11.676658630371094,-28.911235809326172,9.475716590881348,-9.032882690429688,9.98157787322998,-13.5426607131958,11.881068229675293,-1.2543361186981201,8.187355995178223,-14.422609329223633,5.919273853302002,1,fake,file10309.mp3.wav_16k.wav_norm.wav_mono.wav_silence.wav
1.533875,16000,0.12919108072916666,0.09312254600221563,1678.0041043531794,1009.9488390476929,1572.4943853669283,437.67350209205244,3141.4388020833335,1707.6681982194004,0.11610573530197144,0.043873824179172516,-163.63575744628906,62.46520233154297,93.34087371826172,58.710121154785156,1.43425452709198,30.243772506713867,47.06831741333008,36.96918487548828,2.0873260498046875,21.336376190185547,6.341056823730469,14.939021110534668,-11.70281982421875,14.07741641998291,12.486549377441406,14.203278541564941,-7.1393303871154785,12.58787727355957,3.712682008743286,16.217288970947266,-13.550349235534668,15.637457847595215,-2.5812432765960693,9.177123069763184,-15.719985008239746,8.14363956451416,1,fake,file10310.mp3.wav_16k.wav_norm.wav_mono.wav_silence.wav
1.0735625,16000,0.21280445772058823,0.1805906684135609,2124.100674389519,1689.2050132361867,1553.6587399667742,648.7789993761986,3500.229779411765,2470.6852677468178,0.1704121232032776,0.07258780300617218,-171.55728149414062,59.43973922729492,91.79415893554688,78.33412170410156,9.271110534667969,35.66389083862305,8.3624267578125,22.685014724731445,-15.643790245056152,33.26252365112305,14.8637113571167,13.648365020751953,-14.417184829711914,17.319442749023438,-4.724374771118164,24.110084533691406,0.4695312976837158,17.669715881347656,-3.2086949348449707,13.168172836303711,-19.444852828979492,12.564175605773926,6.956627368927002,17.964759826660156,-14.020442962646484,10.883593559265137,1,fake,file10311.mp3.wav_16k.wav_norm.wav_mono.wav_silence.wav
0.929375,16000,0.177978515625,0.13007148672278,1865.6946570550062,1094.0221910273385,1273.6048561931807,367.49668373934134,3107.03125,1556.4154316146537,0.16853901743888855,0.06969794631004333,-179.62669372558594,51.32234191894531,97.21915435791016,70.04832458496094,-28.480363845825195,62.193763732910156,53.27344512939453,46.09765625,-29.4798583984375,39.260555267333984,-26.153919219970703,34.147884368896484,12.320988655090332,21.625381469726562,-34.86131286621094,25.957969665527344,-14.171079635620117,14.543645858764648,-2.9881489276885986,12.213752746582031,-28.75813102722168,10.805038452148438,11.289114952087402,12.908744812011719,-12.859695434570312,10.969792366027832,1,fake,file10312.wav_16k.wav_norm.wav_mono.wav_silence.wav
1.749,16000,0.07507102272727273,0.07039495504245688,1342.6189638483306,732.1791709950832,1442.8757494397994,519.1136802750323,2799.2897727272725,1484.914579506961,0.19632622599601746,0.09100938588380814,-127.7174072265625,70.5296401977539,122.71762084960938,50.359832763671875,-13.288773536682129,37.69113540649414,44.40272903442383,24.706022262573242,4.4559431076049805,19.973052978515625,6.058705806732178,16.351259231567383,5.776933193206787,20.706668853759766,-9.715102195739746,15.076678276062012,4.3526177406311035,11.849109649658203,-10.492341041564941,14.82995891571045,-5.644994735717773,11.32139778137207,-1.0091575384140015,10.682072639465332,-2.7918667793273926,10.463919639587402,1,fake,file10313.mp3.wav_16k.wav_norm.wav_mono.wav_silence.wav
1.6790625,16000,0.12098319575471699,0.08911304530915239,1802.6614636544543,823.0999739916209,1707.1868232854067,453.3462539282782,3486.1438679245284,1535.3017857564134,0.1418391317129135,0.082818903028965,-145.60659790039062,73.51390075683594,78.291015625,36.08039093017578,-17.995376586914062,47.568607330322266,-3.3299102783203125,28.825777053833008,-20.76402473449707,20.862415313720703,-9.88585090637207,14.167623519897461,-3.399348735809326,15.252243995666504,4.140633583068848,10.383732795715332,-20.510141372680664,13.05044937133789,-12.40800666809082,13.154097557067871,-11.142505645751953,10.801440238952637,-4.981205940246582,10.90589714050293,-18.028797149658203,8.954291343688965,1,fake,file10314.mp3.wav_16k.wav_norm.wav_mono.wav_silence.wav
1.2546875,16000,0.086767578125,0.05528027387741633,936.0242511494085,232.73974537935524,839.5043269958016,253.10881605752002,1645.5078125,580.7785583384459,0.1809932440519333,0.07252854853868484,-182.864013671875,60.28894805908203,187.1381072998047,35.494651794433594,-46.252723693847656,41.67705154418945,-2.8976292610168457,33.71506118774414,-13.0076322555542,41.099796295166016,-0.7288559079170227,31.21673011779785,-15.560827255249023,20.73478889465332,-22.112361907958984,31.278223037719727,-6.184751510620117,15.954087257385254,-5.6895270347595215,14.494050025939941,-11.066305160522461,13.639695167541504,-19.717449188232422,13.1368989944458,1.7950103282928467,13.765362739562988,1,fake,file10315.mp3.wav_16k.wav_norm.wav_mono.wav_silence.wav
1.1526875,16000,0.09604624155405406,0.06699765306304518,1232.074126909686,764.9753999928138,1404.7758750796352,470.32471747405566,2214.949324324324,1677.1243816358954,0.17027735710144043,0.04537056386470795,-128.66944885253906,53.16349411010742,141.79812622070312,56.01588439941406,14.602938652038574,26.660690307617188,8.479644775390625,33.39451217651367,2.4223129749298096,26.094514846801758,3.051252603530884,19.947052001953125,3.7967958450317383,18.2391300201416,-13.93073844909668,15.708202362060547,-7.77374267578125,10.241896629333496,7.3530659675598145,11.599550247192383,-13.691179275512695,16.087297439575195,11.131271362304688,15.072126388549805,-11.731605529785156,10.805429458618164,1,fake,file10316.mp3.wav_16k.wav_norm.wav_mono.wav_silence.wav
0.9918125,16000,0.12140877016129033,0.10614066159644366,1367.2631865422138,826.821114529411,1440.4129189287091,489.7327295744988,2568.8004032258063,1660.8446086608405,0.14866571128368378,0.0458684079349041,-143.6279296875,63.475101470947266,119.68415832519531,47.74321365356445,-6.3151421546936035,31.276290893554688,18.301898956298828,33.0731201171875,-7.328619003295898,32.13725662231445,11.344420433044434,17.066448211669922,-3.0196173191070557,18.178665161132812,-3.1611804962158203,13.516541481018066,-9.646785736083984,11.22701358795166,6.106719970703125,13.512587547302246,-10.310279846191406,15.198972702026367,-3.8116283416748047,12.208227157592773,-16.55553436279297,11.175804138183594,1,fake,file10317.mp3.wav_16k.wav_norm.wav_mono.wav_silence.wav
0.9079375,16000,0.1919450431034483,0.11322821064790625,2288.4057405324793,1330.500693890656,1717.0336377207118,476.6274599902925,3977.9094827586205,1985.3559008297846,0.10873442888259888,0.05276818573474884,-155.4455108642578,55.984413146972656,62.13457489013672,75.61199188232422,9.96815013885498,31.196313858032227,38.10729217529297,39.31061553955078,-7.7628173828125,21.649755477905273,12.413531303405762,18.4542293548584,-11.418390274047852,15.363818168640137,10.466400146484375,17.001008987426758,-11.287869453430176,16.343509674072266,10.646719932556152,11.706771850585938,-17.7502384185791,14.78737735748291,0.3341975510120392,9.338584899902344,-14.72260570526123,11.862066268920898,1,fake,file10318.mp3.wav_16k.wav_norm.wav_mono.wav_silence.wav
4.338,16000,0.13495232077205882,0.10099980198448917,1363.150257777715,963.3692190491046,1130.4616574669533,507.6094648144733,2580.307904411765,1588.4674958007652,0.10426072031259537,0.0661558285355568,-259.57440185546875,110.26109313964844,144.0230712890625,69.6092758178711,-17.576154708862305,41.755855560302734,38.16334915161133,49.65094757080078,-17.593111038208008,23.235118865966797,-7.500728607177734,33.014617919921875,-9.669977188110352,28.73203468322754,-15.103513717651367,21.8640079498291,-14.097343444824219,16.844690322875977,-14.06922721862793,15.701899528503418,-7.275152206420898,13.402080535888672,-6.892199993133545,18.234378814697266,-4.899319648742676,16.888954162597656,1,fake,file1032.mp3.wav_16k.wav_norm.wav_mono.wav_silence.wav
1.6780625,16000,0.1843307783018868,0.18358832567190944,1874.6802429771583,1582.9875799201086,1500.5676411655902,556.6093763975312,3220.9610849056603,2297.940875336615,0.20798788964748383,0.10806088894605637,-190.07366943359375,51.849430084228516,84.96439361572266,77.51712799072266,32.239471435546875,40.177764892578125,27.54929542541504,39.858970642089844,-2.0325498580932617,24.271419525146484,5.069866180419922,19.904111862182617,-6.938689231872559,15.511608123779297,-7.392624855041504,19.49760627746582,-19.815454483032227,15.195077896118164,8.747682571411133,12.770062446594238,-13.46934700012207,10.624456405639648,3.974304437637329,9.422526359558105,-5.180416107177734,15.0073881149292,1,fake,file10320.mp3.wav_16k.wav_norm.wav_mono.wav_silence.wav
0.606375,16000,0.10978618421052631,0.07800351998361865,1706.961359899163,918.4846239501599,1550.300580902541,296.65944255703243,3275.904605263158,1231.6499855190682,0.2550535798072815,0.08712051808834076,-88.9399185180664,74.14254760742188,80.01996612548828,35.538211822509766,-23.952133178710938,40.23844909667969,25.571931838989258,42.874778747558594,-27.547765731811523,25.579891204833984,-3.8831939697265625,17.27399253845215,-20.438867568969727,18.56348991394043,-24.986839294433594,14.83289623260498,-29.947362899780273,6.621601104736328,-8.470714569091797,9.778361320495605,-28.781295776367188,7.68764591217041,-2.483875036239624,7.947876453399658,-29.359766006469727,10.706486701965332,1,fake,file10322.mp3.wav_16k.wav_norm.wav_mono.wav_silence.wav
1.1709375,16000,0.16276921452702703,0.1378692512821548,1861.114240877328,1005.3320775938795,1388.9769402413353,342.67769950858354,3381.9679054054054,1289.9532188103149,0.12437008321285248,0.051523905247449875,-217.3545684814453,71.20609283447266,83.3459243774414,63.728389739990234,-21.530349731445312,51.138301849365234,76.87141418457031,45.875144958496094,-13.370715141296387,27.97108268737793,-31.98255729675293,28.587238311767578,21.237197875976562,25.082094192504883,-34.13961410522461,28.64181137084961,-29.9674072265625,15.97459888458252,-0.5975265502929688,19.437503814697266,-19.0632266998291,13.148122787475586,10.083599090576172,14.036917686462402,-15.341668128967285,11.692072868347168,1,fake,file10324.wav_16k.wav_norm.wav_mono.wav_silence.wav
2.3588125,16000,0.14190508868243243,0.11643251282167627,1774.3026918878286,1004.1387169978556,1491.680639212185,379.7569842912554,3340.160472972973,1460.6987747967346,0.15738040208816528,0.05770110711455345,-173.9811553955078,75.885009765625,75.82476043701172,54.853878021240234,-17.421905517578125,37.220481872558594,47.0561637878418,26.589391708374023,-26.772968292236328,18.7363338470459,5.407784461975098,17.002622604370117,-28.083433151245117,15.40567398071289,-12.7255220413208,17.14250946044922,-21.61500358581543,15.19594955444336,-15.392937660217285,11.609151840209961,-9.959863662719727,9.5786771774292,-8.643902778625488,13.979730606079102,-5.172444820404053,10.169316291809082,1,fake,file10325.mp3.wav_16k.wav_norm.wav_mono.wav_silence.wav
1.4555,16000,0.11306895380434782,0.07442431248062852,1247.4820989978073,811.9058222483768,1465.4304727453493,479.9314171277779,2557.5747282608695,1643.6270401408367,0.10716838389635086,0.02427290938794613,-200.2371826171875,52.99845504760742,110.89759063720703,49.35684585571289,12.55650806427002,24.50774383544922,60.825557708740234,25.70747947692871,23.623245239257812,13.001974105834961,10.525444030761719,14.599656105041504,-20.204635620117188,16.184972763061523,2.9389545917510986,12.092235565185547,-4.215514659881592,10.006500244140625,-9.424150466918945,14.049415588378906,-14.935038566589355,10.627108573913574,7.481621742248535,6.5864691734313965,-22.219585418701172,7.442317485809326,1,fake,file10326.mp3.wav_16k.wav_norm.wav_mono.wav_silence.wav
2.7493125,16000,0.12892896075581395,0.08179121608758895,1306.8928763087345,480.80182612995566,1272.2292659622462,410.2948386092621,2545.7848837209303,1171.3935316597199,0.208181694149971,0.06394267082214355,-213.1068572998047,83.09500122070312,98.72135162353516,34.04204177856445,-17.085098266601562,62.97842788696289,48.764404296875,52.98467254638672,-31.721012115478516,34.53302764892578,-29.732080459594727,26.068645477294922,-19.57947540283203,16.550926208496094,-32.29429626464844,19.130334854125977,-14.781681060791016,17.561044692993164,-14.340001106262207,10.65185260772705,2.549187660217285,12.809187889099121,-18.901092529296875,10.107259750366211,4.068580150604248,8.184368133544922,1,fake,file10328.wav_16k.wav_norm.wav_mono.wav_silence.wav
1.46625,16000,0.1361030910326087,0.1445133699246059,1762.0968373873081,1285.8416330242203,1538.074404488177,412.0065177599664,3256.2839673913045,1870.0289483810236,0.1894095242023468,0.06402262300252914,-111.41606140136719,57.32941436767578,92.189453125,76.88639068603516,5.937096118927002,35.13542938232422,43.151084899902344,32.44480895996094,26.7103328704834,21.080793380737305,0.9725416302680969,19.204050064086914,-11.0701265335083,12.917353630065918,-10.028095245361328,14.839306831359863,-5.395495414733887,11.876975059509277,-1.1932696104049683,15.823809623718262,-12.266656875610352,13.339008331298828,7.672171115875244,11.9965181350708,-12.211114883422852,12.151647567749023,1,fake,file10329.mp3.wav_16k.wav_norm.wav_mono.wav_silence.wav
0.6188125,16000,0.0298583984375,0.011143381556198238,687.446540525638,182.09071893916013,1082.4759909916113,232.72749975562272,1363.28125,726.6234013454373,0.22245022654533386,0.06498252600431442,-227.51895141601562,61.81075668334961,141.7525177001953,28.543699264526367,21.906414031982422,28.4278564453125,32.55944061279297,34.84305953979492,-3.7954068183898926,25.496143341064453,4.423132419586182,13.261157989501953,4.797989368438721,15.507353782653809,-14.67619800567627,13.17685317993164,-21.989648818969727,9.505802154541016,1.55033540725708,12.45360279083252,1.6422350406646729,7.564189434051514,-7.128248691558838,8.109779357910156,5.273106575012207,9.391440391540527,1,fake,file1033.mp3.wav_16k.wav_norm.wav_mono.wav_silence.wav
1.0531875,16000,0.1655865293560606,0.1576096881668287,2235.200394806673,1289.3747389870023,1837.909680483698,541.637376995722,4129.261363636364,1868.701038520362,0.19406084716320038,0.06373182684183121,-116.78936004638672,41.98134231567383,63.277374267578125,45.128204345703125,5.385196208953857,47.27961730957031,14.199429512023926,22.36610984802246,-27.948577880859375,28.436573028564453,-19.011953353881836,13.788365364074707,-12.54948902130127,24.81267738342285,-5.711553573608398,17.430694580078125,-27.59947395324707,7.962108135223389,-2.407992362976074,8.925724029541016,-12.790665626525879,13.577799797058105,-6.457239151000977,4.933639049530029,-14.844614028930664,7.955653190612793,1,fake,file10330.mp3.wav_16k.wav_norm.wav_mono.wav_silence.wav
2.179625,16000,0.14476477581521738,0.1267655290926903,1578.7564960222123,1172.7925760568976,1482.0030971166834,453.8141338521789,2907.835144927536,1850.6880654071767,0.1647568643093109,0.06123533844947815,-168.1623992919922,52.52483367919922,100.1456298828125,53.118553161621094,4.802377700805664,36.006927490234375,27.038890838623047,40.34365463256836,4.5587639808654785,14.430977821350098,9.222368240356445,16.994064331054688,-12.759961128234863,16.285545349121094,-8.135087966918945,18.614765167236328,-17.688297271728516,15.635760307312012,9.165846824645996,11.240952491760254,-11.979499816894531,13.54227352142334,0.34835413098335266,10.562840461730957,-3.0807137489318848,10.511495590209961,1,fake,file10332.mp3.wav_16k.wav_norm.wav_mono.wav_silence.wav
1.21675,16000,0.19275841346153846,0.20611933832529233,1826.622207683951,1698.0652155164425,1284.905059432307,625.3326960833185,2937.900641025641,2241.267685727461,0.09149982780218124,0.06233673170208931,-302.2454833984375,91.37603759765625,78.32999420166016,53.025901794433594,-10.207053184509277,53.86239242553711,-6.094770431518555,40.31951904296875,-42.63136291503906,38.21524429321289,-30.910654067993164,32.85697555541992,-34.63672637939453,22.13528823852539,-21.613006591796875,13.689043998718262,4.810261249542236,11.031266212463379,-23.65089225769043,11.21907901763916,-14.91913890838623,11.536311149597168,-6.608496189117432,10.22939395904541,2.165768623352051,7.076282501220703,1,fake,file10333.wav_16k.wav_norm.wav_mono.wav_silence.wav
2.4720625,16000,0.11693083934294872,0.1049694832842526,1658.816642258774,852.8050705215006,1673.851072618605,412.85741927206607,3237.079326923077,1510.766061345929,0.1935051828622818,0.06785351783037186,-109.1185531616211,55.25556182861328,92.89954376220703,36.36686325073242,-2.3912410736083984,30.483970642089844,25.085655212402344,29.29698944091797,-11.497700691223145,23.555675506591797,-2.4381420612335205,14.994942665100098,-13.919441223144531,17.4743595123291,-0.9478381276130676,13.655755996704102,-10.9573392868042,14.25789737701416,-6.891596794128418,7.906251907348633,-13.731743812561035,9.240937232971191,-6.404109477996826,7.22418212890625,-4.585813045501709,11.57689094543457,1,fake,file10334.mp3.wav_16k.wav_norm.wav_mono.wav_silence.wav
1.330375,16000,0.06982421875,0.03320107333472168,1266.4882234966396,581.3169974825659,1421.3493222495808,410.86650869676276,2537.2023809523807,1301.2175054987367,0.1559475064277649,0.07179835438728333,-162.49752807617188,73.72618865966797,109.68843841552734,30.705190658569336,-8.377571105957031,33.32884979248047,50.70594024658203,35.06258010864258,8.761479377746582,18.276874542236328,1.5996030569076538,20.561086654663086,-5.329165935516357,16.26481056213379,2.4796712398529053,13.164660453796387,-6.024639129638672,13.692069053649902,-1.798891544342041,16.627260208129883,-11.436707496643066,12.824777603149414,-4.922465801239014,12.030539512634277,-18.8653564453125,11.201616287231445,1,fake,file10335.mp3.wav_16k.wav_norm.wav_mono.wav_silence.wav
1.097875,16000,0.073046875,0.0441982120302701,1191.1490721577086,429.9065749766831,1356.4793139006106,267.7665179253116,2332.3660714285716,936.1194128773403,0.1410452127456665,0.04958978667855263,-152.16848754882812,70.76351165771484,120.70369720458984,28.596471786499023,-17.708955764770508,21.903343200683594,46.4719123840332,35.998321533203125,3.8585166931152344,23.695619583129883,1.6645960807800293,18.359561920166016,-7.027523994445801,14.495904922485352,2.613914728164673,14.412806510925293,-9.13249683380127,11.660378456115723,-5.216061592102051,14.019205093383789,-9.974400520324707,11.823320388793945,-0.5060755014419556,7.144944667816162,-19.48038101196289,10.698722839355469,1,fake,file10338.mp3.wav_16k.wav_norm.wav_mono.wav_silence.wav
1.7436875,16000,0.17887073863636363,0.149501250375332,1937.9638205562019,1210.2463748021592,1433.0773963726506,453.1628036845784,3517.755681818182,1558.550017575008,0.1256265640258789,0.05406831204891205,-189.17007446289062,72.57508850097656,89.1302719116211,72.1851577758789,-18.788148880004883,61.64109420776367,45.3137321472168,32.946136474609375,-20.81287956237793,35.462249755859375,-18.563644409179688,28.896528244018555,0.23515215516090393,28.437732696533203,-27.863121032714844,26.266775131225586,-14.670177459716797,11.164900779724121,1.7748243808746338,17.332265853881836,-26.6480655670166,11.146127700805664,5.158328533172607,14.390057563781738,-9.472824096679688,11.449892044067383,1,fake,file10339.wav_16k.wav_norm.wav_mono.wav_silence.wav
1.69075,16000,0.12185841686320754,0.07403964144216102,1253.24028768921,634.4383650745981,1404.242464484758,383.506787901759,2373.673349056604,1356.4811896816439,0.16784478724002838,0.06467664241790771,-172.88719177246094,64.30611419677734,116.12623596191406,37.85258865356445,-3.171971559524536,33.06858444213867,23.05092430114746,32.222103118896484,6.406345367431641,18.77695083618164,2.676072597503662,18.46946907043457,-7.2111101150512695,14.400559425354004,-4.590427875518799,15.391613960266113,-17.58005714416504,12.898202896118164,8.975143432617188,9.170953750610352,-11.318257331848145,11.792553901672363,1.6523977518081665,8.347907066345215,-3.2049436569213867,8.766565322875977,1,fake,file1034.mp3.wav_16k.wav_norm.wav_mono.wav_silence.wav
2.7649375,16000,0.14512055495689655,0.1514400977944107,1711.8598889671118,1415.8395524475386,1516.5406705777452,640.7380608348244,3057.9202586206898,2180.726232188858,0.2020305097103119,0.08365141600370407,-157.33474731445312,62.98309326171875,105.2937240600586,64.08285522460938,6.527018070220947,50.15200424194336,22.324989318847656,33.12696838378906,-5.9527764320373535,31.437713623046875,-8.124303817749023,21.347562789916992,-13.340816497802734,17.865598678588867,-3.605339765548706,18.67636489868164,-13.032730102539062,14.379535675048828,-4.933483123779297,12.271014213562012,-5.010240077972412,11.97266674041748,0.6140924096107483,14.58119010925293,6.5338358879089355,9.252070426940918,1,fake,file10341.mp3.wav_16k.wav_norm.wav_mono.wav_silence.wav
1.314625,16000,0.12832496279761904,0.10709613709871153,1476.206586577361,963.452449445757,1580.724059044603,427.3055360304538,2774.1815476190477,1856.836165557828,0.12307049334049225,0.061958298087120056,-179.76876831054688,63.55239486694336,105.87693786621094,54.10955810546875,21.82244300842285,24.01468276977539,31.397167205810547,22.078100204467773,-8.120598793029785,23.442777633666992,11.78950309753418,20.011289596557617,-3.9417049884796143,14.545433044433594,0.3122548460960388,7.747729301452637,-17.90871810913086,11.521753311157227,12.531145095825195,10.846770286560059,-12.678120613098145,7.030507564544678,8.276402473449707,6.258543491363525,-17.740528106689453,7.231553554534912,1,fake,file10342.mp3.wav_16k.wav_norm.wav_mono.wav_silence.wav
2.113625,16000,0.11202775186567164,0.10966016035509046,1161.6528420004843,805.5808932220181,1088.7312834437037,392.8458674916588,2301.6557835820895,1257.644067839864,0.16558584570884705,0.079887256026268,-219.13377380371094,73.08595275878906,140.03781127929688,47.40463638305664,-15.03786563873291,44.88827896118164,51.23614501953125,50.69159698486328,-17.915555953979492,23.378225326538086,-2.740248680114746,30.149980545043945,-13.885887145996094,25.441606521606445,-26.31272315979004,27.883947372436523,-13.186897277832031,12.67112922668457,-22.99924659729004,18.178131103515625,-10.756172180175781,9.972643852233887,-11.509735107421875,10.551538467407227,-6.123491287231445,18.612852096557617,1,fake,file10343.mp3.wav_16k.wav_norm.wav_mono.wav_silence.wav
1.5045625,16000,0.13503011067708334,0.14259933795792734,1772.248676940065,1346.4582259937908,1520.777585462478,496.08425567137334,3222.9817708333335,1897.7039037843947,0.17776496708393097,0.08387909084558487,-132.241455078125,83.18892669677734,102.70477294921875,65.60619354248047,1.4822088479995728,52.05208206176758,37.25884246826172,24.80303955078125,14.564658164978027,24.333988189697266,9.674124717712402,14.848708152770996,-0.7466384768486023,17.44493865966797,-10.622742652893066,20.485130310058594,7.156078338623047,12.196187973022461,-5.446163177490234,12.296284675598145,-6.973324298858643,12.423480987548828,-1.3578462600708008,8.489702224731445,-3.202366590499878,13.342659950256348,1,fake,file10344.mp3.wav_16k.wav_norm.wav_mono.wav_silence.wav
1.7348125,16000,0.11369850852272727,0.07602875142541617,1760.815292881247,955.6069526574714,1719.2160799553671,449.60521659460204,3518.181818181818,1733.8982853146688,0.24149280786514282,0.07454340159893036,-81.10223388671875,64.68478393554688,89.42179870605469,41.7707405090332,-2.719898223876953,32.99365234375,7.519969940185547,36.06581497192383,-8.139474868774414,22.36675262451172,12.254897117614746,18.90013885498047,-18.645280838012695,11.975103378295898,-0.16778279840946198,17.653827667236328,-6.675995349884033,13.080599784851074,-5.890687465667725,10.08620834350586,-15.734021186828613,11.067682266235352,-3.7487993240356445,8.368922233581543,-10.874675750732422,18.190900802612305,1,fake,file10346.mp3.wav_16k.wav_norm.wav_mono.wav_silence.wav
1.69975,16000,0.1244845920138889,0.13563114418201386,1486.5082206453105,1236.6672037280923,1379.621313939071,426.6294800819311,2733.3622685185187,1828.4903915618727,0.24035541713237762,0.10426390916109085,-161.7136993408203,63.497005462646484,94.52012634277344,53.017616271972656,6.189826011657715,41.49543762207031,46.22611999511719,31.248626708984375,10.629340171813965,19.007946014404297,1.699318528175354,13.57475757598877,-15.907637596130371,12.957676887512207,-7.798874378204346,17.34626007080078,-16.908767700195312,16.33267593383789,7.546341896057129,10.67434310913086,-12.360132217407227,9.40493106842041,-1.4947618246078491,13.239218711853027,-0.9936656951904297,8.270176887512207,1,fake,file10347.mp3.wav_16k.wav_norm.wav_mono.wav_silence.wav
1.121875,16000,0.08565266927083333,0.038672363928926895,1679.4764935720896,768.1834253911447,1711.0170526621064,442.99557831899074,3505.2083333333335,1521.3204217842626,0.2554454207420349,0.0810411274433136,-75.35493469238281,67.57843017578125,93.11564636230469,51.716033935546875,4.345844268798828,28.654720306396484,22.423675537109375,22.300193786621094,-16.45993423461914,14.878456115722656,-3.2293319702148438,19.68808937072754,-18.706804275512695,12.474418640136719,-2.8686370849609375,12.575986862182617,-10.308158874511719,12.48843002319336,-10.627455711364746,11.031950950622559,-11.315339088439941,11.182623863220215,-3.6201319694519043,8.253931045532227,-6.364127159118652,8.533692359924316,1,fake,file10348.mp3.wav_16k.wav_norm.wav_mono.wav_silence.wav
1.2494375,16000,0.06837158203125,0.03040222093835988,1474.2122884271434,557.1403606086235,1549.7997629649988,431.9831100627169,3065.0390625,1321.913770463311,0.19703397154808044,0.06905127316713333,-166.98147583007812,68.7038803100586,80.90936279296875,38.44535446166992,-11.452229499816895,38.14234161376953,39.911643981933594,35.89960861206055,-16.394302368164062,21.698333740234375,2.4643442630767822,15.465072631835938,-24.361190795898438,16.9349422454834,-19.31401252746582,15.930549621582031,-22.76460075378418,11.950726509094238,-12.680765151977539,10.767195701599121,-14.147590637207031,10.449262619018555,-13.543001174926758,12.725565910339355,-2.305283546447754,7.801771640777588,1,fake,file10350.mp3.wav_16k.wav_norm.wav_mono.wav_silence.wav
1.878625,16000,0.1082908501059322,0.07125663536977656,1191.70511601034,806.8352234266678,1343.9847685139905,489.7775546286121,2326.271186440678,1620.5888750659667,0.20468610525131226,0.07191818952560425,-182.58401489257812,53.254276275634766,118.8363265991211,48.29167938232422,10.760348320007324,38.49236297607422,26.9902400970459,34.92228317260742,4.77376127243042,19.614900588989258,1.9503998756408691,20.73373031616211,-1.3852766752243042,14.022232055664062,-6.531646728515625,17.460391998291016,-24.132564544677734,14.47674560546875,2.435737371444702,9.057757377624512,-5.847743034362793,11.57635498046875,-0.11423253268003464,10.25143051147461,-3.5817689895629883,11.336309432983398,1,fake,file10352.mp3.wav_16k.wav_norm.wav_mono.wav_silence.wav
1.7549375,16000,0.11056463068181818,0.11198167803830363,1365.0997186587988,1089.4627530669447,1342.4788707436091,402.7850117921077,2515.056818181818,1683.6629451778274,0.18627826869487762,0.07647351920604706,-180.35702514648438,71.37810516357422,111.73014831542969,50.139957427978516,1.4210376739501953,26.802398681640625,37.630470275878906,29.277570724487305,2.4526829719543457,23.724416732788086,-2.0605781078338623,18.953012466430664,-10.258624076843262,18.97212028503418,-8.593648910522461,17.023149490356445,-24.884469985961914,11.51958179473877,11.628680229187012,10.706928253173828,-8.355705261230469,10.513714790344238,-4.374870777130127,12.018909454345703,5.4246392250061035,12.348732948303223,1,fake,file10354.mp3.wav_16k.wav_norm.wav_mono.wav_silence.wav
0.9378125,16000,0.14876302083333334,0.12053377574906976,2017.007938988265,1016.2315105703561,1765.6174308894151,290.9268179250796,4116.927083333333,1323.8987342751905,0.186900794506073,0.06998744606971741,-116.28440856933594,56.55340576171875,63.830631256103516,50.419891357421875,13.438647270202637,21.443462371826172,60.18699645996094,24.56138038635254,-14.399293899536133,30.678064346313477,10.04052448272705,12.867592811584473,-26.0263671875,14.93582820892334,-7.189696311950684,10.618226051330566,-21.333717346191406,8.979178428649902,-16.915603637695312,11.088022232055664,-14.23371696472168,13.715120315551758,-0.19014301896095276,10.397296905517578,-18.30083656311035,13.397196769714355,1,fake,file10356.mp3.wav_16k.wav_norm.wav_mono.wav_silence.wav
3.3429375,16000,0.10598028273809523,0.11601235606388095,1241.985864653592,948.4350014472557,1251.718805378408,380.04156984740405,2357.217261904762,1472.1178993563324,0.13661755621433258,0.07200554758310318,-230.232421875,84.35166931152344,112.63520050048828,52.385345458984375,5.910850524902344,29.566640853881836,48.649566650390625,41.169395446777344,-15.668304443359375,26.561767578125,-1.5312604904174805,20.18343734741211,-6.325754642486572,14.274158477783203,-8.329752922058105,16.999284744262695,-1.4639673233032227,13.789411544799805,-9.481865882873535,9.918668746948242,-6.2457451820373535,12.45564079284668,-3.137634038925171,11.976760864257812,-4.593395709991455,9.304383277893066,1,fake,file10358.mp3.wav_16k.wav_norm.wav_mono.wav_silence.wav
1.937125,16000,0.2070072361680328,0.16405360001876584,1664.2257830815747,1150.0343217057489,1332.189441411352,539.0157715955645,2818.90368852459,1841.1908230745935,0.18791864812374115,0.07882343977689743,-184.0927276611328,93.0550537109375,96.28008270263672,48.85803985595703,-38.22148513793945,64.84703826904297,4.220503330230713,32.51506423950195,-21.96224021911621,23.626426696777344,-9.375081062316895,24.10032844543457,-25.035030364990234,19.486364364624023,-29.77845573425293,17.09230613708496,2.769441843032837,17.981042861938477,-12.417159080505371,11.242664337158203,-8.737643241882324,11.688549041748047,-16.02836799621582,11.085480690002441,5.813889980316162,9.390466690063477,1,fake,file10359.wav_16k.wav_norm.wav_mono.wav_silence.wav
1.733625,16000,0.1282137784090909,0.13926681116823184,1455.778167098649,1181.3089373202768,1439.3886473209257,371.56802557786665,2513.068181818182,1821.4567673415754,0.15479286015033722,0.04491012543439865,-163.5334014892578,60.998497009277344,106.17643737792969,63.601924896240234,20.034366607666016,26.809555053710938,38.901512145996094,28.7203426361084,-6.997694492340088,17.82403564453125,9.773412704467773,16.682781219482422,-3.554335832595825,18.037811279296875,1.8823810815811157,17.262174606323242,-16.459392547607422,11.39822769165039,5.718184947967529,9.735932350158691,-16.233121871948242,9.298084259033203,9.816913604736328,8.231834411621094,-20.02762794494629,8.386470794677734,1,fake,file1036.mp3.wav_16k.wav_norm.wav_mono.wav_silence.wav
1.0483125,16000,0.09315814393939394,0.033435303797856836,1170.6600236207296,478.69715015937504,1398.571959614951,398.6020767725412,2382.5757575757575,1174.546331640383,0.12101034075021744,0.03359062224626541,-175.96263122558594,58.194847106933594,123.75249481201172,44.616233825683594,-3.332688808441162,30.270666122436523,44.759010314941406,36.61967849731445,11.617851257324219,16.770193099975586,6.6662068367004395,14.298195838928223,-17.488786697387695,23.970035552978516,6.659483432769775,10.363802909851074,-2.6826894283294678,8.31171989440918,-6.471884727478027,11.902790069580078,-6.6508636474609375,10.686009407043457,6.940531253814697,5.523153305053711,-20.433738708496094,8.44511604309082,1,fake,file10360.mp3.wav_16k.wav_norm.wav_mono.wav_silence.wav
1.2585,16000,0.1739013671875,0.10721329570473653,1808.1476764837196,987.5762332773724,1291.2018428290562,403.9983113813966,3192.3828125,1349.0749863468009,0.13982181251049042,0.05571771785616875,-185.28573608398438,96.98526000976562,102.51309967041016,63.10415267944336,-41.132041931152344,68.5036392211914,43.84888458251953,46.53551483154297,-29.82770347595215,37.40584182739258,-18.9118595123291,24.43191146850586,18.60110855102539,27.770652770996094,-29.5469913482666,26.161211013793945,-20.00284194946289,19.961545944213867,6.479924201965332,19.47120475769043,-21.163780212402344,12.359370231628418,6.562341213226318,11.311144828796387,-9.160316467285156,11.720050811767578,1,fake,file10361.wav_16k.wav_norm.wav_mono.wav_silence.wav
1.0725625,16000,0.17466107536764705,0.1587156430079374,1854.988582881502,1284.2369991130254,1412.3885078189205,499.40767942069493,3250.0,1910.994126728208,0.1294257938861847,0.07746096700429916,-232.3924560546875,97.04805755615234,78.88198852539062,61.4129638671875,-35.27857208251953,43.22350311279297,6.135402679443359,41.046539306640625,-44.41307067871094,29.020854949951172,-17.065778732299805,19.47453498840332,-29.542387008666992,16.46168327331543,-31.600568771362305,16.29120635986328,-3.4596245288848877,9.827442169189453,-22.084699630737305,9.094926834106445,-16.713529586791992,8.809590339660645,-13.975800514221191,12.256152153015137,3.3760528564453125,8.568197250366211,1,fake,file10362.wav_16k.wav_norm.wav_mono.wav_silence.wav
0.5148125,16000,0.06988166360294118,0.031518070163780346,1290.185688198771,538.8285824770118,1628.944784181158,361.97995178797214,2552.389705882353,1405.4807043690034,0.20404744148254395,0.05476934462785721,-105.52622985839844,46.76826095581055,118.59490966796875,47.551944732666016,22.365951538085938,18.078039169311523,34.85178756713867,37.571937561035156,15.870262145996094,22.293935775756836,-0.4759545624256134,20.555896759033203,-0.652972936630249,23.382877349853516,-10.462156295776367,9.095133781433105,-11.763489723205566,8.762664794921875,-6.7910356521606445,15.309535026550293,-10.04815673828125,7.862716197967529,12.524164199829102,17.670623779296875,-14.279728889465332,10.745489120483398,1,fake,file10364.mp3.wav_16k.wav_norm.wav_mono.wav_silence.wav
2.0914375,16000,0.21430368134469696,0.18413075341036697,2525.5505373401375,1491.7412929472275,1870.7939747863181,488.7716061665873,4459.161931818182,2032.344090659409,0.12141554057598114,0.057518452405929565,-164.37319946289062,42.38903045654297,49.68452453613281,57.341270446777344,0.4204255938529968,43.86741256713867,-6.3661041259765625,30.34351921081543,-10.201095581054688,20.995420455932617,-9.557632446289062,19.384395599365234,-16.508220672607422,22.19432258605957,-8.239809036254883,13.38632869720459,-23.487533569335938,15.305354118347168,-8.090158462524414,12.707123756408691,-11.351086616516113,11.435677528381348,-5.412978649139404,12.303667068481445,-14.50174617767334,9.628494262695312,1,fake,file10365.mp3.wav_16k.wav_norm.wav_mono.wav_silence.wav
0.9993125,16000,0.121124267578125,0.08458776293960761,1479.6788551165341,817.086218483143,1403.391712101111,419.45745482729046,2681.884765625,1582.2521479352915,0.20706313848495483,0.0623619481921196,-100.79928588867188,51.38369369506836,114.67350769042969,47.162139892578125,-26.031841278076172,30.570201873779297,3.6787800788879395,22.62788200378418,-26.07950210571289,19.0631160736084,12.75549602508545,12.50172233581543,-22.2947998046875,14.948760032653809,-22.498594284057617,13.270421981811523,-16.515602111816406,11.80956745147705,-3.91208553314209,11.273083686828613,-3.9293529987335205,14.330718994140625,-0.650341272354126,10.108731269836426,-15.924213409423828,9.370096206665039,1,fake,file10366.mp3.wav_16k.wav_norm.wav_mono.wav_silence.wav
0.7916875,16000,0.1125,0.065074830630152,1413.629417057589,774.5707884641137,1471.1411726735014,235.80110148730003,2658.125,1277.2255392549116,0.14745265245437622,0.03918781131505966,-139.3824005126953,55.399295806884766,101.23306274414062,53.657875061035156,-2.844871759414673,18.93996810913086,48.576515197753906,32.2091178894043,1.3544540405273438,17.63791847229004,5.485950946807861,10.258302688598633,-12.046411514282227,9.860526084899902,3.326751947402954,10.987602233886719,-12.343852996826172,10.711383819580078,7.878371715545654,12.523539543151855,-13.543522834777832,9.044452667236328,12.574230194091797,6.70522928237915,-24.155323028564453,8.205839157104492,1,fake,file10367.mp3.wav_16k.wav_norm.wav_mono.wav_silence.wav
3.1849375,16000,0.111123046875,0.06040854835775448,1300.1464546968077,794.1615420564416,1519.728227062395,494.8545342383999,2757.8125,1696.6091671376837,0.1441616714000702,0.06253059208393097,-185.7924041748047,114.26043701171875,108.6332778930664,48.597496032714844,6.759214878082275,21.41816520690918,49.40483093261719,24.344512939453125,22.238632202148438,12.6242036819458,9.809191703796387,12.587593078613281,-20.181386947631836,17.10625457763672,2.6519298553466797,13.20770263671875,-2.2359061241149902,7.9951701164245605,-6.405801296234131,11.708479881286621,-7.693215370178223,12.33836841583252,2.4694697856903076,7.326371192932129,-16.93035316467285,8.603270530700684,1,fake,file1037.mp3.wav_16k.wav_norm.wav_mono.wav_silence.wav
1.24475,16000,0.12943209134615385,0.09848583338171053,1533.460126393908,1089.9279914785102,1459.114110024518,510.9714885717391,2750.801282051282,1930.5423587823304,0.12983442842960358,0.04771030694246292,-148.64637756347656,63.57038879394531,119.50870513916016,60.503326416015625,1.544634461402893,32.47056198120117,22.201309204101562,27.63242530822754,-9.931259155273438,29.858999252319336,13.94198226928711,15.843963623046875,-2.0612289905548096,18.650901794433594,0.010623369365930557,14.61625862121582,-18.39268684387207,13.466218948364258,5.454407215118408,10.26164436340332,-17.30652618408203,12.208663940429688,1.857531189918518,10.602906227111816,-14.182595252990723,8.396127700805664,1,fake,file10371.mp3.wav_16k.wav_norm.wav_mono.wav_silence.wav
2.7875,16000,0.16326349431818182,0.11227359101332127,2181.5400167825314,1388.7642659910462,1716.8263643693526,522.4790704784263,3936.700994318182,2227.340200035612,0.0728553906083107,0.0660707876086235,-293.4608154296875,170.4600372314453,74.6634750366211,64.61815643310547,4.544679641723633,25.93460464477539,29.959239959716797,29.75493621826172,4.723543167114258,18.66704750061035,6.0679473876953125,16.352359771728516,-7.307069301605225,17.097354888916016,4.069784641265869,13.545777320861816,-3.6036813259124756,11.712158203125,0.040910981595516205,12.58558177947998,-11.754602432250977,13.195283889770508,-2.835451364517212,9.88228988647461,-8.637068748474121,11.493468284606934,1,fake,file10372.mp3.wav_16k.wav_norm.wav_mono.wav_silence.wav
2.66725,16000,0.15292503720238096,0.10704701668342453,1518.5272032484374,953.1558475162735,1205.3759374280767,488.19893900068087,2755.2083333333335,1632.0265811449704,0.10531720519065857,0.0818592756986618,-248.1741485595703,117.34217071533203,133.66897583007812,72.13362884521484,-24.735013961791992,39.378639221191406,36.265594482421875,47.80064010620117,-25.658540725708008,29.304502487182617,-3.8231594562530518,24.046283721923828,-16.002283096313477,27.381744384765625,-10.30418586730957,24.425416946411133,-5.978142738342285,14.867583274841309,-14.975614547729492,18.303333282470703,-1.8894566297531128,12.069239616394043,-6.069991111755371,12.400236129760742,-1.4674766063690186,14.049819946289062,1,fake,file10373.mp3.wav_16k.wav_norm.wav_mono.wav_silence.wav
1.71725,16000,0.09275535300925926,0.07242222604231531,1077.7017146154355,929.3515324401122,1028.8029929258062,547.9667517005756,1817.5636574074074,1804.3487370236965,0.24830207228660583,0.11905747652053833,-258.7159729003906,97.40985107421875,116.89547729492188,59.767486572265625,3.082559108734131,37.62483596801758,24.08854103088379,44.3293342590332,-39.53755187988281,22.790531158447266,-6.483345985412598,20.93475341796875,-22.999929428100586,15.082085609436035,-20.174991607666016,20.165512084960938,-14.974926948547363,10.98059368133545,-20.27033805847168,10.299337387084961,-9.303442001342773,7.961287975311279,-16.137311935424805,11.928878784179688,-11.196260452270508,13.027979850769043,1,fake,file10374.mp3.wav_16k.wav_norm.wav_mono.wav_silence.wav
2.430375,16000,0.16436446340460525,0.15698698742225223,1662.5838703485524,1259.997528711491,1589.4973589806345,537.6973522326788,3168.0715460526317,2017.8114151332218,0.1750679314136505,0.06455471366643906,-164.5050811767578,54.90355682373047,100.21119689941406,55.72480392456055,17.938982009887695,35.451507568359375,26.07696533203125,30.144147872924805,5.558981895446777,19.666597366333008,2.9018750190734863,18.889616012573242,-18.409244537353516,16.27189826965332,-2.409430980682373,17.42899513244629,-22.25066375732422,13.676146507263184,7.1741623878479,9.183549880981445,-13.778651237487793,10.198172569274902,8.064445495605469,9.425426483154297,-3.5622615814208984,8.807464599609375,1,fake,file10376.mp3.wav_16k.wav_norm.wav_mono.wav_silence.wav
1.0309375,16000,0.20274029356060605,0.12937678873362451,2168.3806926945513,1231.561014162814,1454.3851813865797,402.1742484042483,3715.6723484848485,1553.9871549969232,0.1667889952659607,0.08398600667715073,-216.5106964111328,74.73345184326172,54.0582160949707,83.97367095947266,-7.253662109375,39.912166595458984,70.1206283569336,51.18421936035156,-20.56571388244629,43.53148651123047,-33.1905632019043,24.187843322753906,7.162985801696777,31.997705459594727,-20.57238006591797,34.15052795410156,-28.1555233001709,15.676641464233398,-12.696416854858398,14.787595748901367,-19.854772567749023,15.868033409118652,10.806870460510254,11.950338363647461,-10.802688598632812,16.46291160583496,1,fake,file10377.wav_16k.wav_norm.wav_mono.wav_silence.wav
1.9603125,16000,0.16166834677419356,0.17874253806400214,1910.4881216880883,1233.9028885026166,1506.569224909791,366.50549733889005,3399.3195564516127,1658.116545159525,0.2010164111852646,0.09041246026754379,-146.7025604248047,64.82005310058594,73.73827362060547,59.920928955078125,-19.78128433227539,43.3886833190918,36.1058349609375,37.31975555419922,-18.031116485595703,17.545005798339844,12.331911087036133,15.732340812683105,-27.08075523376465,15.04888916015625,-17.8214054107666,14.658957481384277,-17.351272583007812,15.220893859863281,-18.90785026550293,14.502622604370117,-10.637543678283691,9.944780349731445,-11.100214004516602,15.632916450500488,-1.5541539192199707,10.235239028930664,1,fake,file10378.mp3.wav_16k.wav_norm.wav_mono.wav_silence.wav
1.7226875,16000,0.15178313078703703,0.1838307733492835,1990.8016636682669,1506.61195657027,1599.1032146182586,421.07351605666474,3521.990740740741,1809.7078952146474,0.16475427150726318,0.062219228595495224,-119.55841064453125,58.32207489013672,90.7203598022461,55.75133514404297,-6.635247707366943,40.59989547729492,4.419824123382568,39.59494400024414,-5.760250568389893,25.366296768188477,7.907761096954346,22.4068546295166,-15.77412223815918,16.268585205078125,-0.920833945274353,12.884989738464355,-6.817975044250488,15.996200561523438,-1.1642627716064453,12.968027114868164,-15.397038459777832,11.913552284240723,-5.368152618408203,9.814626693725586,-9.638604164123535,12.935759544372559,1,fake,file10379.mp3.wav_16k.wav_norm.wav_mono.wav_silence.wav
1.6720625,16000,0.0778854658018868,0.06250781767132779,1185.1247405311735,820.7883440900447,1215.3173431568996,380.1956866393262,2323.7028301886794,1467.1233319505034,0.20657368004322052,0.06873985379934311,-179.3566436767578,51.334075927734375,122.2660140991211,53.54560470581055,2.8908731937408447,33.123531341552734,56.27922821044922,37.53365707397461,-26.74151039123535,26.633115768432617,-9.392448425292969,22.34670639038086,-5.480374336242676,14.619909286499023,-15.560113906860352,15.280328750610352,-5.889045715332031,16.71974754333496,-10.741315841674805,9.257355690002441,-2.0594699382781982,11.242688179016113,-5.817585468292236,14.10084342956543,-7.4242634773254395,11.801350593566895,1,fake,file10380.mp3.wav_16k.wav_norm.wav_mono.wav_silence.wav
2.7561875,16000,0.15697961566091953,0.1312681270908588,1517.9663642543262,968.6691363085521,1293.505530760169,531.3057961844193,2656.339798850575,1743.8119787141,0.18963061273097992,0.07486016303300858,-205.8487091064453,83.70476531982422,100.87797546386719,45.82813262939453,-27.69778823852539,64.67684936523438,22.110607147216797,42.06563186645508,-24.81260871887207,32.40827178955078,-22.374282836914062,30.388771057128906,-18.12709617614746,20.576770782470703,-27.537250518798828,18.89573097229004,-5.642155170440674,21.489376068115234,-18.396760940551758,13.197612762451172,-0.13490787148475647,12.513486862182617,-14.516729354858398,12.54962158203125,4.402019500732422,9.664339065551758,1,fake,file10381.wav_16k.wav_norm.wav_mono.wav_silence.wav
1.5401875,16000,0.15526347257653061,0.1127913721852318,1901.0512100316228,1108.2794415719222,1695.3381569844826,350.2587229648423,3547.1938775510203,1674.238059749887,0.12738750874996185,0.0762876346707344,-147.28948974609375,56.23819351196289,76.90140533447266,49.30723571777344,7.014422416687012,28.88166046142578,50.27854537963867,21.97239112854004,2.1065425872802734,15.838680267333984,14.619255065917969,16.478984832763672,-9.769865036010742,12.293524742126465,4.194049835205078,10.633849143981934,-9.137333869934082,9.090252876281738,11.116172790527344,10.23336410522461,-13.028372764587402,9.505102157592773,9.288835525512695,5.531135082244873,-19.980894088745117,9.125744819641113,1,fake,file10382.mp3.wav_16k.wav_norm.wav_mono.wav_silence.wav
1.2061875,16000,0.06803813733552631,0.023826259725212736,972.2960850608677,222.07198780131824,1004.3990175186893,265.34915826970195,1887.952302631579,779.7359430729497,0.20086053013801575,0.09994854032993317,-190.81341552734375,40.250465393066406,165.4034423828125,38.364105224609375,-19.2418212890625,43.52629852294922,32.70594024658203,51.65986251831055,-37.77313232421875,51.22140884399414,-6.305764675140381,22.457563400268555,-10.06380844116211,18.598434448242188,-23.808513641357422,27.60391616821289,-6.3350749015808105,12.617049217224121,-23.907411575317383,16.72797966003418,0.6302947998046875,8.931302070617676,-14.098945617675781,8.025041580200195,-10.165542602539062,14.289274215698242,1,fake,file10383.mp3.wav_16k.wav_norm.wav_mono.wav_silence.wav
1.7948125,16000,0.26643023574561403,0.18799985081728135,2603.498822755315,1522.0957807781244,1784.699918484426,437.0729957102034,4423.793859649123,1905.566413273337,0.10996994376182556,0.07475896924734116,-177.00096130371094,129.38668823242188,43.983543395996094,55.57655334472656,-20.926551818847656,46.51585388183594,-10.566272735595703,25.699207305908203,-2.376521348953247,18.022523880004883,1.4509727954864502,18.736268997192383,-7.225523948669434,19.23697280883789,-8.93801212310791,11.568770408630371,-15.866007804870605,12.643911361694336,-8.494534492492676,11.71351146697998,-8.183649063110352,11.972943305969238,-2.3745505809783936,8.917818069458008,-14.968381881713867,10.683462142944336,1,fake,file10384.mp3.wav_16k.wav_norm.wav_mono.wav_silence.wav
1.2288125,16000,0.1536082732371795,0.1682619039689385,1886.152165156385,1471.618587167447,1641.7259469904604,540.3279882486391,3382.8125,2211.4559366570343,0.23955954611301422,0.09229093044996262,-102.67599487304688,54.2248649597168,96.8574447631836,61.892616271972656,16.30079460144043,27.535419464111328,10.191826820373535,33.57585144042969,-13.39684009552002,36.2027587890625,1.4015804529190063,20.103717803955078,-19.03706169128418,13.42276382446289,-4.439655303955078,13.795220375061035,-10.228772163391113,17.647127151489258,-7.555790901184082,15.397061347961426,-12.336089134216309,7.733954429626465,-0.6488701105117798,9.986899375915527,-6.0563435554504395,11.822527885437012,1,fake,file10385.mp3.wav_16k.wav_norm.wav_mono.wav_silence.wav
1.8485625,16000,0.061624461206896554,0.026068309048016956,858.3844739277642,248.21313641232842,819.3429045317248,270.2503118481647,1550.2424568965516,698.2335727012048,0.16816796362400055,0.05284251645207405,-202.5704803466797,55.45494079589844,189.1893310546875,36.39719772338867,-31.23419761657715,40.06673812866211,18.325471878051758,47.3936767578125,-32.89339065551758,33.66404342651367,-5.8639373779296875,25.183883666992188,0.1594637781381607,15.887502670288086,-32.62288284301758,18.23147964477539,-5.861329078674316,16.564594268798828,-14.067983627319336,16.06229591369629,-6.02236270904541,9.662942886352539,-6.178895950317383,16.296785354614258,-12.591353416442871,11.920736312866211,1,fake,file10386.mp3.wav_16k.wav_norm.wav_mono.wav_silence.wav
2.043125,16000,0.09625244140625,0.04967928038692899,938.0912216407548,429.6059518187245,912.417794816987,349.5738170056957,1673.583984375,1110.3412288832442,0.25664612650871277,0.1121315211057663,-209.91075134277344,51.73518753051758,140.6643524169922,35.057373046875,-18.622669219970703,47.23870849609375,12.90278434753418,38.47148895263672,-32.95323944091797,26.11859703063965,-12.224148750305176,22.174924850463867,-16.089599609375,19.844587326049805,-20.525569915771484,18.53767204284668,-11.07681655883789,13.254741668701172,-16.87335205078125,14.820172309875488,-12.561836242675781,14.653631210327148,-15.336621284484863,12.348687171936035,-12.453971862792969,13.404707908630371,1,fake,file10387.mp3.wav_16k.wav_norm.wav_mono.wav_silence.wav
1.18925,16000,0.07928145559210527,0.042788100593916495,1327.440391189079,879.939422202378,1218.0549899378798,551.0940422662194,2502.6726973684213,1488.0951006795813,0.2265338897705078,0.08969170600175858,-159.2661590576172,60.59148025512695,127.97216796875,44.452266693115234,-33.51546859741211,59.2697639465332,29.804969787597656,27.264572143554688,0.5313411355018616,29.467975616455078,-6.366962909698486,20.626253128051758,-24.749025344848633,18.59305191040039,1.5616354942321777,20.497161865234375,-19.076833724975586,11.666821479797363,-6.340804100036621,15.243453025817871,0.804996907711029,16.411792755126953,-9.426912307739258,12.436452865600586,9.840850830078125,10.4715576171875,1,fake,file10388.mp3.wav_16k.wav_norm.wav_mono.wav_silence.wav
2.030125,16000,0.17363739013671875,0.1419596286365983,1899.9715142007542,1185.556568717194,1641.0149309269996,452.1679062658177,3444.82421875,1874.3365703534232,0.11530794948339462,0.044650621712207794,-155.73117065429688,57.91840744018555,87.22560119628906,60.17340087890625,5.329101085662842,28.82259178161621,36.99156951904297,37.46710968017578,-3.9001355171203613,24.645687103271484,9.873309135437012,15.55760383605957,-13.53880786895752,17.238725662231445,3.919384479522705,16.39668083190918,-9.489246368408203,11.271780967712402,10.939680099487305,18.563671112060547,-14.873321533203125,17.34720802307129,1.1194837093353271,11.422823905944824,-12.727157592773438,11.19620132446289,1,fake,file1039.mp3.wav_16k.wav_norm.wav_mono.wav_silence.wav
1.2220625,16000,0.14458133012820512,0.13877648338849696,1730.7307481982082,1267.0237032999298,1558.3889078590048,390.27796322641194,3126.602564102564,1859.2253255038852,0.17371930181980133,0.06922250241041183,-155.97813415527344,74.07415008544922,87.85005950927734,59.7939567565918,21.492841720581055,29.291988372802734,44.67634201049805,37.22456359863281,-8.133313179016113,27.66901397705078,3.359830379486084,21.24728775024414,-5.959043979644775,19.59654426574707,4.110515117645264,10.690875053405762,-16.97129249572754,10.333450317382812,7.15086030960083,9.371005058288574,-15.008496284484863,7.45011043548584,8.229433059692383,12.039373397827148,-20.609039306640625,9.735676765441895,1,fake,file10390.mp3.wav_16k.wav_norm.wav_mono.wav_silence.wav
1.7031875,16000,0.19419126157407407,0.12454485610687484,2116.701953227507,1038.825447943298,1482.7482661755962,409.0481231585626,3736.400462962963,1386.260141289682,0.15665976703166962,0.07758286595344543,-190.31675720214844,86.81253051757812,65.16936492919922,64.77593231201172,-22.910940170288086,53.87770080566406,78.87326049804688,54.433170318603516,-3.9390316009521484,29.380281448364258,-25.08455467224121,30.0385799407959,-0.9847975969314575,22.910505294799805,-31.51805877685547,29.35433006286621,-20.087905883789062,12.839828491210938,-10.656526565551758,14.358431816101074,-29.05572509765625,13.002642631530762,7.568504810333252,12.298788070678711,-12.248982429504395,12.559652328491211,1,fake,file10391.wav_16k.wav_norm.wav_mono.wav_silence.wav
1.6556875,16000,0.14473783052884615,0.11113527080065333,1595.6551669092528,1133.3924602568252,1514.9555477547597,440.8548056725612,2999.8497596153848,1846.350310949179,0.15817219018936157,0.05323133245110512,-144.295654296875,64.92106628417969,100.81248474121094,60.397544860839844,1.6388487815856934,25.075422286987305,47.351722717285156,31.020002365112305,12.731874465942383,16.406705856323242,11.344395637512207,19.58176040649414,-21.53994369506836,15.269710540771484,5.244007587432861,10.265768051147461,-5.020761966705322,9.64562702178955,-1.5249921083450317,17.10174560546875,-10.172087669372559,16.908039093017578,8.192339897155762,9.934467315673828,-19.32828140258789,7.659055709838867,1,fake,file10392.mp3.wav_16k.wav_norm.wav_mono.wav_silence.wav
1.2334375,16000,0.24419070512820512,0.12606047675053153,2462.2938772620846,1186.2629579313095,1541.135874617029,334.8193666773397,4142.227564102564,1381.4261750599856,0.15705718100070953,0.06153692305088043,-197.9014434814453,62.917808532714844,29.774883270263672,71.36582946777344,-4.085403919219971,42.760746002197266,106.12886810302734,56.53422927856445,8.170464515686035,17.644845962524414,-24.600820541381836,29.348800659179688,0.112335205078125,26.578760147094727,-21.424209594726562,26.11865234375,-22.28702735900879,14.384138107299805,-16.70530891418457,9.942317962646484,-33.75399398803711,13.01095962524414,5.305850982666016,10.448227882385254,-14.385016441345215,12.993617057800293,1,fake,file10393.wav_16k.wav_norm.wav_mono.wav_silence.wav
1.5055625,16000,0.155609130859375,0.14211575008679886,1632.339625869746,1078.9069249233548,1511.581359168171,466.9496234778826,2971.0286458333335,1765.8791748260594,0.1529638022184372,0.056961819529533386,-132.6354522705078,67.30732727050781,104.63065338134766,51.60008239746094,-3.4795472621917725,36.56771469116211,29.705923080444336,31.78350830078125,-10.454461097717285,29.36431884765625,6.171102046966553,17.011856079101562,-11.368891716003418,19.559946060180664,5.086949825286865,14.084064483642578,-8.961403846740723,11.808164596557617,5.634790897369385,13.851507186889648,-14.006438255310059,13.698988914489746,-2.70597243309021,9.481711387634277,-10.745760917663574,10.314044952392578,1,fake,file10394.mp3.wav_16k.wav_norm.wav_mono.wav_silence.wav
4.688,16000,0.18644703975340135,0.13252417755803964,1912.1795606028904,1136.364007033226,1381.8526613232327,406.80964068551407,3418.3673469387754,1561.1748163588527,0.13807886838912964,0.06686371564865112,-205.5309600830078,77.34545135498047,84.7287368774414,76.47161865234375,-16.956396102905273,54.821311950683594,54.932586669921875,54.85737609863281,-22.252859115600586,40.22158432006836,-17.683813095092773,25.672998428344727,15.814327239990234,28.20070457458496,-28.896129608154297,23.23309326171875,-25.478046417236328,14.67442798614502,-4.304438591003418,16.50223159790039,-25.782005310058594,13.290779113769531,7.103616714477539,12.1022310256958,-9.634479522705078,13.214376449584961,1,fake,file10395.wav_16k.wav_norm.wav_mono.wav_silence.wav
0.7011875,16000,0.07639382102272728,0.030788033559660935,1188.0779818311337,287.58802117430236,1285.6449575513914,171.06700383468328,2261.0085227272725,631.3406137977249,0.14504219591617584,0.06665627658367157,-146.89942932128906,114.02961730957031,126.07135772705078,16.608774185180664,-25.621356964111328,27.31120491027832,35.32089614868164,32.86140441894531,-7.602715015411377,29.30133628845215,1.4151983261108398,18.892555236816406,-17.124130249023438,22.494436264038086,-1.7439026832580566,14.393778800964355,-1.6341990232467651,8.845661163330078,4.059217929840088,11.906700134277344,1.6689705848693848,11.490785598754883,-5.092806816101074,6.415503025054932,-9.714972496032715,8.236968994140625,1,fake,file10396.mp3.wav_16k.wav_norm.wav_mono.wav_silence.wav
4.6274375,16000,0.0869073275862069,0.09560779199541386,1123.082639809384,810.4030304798689,1092.395181519427,514.5365466216505,2054.094827586207,1430.4026448732243,0.20985274016857147,0.07175930589437485,-165.41552734375,56.206512451171875,148.5957489013672,56.04407501220703,-19.568584442138672,45.38332748413086,16.85997772216797,37.59080505371094,-9.194982528686523,25.453691482543945,-8.003902435302734,19.084548950195312,-17.253475189208984,20.166667938232422,-7.506829261779785,15.116043090820312,-11.360733032226562,12.606413841247559,-10.940526008605957,13.235702514648438,-1.437758207321167,12.726545333862305,-2.9365642070770264,9.271469116210938,3.9271249771118164,10.899569511413574,1,fake,file10398.mp3.wav_16k.wav_norm.wav_mono.wav_silence.wav
1.2298125,16000,0.2578751001602564,0.16596480723097096,2476.9131299298756,1435.401990353378,1521.933248767199,419.1777110568574,4046.474358974359,1718.100610055659,0.1378517746925354,0.052397601306438446,-201.3522186279297,63.5674934387207,42.51826095581055,72.26153564453125,3.782792329788208,60.12196731567383,79.77474212646484,55.96992874145508,-1.8162413835525513,27.129711151123047,-21.82567024230957,30.892351150512695,5.201412677764893,31.14438819885254,-17.8858642578125,25.28045654296875,-21.96617317199707,20.13337516784668,-7.436917781829834,18.29967498779297,-28.240297317504883,9.58950424194336,3.8749537467956543,8.496448516845703,-10.786710739135742,13.254907608032227,1,fake,file104.wav_16k.wav_norm.wav_mono.wav_silence.wav
1.5268125,16000,0.11225382486979167,0.09912887265019997,1410.3771806021268,1047.5124764963946,1264.9399558181735,424.5940562441714,2534.8307291666665,1728.4137051617981,0.13385015726089478,0.04554344341158867,-196.7654571533203,65.5077133178711,112.4876937866211,68.21572875976562,2.8735082149505615,40.804595947265625,47.369510650634766,33.39918518066406,-26.98247718811035,20.479101181030273,-1.2644447088241577,18.06126594543457,-9.359732627868652,13.521864891052246,-5.408224582672119,18.74165153503418,4.109549522399902,12.346640586853027,-7.7716240882873535,9.192975997924805,-12.110865592956543,10.12703800201416,4.702641010284424,15.210451126098633,-10.62588119506836,12.46109390258789,1,fake,file10400.mp3.wav_16k.wav_norm.wav_mono.wav_silence.wav
2.6239375,16000,0.11970631669207317,0.10371708567582769,1464.4173221528258,777.4464858507922,1348.920581620451,330.75915069152046,2738.376524390244,1204.8580203798251,0.17094656825065613,0.053130753338336945,-154.6369171142578,59.769630432128906,99.68346405029297,41.18497085571289,-40.658878326416016,38.472503662109375,39.365753173828125,31.329805374145508,-22.036033630371094,21.64286231994629,0.45794403553009033,16.38411521911621,-28.86711883544922,14.918601989746094,-17.883853912353516,16.590925216674805,-22.745349884033203,14.322582244873047,-18.09806251525879,10.010969161987305,-10.650321960449219,9.680747985839844,-12.780604362487793,10.633999824523926,-0.4805712401866913,10.514201164245605,1,fake,file10401.mp3.wav_16k.wav_norm.wav_mono.wav_silence.wav
1.8573125,16000,0.09644796080508475,0.066845150642811,1273.9228755883298,836.0892287356171,1372.3328392138767,440.6441459418879,2387.976694915254,1557.5740746430988,0.1989002823829651,0.0680469423532486,-173.53265380859375,59.38383102416992,106.11927795410156,48.08131790161133,1.8472926616668701,34.528724670410156,35.709625244140625,44.36602020263672,7.037856101989746,15.707588195800781,10.55584716796875,18.130849838256836,-8.271411895751953,17.44852638244629,-4.4697465896606445,11.186017990112305,-18.533660888671875,12.511856079101562,1.8773530721664429,13.159488677978516,-11.522749900817871,13.637495040893555,1.772483468055725,11.07237720489502,-4.253756523132324,8.972066879272461,1,fake,file10402.mp3.wav_16k.wav_norm.wav_mono.wav_silence.wav
0.7425,16000,0.20393880208333334,0.11957223116281658,2332.372601480534,1163.6749531631945,1674.1442820560821,437.8033672744722,4066.7317708333335,1849.3346784953949,0.17976950109004974,0.06314554065465927,-91.058837890625,39.696998596191406,55.267452239990234,73.13306427001953,-16.335189819335938,29.549196243286133,33.368099212646484,34.943992614746094,-15.75234317779541,19.635799407958984,3.3810503482818604,17.691627502441406,-24.896841049194336,15.280136108398438,-13.262845039367676,19.023265838623047,-29.829221725463867,10.325759887695312,-2.6321589946746826,11.457352638244629,-30.42006492614746,11.30501937866211,4.602066993713379,10.596528053283691,-25.429733276367188,5.762038707733154,1,fake,file10403.mp3.wav_16k.wav_norm.wav_mono.wav_silence.wav
1.501375,16000,0.09693941156914894,0.09269526048204987,1257.1016767467784,1044.200310731286,1117.7377904219027,588.3214577840253,2221.24335106383,1746.1868857120614,0.23831160366535187,0.07454710453748703,-142.8143768310547,75.01199340820312,142.27342224121094,52.489349365234375,-28.258115768432617,58.43913650512695,12.95598316192627,34.983253479003906,-9.901616096496582,21.429306030273438,-0.7300738096237183,17.884986877441406,-13.880061149597168,12.555825233459473,-16.695261001586914,8.844964027404785,-10.557161331176758,11.468173027038574,-7.105062484741211,9.508960723876953,-5.6787519454956055,11.545822143554688,-8.313912391662598,9.443251609802246,4.130826473236084,8.534470558166504,1,fake,file10405.mp3.wav_16k.wav_norm.wav_mono.wav_silence.wav
1.1991875,16000,0.14875873766447367,0.15473055755156911,1934.1426420936532,1270.667981075173,1541.7328574094424,444.6362681376173,3306.126644736842,1879.8472972876887,0.20317773520946503,0.06197603791952133,-132.5136260986328,45.726287841796875,71.47479248046875,69.53227233886719,6.989828109741211,48.32162857055664,7.024216651916504,36.494178771972656,-38.39695739746094,25.635345458984375,10.718072891235352,20.637311935424805,-15.396437644958496,13.754042625427246,-12.793570518493652,13.761893272399902,-31.633657455444336,10.212462425231934,-1.7625232934951782,9.262001037597656,-17.93878746032715,8.793854713439941,-2.5012381076812744,9.666512489318848,-20.949493408203125,9.692774772644043,1,fake,file10406.mp3.wav_16k.wav_norm.wav_mono.wav_silence.wav
1.3605,16000,0.17138671875,0.14871704971153604,1795.7631540108816,1591.1540091774295,1308.2632836361183,590.3594917292528,2906.795058139535,2279.986182348831,0.11376539617776871,0.0850277990102768,-284.2648620605469,83.90940856933594,81.41864013671875,81.46483612060547,1.2502217292785645,59.532958984375,8.692030906677246,48.11614227294922,-30.244426727294922,22.972698211669922,-18.619932174682617,14.13154125213623,-35.26747512817383,18.894384384155273,-42.81946563720703,15.096857070922852,-8.245816230773926,13.637165069580078,-15.123052597045898,9.594738960266113,-13.421368598937988,9.133040428161621,-11.103525161743164,8.150190353393555,-0.8911225199699402,9.220537185668945,1,fake,file10407.wav_16k.wav_norm.wav_mono.wav_silence.wav
1.325125,16000,0.18961588541666666,0.24194228986675084,2140.323976950925,1785.707330303536,1480.878034276616,469.7562849566581,3680.8035714285716,1924.4015672497715,0.15181291103363037,0.0854402408003807,-261.5039978027344,102.92183685302734,44.409934997558594,64.86612701416016,6.468410491943359,66.43343353271484,19.298433303833008,55.92974090576172,-45.02547836303711,30.745166778564453,-14.761629104614258,32.5414924621582,-30.350618362426758,14.686970710754395,-40.76209259033203,14.129673957824707,-0.779670000076294,16.667387008666992,-22.7773494720459,11.464380264282227,-7.490823745727539,9.899923324584961,-13.002591133117676,10.49897575378418,-0.9166008234024048,7.978760719299316,1,fake,file10409.wav_16k.wav_norm.wav_mono.wav_silence.wav
0.4364375,16000,0.06930106026785714,0.02542511948871726,792.5136397604552,220.5027756625443,1077.49307598892,167.22393714612033,1434.1517857142858,421.0238011504861,0.10410022735595703,0.03343299776315689,-192.0518798828125,74.89443969726562,167.56619262695312,19.019174575805664,-10.111898422241211,19.659210205078125,19.708452224731445,13.074141502380371,1.7331006526947021,10.960702896118164,14.613232612609863,5.230708122253418,-1.956023097038269,13.315604209899902,-5.123612880706787,12.575736999511719,-6.1153974533081055,14.53659725189209,-3.45818829536438,11.640600204467773,3.397270679473877,4.896331310272217,3.823375701904297,6.969564437866211,-25.93070411682129,7.186842441558838,1,fake,file1041.mp3.wav_16k.wav_norm.wav_mono.wav_silence.wav
0.4789375,16000,0.08518880208333333,0.0245211626547687,1662.445441910629,258.846083897646,1637.6480401182707,232.65880727521161,3324.4791666666665,685.6976057980822,0.17954817414283752,0.03507477417588234,-57.80844497680664,44.34202575683594,93.86223602294922,22.320785522460938,-14.292768478393555,23.909679412841797,31.928611755371094,31.177213668823242,-28.212072372436523,12.175461769104004,-5.943816184997559,16.23625946044922,-16.157611846923828,8.20396900177002,6.776026725769043,11.183375358581543,-12.709794998168945,13.103412628173828,2.554485321044922,7.100759506225586,-19.021657943725586,14.544770240783691,4.166015148162842,5.205906391143799,-11.103798866271973,8.878388404846191,1,fake,file10410.mp3.wav_16k.wav_norm.wav_mono.wav_silence.wav
2.52875,16000,0.146484375,0.1275068677660723,1632.6586879953907,1161.2197626382706,1546.2174680443509,429.93225981788714,2997.4609375,1885.6945067767958,0.1607660949230194,0.057347606867551804,-130.8387451171875,68.6832275390625,100.28248596191406,69.76171112060547,21.03281593322754,30.122398376464844,35.685813903808594,31.893638610839844,4.1682209968566895,27.50094985961914,2.900395393371582,22.25185203552246,-1.0084428787231445,13.843374252319336,-10.936073303222656,12.940110206604004,-11.467430114746094,12.314201354980469,-2.898392915725708,11.259405136108398,-6.715609550476074,12.2514066696167,4.802995681762695,11.994248390197754,-7.346219062805176,9.498961448669434,1,fake,file10412.mp3.wav_16k.wav_norm.wav_mono.wav_silence.wav
4.0978125,16000,0.13522362524224807,0.1346768613331535,1759.7275364760033,1107.6868608038637,1484.3109587194006,380.9735009121149,3219.718992248062,1527.413722385536,0.14852091670036316,0.05790702626109123,-183.90823364257812,65.6305160522461,75.45933532714844,63.13910675048828,-14.280924797058105,34.35121154785156,47.694427490234375,29.824148178100586,-16.992538452148438,20.378324508666992,6.169808387756348,16.364870071411133,-22.651670455932617,15.715057373046875,-13.00473403930664,16.57881736755371,-24.615495681762695,14.796448707580566,-13.355057716369629,13.162867546081543,-11.282559394836426,11.155384063720703,-13.142843246459961,12.90241527557373,-1.6500020027160645,10.003142356872559,1,fake,file10414.mp3.wav_16k.wav_norm.wav_mono.wav_silence.wav
1.6875625,16000,0.15322818396226415,0.1414651165548843,1883.5613669573597,1108.1297570833942,1536.8887484691713,409.3272702138853,3456.810141509434,1543.6328496608967,0.1597052812576294,0.06552275270223618,-162.8499755859375,68.16510009765625,66.42093658447266,68.85388946533203,-14.315821647644043,36.624671936035156,44.99083709716797,21.1483211517334,-14.804243087768555,23.97710418701172,4.533639907836914,14.743744850158691,-29.358551025390625,14.109614372253418,-9.689801216125488,18.363767623901367,-26.149978637695312,14.475914001464844,-14.256690979003906,13.746333122253418,-10.114422798156738,9.895896911621094,-7.339624404907227,11.2974271774292,-3.5887322425842285,8.115386962890625,1,fake,file10415.mp3.wav_16k.wav_norm.wav_mono.wav_silence.wav
2.102,16000,0.10095584753787878,0.0801629816386394,1112.2704734321853,573.0346186155022,1051.8523712724223,392.48624588032686,2240.056818181818,1141.8895295806913,0.1162242442369461,0.05134162679314613,-230.0834197998047,70.49162292480469,170.08351135253906,50.08506774902344,-27.255523681640625,38.15761184692383,37.04569625854492,49.76924514770508,-23.503204345703125,28.38890266418457,-10.750744819641113,26.72171401977539,-8.783475875854492,29.709184646606445,-15.857315063476562,25.057804107666016,-9.087696075439453,13.669281959533691,-13.340872764587402,20.28957176208496,-7.532813549041748,15.82796573638916,-10.374468803405762,14.929478645324707,-0.766244113445282,19.697479248046875,1,fake,file10416.mp3.wav_16k.wav_norm.wav_mono.wav_silence.wav
2.487375,16000,0.11852088341346154,0.14482695897067827,1574.107525327365,1062.1616482075547,1453.6625962901774,427.81076992745096,2890.925480769231,1664.1765011828259,0.17501498758792877,0.0767231211066246,-179.19447326660156,74.30206298828125,85.94490814208984,52.00883102416992,-18.34205436706543,43.78520202636719,32.90321350097656,29.239299774169922,-14.053446769714355,21.900020599365234,2.6969730854034424,16.164310455322266,-30.52082633972168,17.660831451416016,-17.72049903869629,16.314729690551758,-18.970792770385742,15.1221284866333,-16.721710205078125,10.512053489685059,-14.330700874328613,12.498702049255371,-11.50466251373291,10.835652351379395,-4.675605297088623,9.169718742370605,1,fake,file10417.mp3.wav_16k.wav_norm.wav_mono.wav_silence.wav
1.7085,16000,0.10600224247685185,0.071811675681681,1384.9350343298752,936.1642090293747,1207.6428984391212,538.9610635622377,2514.178240740741,1557.793892325781,0.20661897957324982,0.06906971335411072,-139.017578125,54.661190032958984,138.44252014160156,64.21730041503906,-32.4601936340332,54.52783203125,24.09811782836914,34.012298583984375,-18.688472747802734,27.93143081665039,1.9703702926635742,17.2752685546875,-16.019250869750977,19.99273681640625,-6.616405963897705,14.363672256469727,-9.149825096130371,12.283822059631348,-7.422215938568115,11.491877555847168,2.537416458129883,10.903572082519531,-2.178649663925171,15.624853134155273,1.5674123764038086,8.313390731811523,1,fake,file10418.mp3.wav_16k.wav_norm.wav_mono.wav_silence.wav
2.2885,16000,0.057074652777777776,0.0391984528173283,1164.9451167491122,576.7988355910544,1356.7330191943645,440.63381263062644,2473.198784722222,1269.1598190546283,0.19908060133457184,0.07141947001218796,-134.56051635742188,65.24103546142578,129.1194610595703,45.038997650146484,-9.542790412902832,37.1075553894043,54.84553527832031,32.30006408691406,10.044543266296387,16.193700790405273,9.148433685302734,18.591075897216797,3.8977580070495605,13.373408317565918,-10.03925895690918,14.182628631591797,3.3178181648254395,14.496464729309082,-9.733455657958984,13.924433708190918,-6.927281856536865,11.140138626098633,-0.18807241320610046,10.89886474609375,-8.430258750915527,9.1588773727417,1,fake,file10419.mp3.wav_16k.wav_norm.wav_mono.wav_silence.wav
1.1983125,16000,0.1693821957236842,0.16911059623778515,1964.5209987824571,1289.4306443711243,1465.5855008711678,433.1760707398417,3420.6414473684213,1805.615119521493,0.20114918053150177,0.08253254741430283,-158.91627502441406,67.11347961425781,57.35310363769531,74.947998046875,-24.876617431640625,40.85782241821289,33.03080749511719,33.67209243774414,-26.724477767944336,23.097152709960938,7.972665309906006,12.116360664367676,-24.035974502563477,12.037389755249023,-10.688189506530762,13.660196304321289,-19.48063850402832,12.7299165725708,-16.300209045410156,12.896255493164062,-13.549822807312012,9.429601669311523,-10.80570125579834,15.304535865783691,-4.448473930358887,9.68783950805664,1,fake,file10420.mp3.wav_16k.wav_norm.wav_mono.wav_silence.wav
1.981625,16000,0.08843403477822581,0.0455070236616139,957.4744719697621,394.4094216934821,906.1311987335183,354.1987404130281,1842.1118951612902,1008.2315968517646,0.23203866183757782,0.10801119357347488,-202.9147491455078,46.903724670410156,142.25672912597656,43.658836364746094,-27.088882446289062,34.04173278808594,5.519267559051514,46.095001220703125,-27.01006317138672,20.2276611328125,-9.290761947631836,26.272567749023438,-16.183631896972656,23.81013298034668,-15.228865623474121,17.1666316986084,-10.993797302246094,17.558034896850586,-18.475439071655273,15.514673233032227,-12.470650672912598,11.77611255645752,-13.664880752563477,10.877758979797363,-12.247923851013184,10.394054412841797,1,fake,file10422.mp3.wav_16k.wav_norm.wav_mono.wav_silence.wav
1.1318125,16000,0.1380343967013889,0.14971533623550362,1710.3917738151822,1434.4004883649923,1409.2145741809675,625.594075965416,3075.5208333333335,2015.7116354658547,0.18975068628787994,0.08712837845087051,-156.98329162597656,71.74308776855469,112.80209350585938,68.08676147460938,-11.193573951721191,47.177181243896484,31.181772232055664,36.34531784057617,-8.328195571899414,28.683923721313477,-13.57797622680664,16.082677841186523,-22.418190002441406,23.190061569213867,-8.833080291748047,11.826387405395508,-11.188945770263672,12.381752967834473,-10.224874496459961,13.546795845031738,3.9083926677703857,8.107369422912598,-0.20351900160312653,10.35436725616455,5.643548965454102,8.996562957763672,1,fake,file10423.mp3.wav_16k.wav_norm.wav_mono.wav_silence.wav
0.876125,16000,0.16993931361607142,0.10285525048450854,2101.581854034807,956.9833247628887,1889.0552445177498,580.0750154379951,3996.3727678571427,1959.1819944017705,0.1459587812423706,0.07319626212120056,-139.37857055664062,59.466487884521484,70.64118194580078,45.846710205078125,7.29317569732666,50.152462005615234,-3.50345778465271,32.25674819946289,-20.518503189086914,20.464323043823242,-1.7018048763275146,21.29471778869629,-17.638925552368164,24.577159881591797,-15.4297513961792,15.772294044494629,-18.37407112121582,10.981222152709961,-7.357051849365234,10.141313552856445,-18.704980850219727,9.00261116027832,0.22318826615810394,8.428022384643555,-17.788345336914062,6.802865028381348,1,fake,file10424.mp3.wav_16k.wav_norm.wav_mono.wav_silence.wav
1.2325625,16000,0.16672926682692307,0.14618934992915875,1987.7499875396188,1141.3428758034042,1535.7185006430577,412.1986350764624,3465.7451923076924,1650.0944053451626,0.16088135540485382,0.07894613593816757,-143.06944274902344,77.7668228149414,73.15540313720703,59.69855880737305,-27.998979568481445,43.562713623046875,21.669219970703125,31.754053115844727,-25.180240631103516,22.247966766357422,2.7500417232513428,14.290313720703125,-15.774243354797363,14.239476203918457,-14.156012535095215,18.69455337524414,-15.254768371582031,14.973999977111816,0.37384530901908875,7.8930583000183105,-14.589723587036133,7.915951251983643,-0.9117860198020935,10.82575511932373,-9.76801586151123,11.6182222366333,1,fake,file10425.mp3.wav_16k.wav_norm.wav_mono.wav_silence.wav
0.8325625,16000,0.04023799189814815,0.015076956525182842,891.3536896142746,257.430124470282,1140.935083839827,249.77952268023049,1701.9675925925926,749.9870504997754,0.1999504715204239,0.06035040318965912,-142.5092315673828,74.22352600097656,158.73663330078125,29.3802547454834,-13.480260848999023,33.55107116699219,39.35348129272461,26.592370986938477,-2.262425184249878,22.280181884765625,3.9717557430267334,9.269387245178223,20.359336853027344,12.906579971313477,-15.658522605895996,18.142303466796875,1.3536994457244873,13.457843780517578,-9.42886734008789,8.476318359375,-4.384525775909424,14.535502433776855,-3.3438100814819336,13.521159172058105,-6.556054592132568,7.688382625579834,1,fake,file10426.mp3.wav_16k.wav_norm.wav_mono.wav_silence.wav
1.382125,16000,0.08524946732954546,0.042962736630414076,1090.304938848319,368.3675231280969,1090.1539271390213,279.29023009305246,2235.7954545454545,843.9526415291983,0.14630082249641418,0.06018900126218796,-199.08993530273438,68.26380157470703,165.26304626464844,34.2567138671875,-42.051700592041016,45.97447967529297,65.6669921875,45.8692512512207,-29.282691955566406,31.798540115356445,-14.9729585647583,27.83070945739746,-6.085486888885498,24.1494083404541,-25.427989959716797,20.0288143157959,-4.814611434936523,20.747182846069336,-18.911476135253906,13.674579620361328,-7.640397548675537,12.629770278930664,-6.060571193695068,14.399125099182129,-10.622788429260254,14.310931205749512,1,fake,file10428.mp3.wav_16k.wav_norm.wav_mono.wav_silence.wav
1.2616875,16000,0.0898193359375,0.08999779473358029,1498.0414031518487,1014.2898923209624,1442.311157663254,460.3073134900856,2848.4375,1732.764067458857,0.22583894431591034,0.07590185850858688,-112.35612487792969,73.87031555175781,109.3907699584961,74.44434356689453,-1.1887229681015015,31.846834182739258,49.28010559082031,35.69041061401367,-7.273750305175781,37.646366119384766,4.109613418579102,16.50354766845703,11.29063892364502,15.444276809692383,-6.758343696594238,14.548110961914062,-0.6138736605644226,17.116296768188477,-5.638139247894287,12.546613693237305,-10.517926216125488,11.878381729125977,0.8215987086296082,8.069091796875,-5.996054172515869,9.88644027709961,1,fake,file10429.mp3.wav_16k.wav_norm.wav_mono.wav_silence.wav
2.86575,16000,0.12213541666666666,0.09336347229575391,1631.4789455477212,702.257496499428,1532.9318057526139,421.263864959794,3119.878472222222,1401.1066052906128,0.13774609565734863,0.06292468309402466,-161.18898010253906,67.80622100830078,87.4410629272461,38.27421188354492,-25.716859817504883,38.175628662109375,24.103734970092773,30.35700035095215,-17.322317123413086,26.621910095214844,-3.0595428943634033,18.85089874267578,-18.273574829101562,17.18488121032715,-11.374780654907227,15.743176460266113,-15.741984367370605,10.605586051940918,-4.918551445007324,12.244802474975586,-11.130743026733398,10.480753898620605,-5.563594341278076,13.475869178771973,-3.7837002277374268,10.598650932312012,1,fake,file10430.mp3.wav_16k.wav_norm.wav_mono.wav_silence.wav
1.11025,16000,0.057979910714285716,0.019038977252076494,1181.2196045713322,267.2585266768517,1348.6123754985954,214.44854858917705,2520.7589285714284,847.1655876181396,0.19815798103809357,0.04541300609707832,-116.51348876953125,64.58745574951172,127.60103607177734,26.889999389648438,-17.897541046142578,22.34371566772461,23.932903289794922,31.60759925842285,-15.924242973327637,26.5200252532959,18.05876922607422,15.712721824645996,-35.25276565551758,17.274524688720703,-25.616079330444336,16.41958236694336,-12.386293411254883,8.776569366455078,-16.548402786254883,12.136258125305176,-3.343005895614624,10.131291389465332,-9.309003829956055,12.781763076782227,-13.052501678466797,12.29965877532959,1,fake,file10433.mp3.wav_16k.wav_norm.wav_mono.wav_silence.wav
1.8765,16000,0.1280124470338983,0.13144258474397125,1393.1636858853237,1070.3029083060703,1275.0162701727104,619.549275389787,2542.7701271186443,1863.81526550803,0.18955661356449127,0.0763123407959938,-165.88682556152344,47.19700241088867,133.1568603515625,61.621665954589844,-18.04341697692871,53.35907745361328,11.165291786193848,32.64350891113281,-11.95957088470459,31.878507614135742,-4.846500396728516,17.958833694458008,-22.431608200073242,19.37942886352539,-2.563606023788452,14.321199417114258,-13.43088436126709,12.777448654174805,-18.905685424804688,12.243727684020996,0.45358720421791077,14.760336875915527,-3.721451759338379,10.522815704345703,2.127002716064453,11.903463363647461,1,fake,file10435.mp3.wav_16k.wav_norm.wav_mono.wav_silence.wav
2.205375,16000,0.14772984601449277,0.10380940312964833,1201.635731132962,614.702064621895,1020.7945654040468,372.24170373501033,2245.9239130434785,1116.250516591769,0.1255291998386383,0.07770391553640366,-208.26568603515625,88.37871551513672,160.0587158203125,55.821990966796875,-42.93993377685547,40.88054275512695,23.962230682373047,37.37409591674805,-15.5470609664917,23.3767147064209,-10.05864143371582,26.24712562561035,-15.795894622802734,18.187938690185547,-12.036855697631836,18.991823196411133,-5.730570316314697,11.411808013916016,-10.608551025390625,15.931258201599121,-3.7720093727111816,12.028376579284668,-15.005193710327148,11.991806030273438,-2.042616844177246,12.264654159545898,1,fake,file10436.mp3.wav_16k.wav_norm.wav_mono.wav_silence.wav
1.6536875,16000,0.15431565504807693,0.14677680026272605,1766.6858523036208,1315.9385061518205,1635.3183378138633,349.93999872719513,3141.9771634615386,1868.1237350661638,0.18133831024169922,0.07385755330324173,-145.36752319335938,68.5162124633789,80.91099548339844,54.847782135009766,26.766801834106445,22.00831413269043,51.54367446899414,25.597658157348633,4.7160844802856445,20.16300392150879,10.845540046691895,21.033382415771484,-11.322011947631836,18.705062866210938,6.7000274658203125,10.678749084472656,-16.836118698120117,14.002141952514648,5.838373184204102,9.67050552368164,-16.663362503051758,9.13100528717041,9.10950756072998,8.667441368103027,-16.301790237426758,6.6231794357299805,1,fake,file10437.mp3.wav_16k.wav_norm.wav_mono.wav_silence.wav
1.548,16000,0.17324019451530612,0.11063862775890784,1994.4557770109036,886.3400675528719,1613.6586512240883,320.7044937992274,3735.331632653061,1291.6448822899442,0.13759954273700714,0.047087885439395905,-118.43295288085938,56.19110870361328,73.09542846679688,54.5855598449707,-23.186426162719727,34.30424880981445,43.841976165771484,33.73918533325195,-15.226588249206543,18.162168502807617,4.312942028045654,15.889106750488281,-19.81777000427246,13.433587074279785,-19.010469436645508,18.46811294555664,-20.8358211517334,12.247900009155273,-5.704644203186035,15.38009262084961,-26.533952713012695,8.915315628051758,-1.397202730178833,10.89521598815918,-24.302059173583984,9.179300308227539,1,fake,file10438.mp3.wav_16k.wav_norm.wav_mono.wav_silence.wav
2.71475,16000,0.12595358455882352,0.08970152091125719,1740.049529954092,715.232408736184,1592.1174905938738,412.15498086005954,3352.113970588235,1357.8649004536007,0.1511300653219223,0.05537591502070427,-155.7108154296875,72.31470489501953,76.96710205078125,43.570289611816406,-19.003610610961914,39.91335678100586,37.3119010925293,32.45526885986328,-21.681114196777344,23.88414764404297,-5.75176477432251,15.49370002746582,-19.387832641601562,13.925447463989258,-4.700314998626709,15.026090621948242,-19.613380432128906,11.056276321411133,-6.3813605308532715,8.726471900939941,-13.167803764343262,10.836923599243164,-6.681998252868652,9.887104988098145,-5.738453388214111,11.428683280944824,1,fake,file1044.mp3.wav_16k.wav_norm.wav_mono.wav_silence.wav
1.9869375,16000,0.08203125,0.06770492377447254,1273.9583358918194,788.1881761620232,1433.8024452158008,566.322952528958,2477.8025793650795,1741.6862280388714,0.1686651110649109,0.06925564259290695,-142.70460510253906,64.83765411376953,133.0105438232422,60.0673713684082,8.638972282409668,31.252349853515625,34.012855529785156,28.615150451660156,-5.307653427124023,29.539710998535156,8.343268394470215,15.892382621765137,11.494948387145996,14.38160228729248,-6.94095516204834,8.98901081085205,0.339240700006485,13.625517845153809,-12.435465812683105,12.171016693115234,-4.324946880340576,11.111580848693848,-0.9718741774559021,8.564037322998047,-5.653111457824707,10.145181655883789,1,fake,file10442.mp3.wav_16k.wav_norm.wav_mono.wav_silence.wav
2.2925,16000,0.12483723958333333,0.10014091735374966,1726.197669297989,884.4273524883708,1480.0355687834508,315.6524033043012,3227.4305555555557,1346.2991075361533,0.1838727593421936,0.06733338534832001,-144.9846649169922,74.83029174804688,80.29940795898438,53.857845306396484,-23.77658462524414,36.44340515136719,46.72401809692383,28.619731903076172,-24.328697204589844,22.4085750579834,9.810065269470215,17.26609230041504,-27.033679962158203,18.13227653503418,-9.03586483001709,13.621270179748535,-23.493976593017578,17.541812896728516,-11.252744674682617,12.125038146972656,-8.966683387756348,9.162776947021484,-14.189986228942871,12.79181957244873,-2.1244218349456787,12.239191055297852,1,fake,file10444.mp3.wav_16k.wav_norm.wav_mono.wav_silence.wav
1.6856875,16000,0.07523216391509434,0.03804739516521186,993.2870800130048,401.82209577295487,991.4977892177326,323.5195722480267,1934.9941037735848,953.5692563678218,0.1329437494277954,0.05693867802619934,-220.1854248046875,60.720306396484375,154.11581420898438,45.080379486083984,-16.42350959777832,37.95707702636719,32.14633560180664,57.52798080444336,-22.603261947631836,31.423519134521484,2.5740177631378174,27.099817276000977,-4.88776969909668,21.598875045776367,-26.05327033996582,21.632890701293945,-6.548079013824463,12.354541778564453,-12.23593521118164,23.597652435302734,-12.190478324890137,12.4675931930542,-13.565170288085938,10.832961082458496,-4.67607307434082,14.30620288848877,1,fake,file10445.mp3.wav_16k.wav_norm.wav_mono.wav_silence.wav
1.957875,16000,0.20108524445564516,0.10467550107723732,2013.74111119634,871.3149483266594,1437.8731638882193,383.9297103093782,3626.764112903226,1221.9214539999625,0.12798082828521729,0.06088455393910408,-198.74917602539062,86.80697631835938,77.8708724975586,58.88053894042969,-32.843448638916016,53.31157684326172,76.05397033691406,53.62528610229492,-12.118889808654785,36.54507064819336,-26.347103118896484,24.26681900024414,13.020940780639648,22.1678466796875,-26.464223861694336,26.217344284057617,-17.144460678100586,13.932258605957031,-7.06401252746582,16.560327529907227,-23.181785583496094,14.631935119628906,9.231661796569824,11.292129516601562,-11.107352256774902,12.289995193481445,1,fake,file10446.wav_16k.wav_norm.wav_mono.wav_silence.wav
1.8481875,16000,0.10394497575431035,0.046497100051022575,1445.0484177896726,414.49584436291235,1280.7076620499674,190.56033150168685,2935.075431034483,719.2713376094555,0.16577422618865967,0.0502266064286232,-196.01614379882812,71.56185150146484,118.08224487304688,36.31330871582031,-28.74489974975586,44.78246307373047,64.95659637451172,44.33217239379883,-33.43402862548828,40.75368118286133,-35.2952766418457,29.780956268310547,21.343420028686523,18.57148551940918,-46.948455810546875,26.566213607788086,-20.6280460357666,19.191465377807617,-2.4344325065612793,13.899166107177734,-31.231739044189453,14.440279960632324,11.819511413574219,9.338778495788574,-17.597740173339844,11.003360748291016,1,fake,file10447.wav_16k.wav_norm.wav_mono.wav_silence.wav
1.3179375,16000,0.29536365327380953,0.14124230461216164,2691.813172784053,1349.2303519141121,1542.792827113809,435.5680230762234,4346.354166666667,1629.119830003586,0.13901519775390625,0.06973747909069061,-181.00706481933594,65.06063842773438,34.152381896972656,85.41194915771484,-6.825963973999023,58.62454605102539,65.45392608642578,52.430145263671875,-7.700220108032227,33.92258834838867,-14.587716102600098,29.701566696166992,0.7884276509284973,27.913684844970703,-17.428009033203125,27.372074127197266,-21.07649803161621,15.565398216247559,-4.794232368469238,18.019580841064453,-23.73552131652832,13.092249870300293,8.866423606872559,10.513676643371582,-7.929466724395752,10.97983169555664,1,fake,file10448.wav_16k.wav_norm.wav_mono.wav_silence.wav
2.0635,16000,0.10338792067307692,0.06072558372393362,997.9906478315564,514.4623930616704,966.7716949387682,369.8444139164092,1757.5721153846155,1092.4614398246276,0.2345171719789505,0.10053370893001556,-209.32000732421875,54.07832717895508,140.21885681152344,43.43255615234375,-20.11564064025879,39.23289108276367,16.06545639038086,38.15580368041992,-35.2259521484375,28.127382278442383,-10.80479907989502,23.536235809326172,-22.83098793029785,23.14756202697754,-16.294965744018555,17.904272079467773,-17.196800231933594,17.180131912231445,-14.980875015258789,16.30475616455078,-10.497687339782715,11.24305248260498,-11.97836685180664,10.615584373474121,-12.013672828674316,14.90857219696045,1,fake,file10449.mp3.wav_16k.wav_norm.wav_mono.wav_silence.wav
1.749,16000,0.11626420454545454,0.07410182508655774,1187.4469734512138,555.8829469147369,1017.7175645194039,322.8273841035196,2088.6363636363635,1135.2371369520934,0.12904174625873566,0.0736178532242775,-223.0145721435547,77.96029663085938,170.30319213867188,52.424560546875,-41.994964599609375,39.98768997192383,23.718177795410156,37.14025115966797,-40.87160110473633,41.116416931152344,-2.155022382736206,31.968509674072266,-0.9174797534942627,21.736507415771484,-28.408527374267578,25.7684268951416,0.4154547154903412,15.047417640686035,-4.179206848144531,14.561532020568848,-10.976759910583496,11.101943969726562,-5.014891624450684,13.863089561462402,-0.9320257902145386,14.710372924804688,1,fake,file1045.mp3.wav_16k.wav_norm.wav_mono.wav_silence.wav
1.8103125,16000,0.20002398574561403,0.14549836884762732,2029.5281833931867,1594.3340084529789,1514.6612123735504,644.2839648277069,3364.8574561403507,2463.175789104592,0.15353873372077942,0.06514872610569,-186.55511474609375,49.14241409301758,94.55846405029297,78.46981811523438,17.396160125732422,35.44161605834961,18.370010375976562,34.49040985107422,-21.571643829345703,35.677581787109375,7.719550609588623,20.820791244506836,-5.8447980880737305,15.053153991699219,-10.488035202026367,25.607868194580078,-2.069430112838745,21.14177703857422,-1.9094946384429932,12.059081077575684,-18.542173385620117,11.72330379486084,8.854521751403809,18.578210830688477,-16.72777557373047,9.573145866394043,1,fake,file10451.mp3.wav_16k.wav_norm.wav_mono.wav_silence.wav
2.4608125,16000,0.11518364448051949,0.08094989578648691,1632.8153997436407,794.480463973247,1387.4652632409266,332.0533771556915,2867.8977272727275,1243.4188958345349,0.1495041847229004,0.061409842222929,-141.35598754882812,79.08101654052734,94.59809112548828,42.11818313598633,-42.78784942626953,43.29829406738281,17.465917587280273,28.36848258972168,-21.745235443115234,19.608774185180664,7.0078043937683105,19.007322311401367,-22.618921279907227,17.20839500427246,-1.5504653453826904,14.829405784606934,-14.454870223999023,12.290926933288574,-1.8968250751495361,12.789260864257812,-8.827851295471191,12.296391487121582,-8.041255950927734,10.751190185546875,-8.752519607543945,8.400748252868652,1,fake,file10452.mp3.wav_16k.wav_norm.wav_mono.wav_silence.wav
0.555375,16000,0.13050672743055555,0.0500309756956843,1236.1563722889568,569.3651989969882,1542.3190181438943,421.58508408714164,2670.1388888888887,1419.212430840513,0.1669415831565857,0.04342476278543472,-134.88954162597656,43.3043327331543,115.89146423339844,38.06736373901367,14.067975997924805,20.977092742919922,55.936279296875,26.49163818359375,16.967994689941406,15.144125938415527,10.547151565551758,16.89053726196289,-29.694087982177734,11.835405349731445,2.1040685176849365,13.317728042602539,-9.764087677001953,8.010506629943848,-11.002882957458496,11.94537353515625,-7.820406436920166,11.676911354064941,7.5846405029296875,3.893437623977661,-23.440887451171875,6.788705825805664,1,fake,file10453.mp3.wav_16k.wav_norm.wav_mono.wav_silence.wav
1.2648125,16000,0.14783935546875,0.13476577924636637,2021.1698676718777,1211.9836962968282,1516.0555044224416,386.2889511844268,3577.734375,1550.4820535525948,0.1706571727991104,0.06736394762992859,-118.05131530761719,64.57099914550781,74.0104751586914,61.03350830078125,-32.2122802734375,43.187355041503906,24.20962905883789,31.606098175048828,-8.857600212097168,18.701690673828125,6.749658107757568,20.43768310546875,-21.04501724243164,16.3592586517334,-14.554636001586914,21.776639938354492,-24.571760177612305,13.730833053588867,-8.933613777160645,16.427974700927734,-28.235326766967773,13.268649101257324,-2.3934013843536377,10.135567665100098,-25.914270401000977,9.766266822814941,1,fake,file10454.mp3.wav_16k.wav_norm.wav_mono.wav_silence.wav
1.59775,16000,0.15068359375,0.12362637133941835,1564.9528962930708,1064.615911544791,1547.3557682911974,573.6481067528471,3097.03125,1925.8565781413506,0.2060500681400299,0.06439387053251266,-173.5765838623047,59.104713439941406,84.22437286376953,57.10674285888672,12.338226318359375,45.04692459106445,54.22612380981445,35.20557403564453,8.859129905700684,18.764108657836914,-2.4431684017181396,20.49175262451172,-9.848384857177734,17.08553695678711,-2.656313419342041,15.075031280517578,-24.977031707763672,14.555235862731934,6.3917107582092285,11.283638000488281,-11.555499076843262,12.074172019958496,-1.4022178649902344,11.377610206604004,-3.9351894855499268,12.544086456298828,1,fake,file10455.mp3.wav_16k.wav_norm.wav_mono.wav_silence.wav
0.633,16000,0.1364013671875,0.07421911540694381,1740.757285779258,749.7959981764034,1583.2727998623382,352.068552254657,3251.953125,1387.762316402262,0.1619299352169037,0.06090094521641731,-106.69035339355469,69.94603729248047,93.4129867553711,43.442626953125,-21.012319564819336,29.259252548217773,14.574775695800781,30.667837142944336,-21.764184951782227,25.037202835083008,7.998504638671875,21.489559173583984,-12.664168357849121,25.98382568359375,-12.53316879272461,11.19913101196289,-20.220035552978516,7.299996376037598,5.291755676269531,11.733367919921875,-28.98784828186035,9.216058731079102,4.543744087219238,10.749996185302734,-21.218664169311523,12.452479362487793,1,fake,file10456.mp3.wav_16k.wav_norm.wav_mono.wav_silence.wav
4.0891875,16000,0.10357666015625,0.06890301474071447,1090.3498757315745,799.6468781771093,962.8123068240371,474.1569782783855,1897.03369140625,1540.202051752799,0.21187277138233185,0.11096332967281342,-247.766845703125,99.16874694824219,132.1485137939453,56.862762451171875,-14.07419204711914,41.456626892089844,12.224854469299316,42.47119140625,-35.17582702636719,30.091859817504883,-12.118574142456055,24.817712783813477,-17.38638687133789,18.82762336730957,-21.509244918823242,16.708988189697266,-14.659530639648438,17.36014747619629,-15.17270278930664,11.426939964294434,-13.784404754638672,11.85428237915039,-9.994218826293945,10.83569049835205,-11.67259407043457,13.124675750732422,1,fake,file10457.mp3.wav_16k.wav_norm.wav_mono.wav_silence.wav
0.9139375,16000,0.17791958512931033,0.20598746360258086,1907.617338044448,1715.1844321898582,1269.6954192322876,425.2201947455836,3100.4849137931033,2138.621998304339,0.184902161359787,0.10749930888414383,-217.24505615234375,51.44614791870117,57.60733413696289,88.30973052978516,-18.64735984802246,62.04024124145508,16.925989151000977,37.402618408203125,-18.349287033081055,17.870744705200195,-21.7742977142334,13.404598236083984,-38.4268913269043,16.40969467163086,-34.81549072265625,14.630037307739258,-4.710909843444824,7.625059604644775,-20.5024356842041,10.124348640441895,-12.517727851867676,12.77325439453125,-8.534912109375,7.5304765701293945,4.618496417999268,6.417673587799072,1,fake,file10459.wav_16k.wav_norm.wav_mono.wav_silence.wav
2.75275,16000,0.15962868175287356,0.09231062301576287,2406.047518985555,1257.1704151701654,1721.5832252278142,453.8946971630319,4284.033764367816,1927.7805961111114,0.09783556312322617,0.08063223212957382,-263.6814270019531,200.0484161376953,64.26248931884766,59.098487854003906,-18.79561424255371,35.88865280151367,16.693479537963867,26.7878475189209,-17.255172729492188,25.92133903503418,1.2336421012878418,14.890103340148926,-10.828447341918945,17.986705780029297,-14.325004577636719,16.38924789428711,-14.234551429748535,13.923418045043945,-5.50553035736084,12.611796379089355,-18.2379150390625,14.874205589294434,0.19497951865196228,9.572011947631836,-16.070322036743164,14.350736618041992,1,fake,file10460.mp3.wav_16k.wav_norm.wav_mono.wav_silence.wav
1.3229375,16000,0.08884393601190477,0.06084493725306163,1493.9224312609883,765.5491175481492,1498.3521230953716,353.1715750353247,2834.6354166666665,1452.4677259623284,0.17912359535694122,0.05318737030029297,-110.79766845703125,52.121986389160156,110.26089477539062,39.60435485839844,-13.17686653137207,28.707483291625977,5.143855094909668,25.183195114135742,-23.70045280456543,21.12189483642578,13.742043495178223,25.31564712524414,-21.004776000976562,12.96157169342041,11.821717262268066,14.450077056884766,-14.33837890625,12.233854293823242,-6.512661933898926,14.35866928100586,-9.819729804992676,12.80367660522461,-5.756619930267334,8.458695411682129,-10.599300384521484,10.801621437072754,1,fake,file10461.mp3.wav_16k.wav_norm.wav_mono.wav_silence.wav
2.0814375,16000,0.10631954308712122,0.10146849616693535,1452.4836897970274,1251.2216346880828,1256.5124938659997,624.523250236249,2557.2916666666665,1932.6537656926776,0.18282054364681244,0.07599964737892151,-176.167236328125,62.58521270751953,134.00936889648438,72.22020721435547,-15.685552597045898,51.03364181518555,21.612375259399414,37.19322967529297,-18.28472900390625,33.84553146362305,-3.797767162322998,25.28935432434082,-8.87368106842041,18.029842376708984,-0.9523850679397583,15.865710258483887,-14.637123107910156,12.320294380187988,-10.22084903717041,14.937736511230469,2.470244884490967,10.573531150817871,3.8020427227020264,14.442221641540527,3.5505497455596924,10.875286102294922,1,fake,file10462.mp3.wav_16k.wav_norm.wav_mono.wav_silence.wav
1.88925,16000,0.1394287109375,0.08203073773905345,1694.0078197829591,1036.1213288079973,1602.1473652152408,400.8510644353549,3240.7552083333335,1829.034836174265,0.15229913592338562,0.07171081751585007,-147.32586669921875,53.20369338989258,82.548095703125,61.36334228515625,10.209769248962402,29.102407455444336,53.8240852355957,24.65740394592285,6.268668174743652,13.758299827575684,11.696310043334961,13.757803916931152,-9.92399787902832,15.851381301879883,3.9888596534729004,14.039445877075195,-14.415616989135742,8.897651672363281,7.777791500091553,10.999393463134766,-18.495820999145508,6.439186096191406,9.29349136352539,6.615749359130859,-17.79324722290039,6.379122257232666,1,fake,file10463.mp3.wav_16k.wav_norm.wav_mono.wav_silence.wav
0.911125,16000,0.09750471443965517,0.05012539619295717,1313.5441701736054,793.6332802228899,1381.1170712553667,391.06930691225807,2429.418103448276,1530.8946340018963,0.17527827620506287,0.0792536586523056,-179.18844604492188,78.5324935913086,115.03617858886719,45.96192169189453,-6.187229156494141,30.945592880249023,23.933181762695312,34.54823684692383,14.118227005004883,18.720409393310547,1.9413115978240967,16.47365379333496,-22.975847244262695,14.864953994750977,-11.317414283752441,17.670963287353516,-13.673417091369629,8.8037748336792,5.992102146148682,10.119067192077637,-12.826288223266602,12.55709171295166,0.8222931027412415,13.188754081726074,1.8402326107025146,8.341215133666992,1,fake,file10464.mp3.wav_16k.wav_norm.wav_mono.wav_silence.wav
1.7259375,16000,0.20104528356481483,0.22911347022613612,2373.65395881746,1790.5321775026127,1700.7533022853675,432.3030702543205,4060.908564814815,2108.972215718224,0.19591552019119263,0.05996820330619812,-121.73455047607422,59.56696319580078,64.59463500976562,64.53213500976562,23.536317825317383,37.00606918334961,16.761497497558594,40.08972930908203,-22.425302505493164,30.604393005371094,-0.4735545814037323,15.113128662109375,-8.038246154785156,14.406229972839355,-5.685471534729004,14.095479011535645,-10.868340492248535,14.016769409179688,-9.658012390136719,10.580257415771484,-13.910968780517578,13.766145706176758,-5.206268310546875,9.926640510559082,-4.414825916290283,12.816019058227539,1,fake,file10465.mp3.wav_16k.wav_norm.wav_mono.wav_silence.wav
1.356375,16000,0.10737645348837209,0.08289584068108598,1337.3272732906978,1039.4077347040702,1255.2796680762187,453.8044353965651,2365.3706395348836,1779.789408127021,0.13051879405975342,0.0877186506986618,-232.47242736816406,118.38201904296875,118.74922943115234,69.17507934570312,1.112343192100525,23.599069595336914,11.847954750061035,28.315906524658203,-21.34973907470703,35.805789947509766,22.00074577331543,12.039352416992188,-7.296486854553223,15.121512413024902,-11.255777359008789,21.891864776611328,11.713058471679688,17.778181076049805,-7.195056915283203,10.777005195617676,-12.717894554138184,12.450626373291016,-1.1107560396194458,15.92042064666748,-9.225199699401855,10.58801555633545,1,fake,file10466.mp3.wav_16k.wav_norm.wav_mono.wav_silence.wav
2.0080625,16000,0.08547247023809523,0.06753340981254062,1036.324729268936,536.4173024282336,1076.6340581180657,535.2949731836836,1862.2271825396826,1308.9064544252994,0.21316947042942047,0.0559946708381176,-162.73287963867188,55.30939483642578,153.34234619140625,36.47159957885742,-25.444311141967773,49.251625061035156,7.4009881019592285,28.620805740356445,-9.384722709655762,26.33382225036621,-2.2792820930480957,16.74566650390625,-17.139142990112305,17.968843460083008,-15.475258827209473,16.69695472717285,-13.2310152053833,18.138648986816406,-9.235404968261719,11.503681182861328,-2.7836594581604004,16.229507446289062,-6.593867301940918,13.22492504119873,5.283180236816406,15.342337608337402,1,fake,file10467.mp3.wav_16k.wav_norm.wav_mono.wav_silence.wav
3.8138125,16000,0.11295166015625,0.07275612266629222,1133.219208861995,796.5385339319961,994.0861330183293,460.14750314957115,2025.8463541666667,1507.5691985244234,0.20973525941371918,0.12221482396125793,-225.08970642089844,91.59085845947266,128.44142150878906,64.11272430419922,-17.21186637878418,38.33478927612305,20.64678192138672,44.32182693481445,-28.931787490844727,31.915786743164062,-19.144147872924805,23.071170806884766,-19.853954315185547,18.92137908935547,-13.193976402282715,19.594802856445312,-13.086507797241211,18.53500747680664,-18.056196212768555,14.31059455871582,-11.505532264709473,11.865224838256836,-13.419218063354492,10.759001731872559,-12.293363571166992,14.524974822998047,1,fake,file10468.mp3.wav_16k.wav_norm.wav_mono.wav_silence.wav
1.08625,16000,0.21480066636029413,0.17979043291006555,2639.4122213582696,1390.930755261498,2024.795141648833,508.2108122946156,4875.919117647059,1845.222302767068,0.20849867165088654,0.07096326351165771,-116.14422607421875,49.401588439941406,42.990543365478516,41.92894744873047,9.10925006866455,44.14441680908203,4.2551984786987305,35.24989700317383,-23.57103157043457,37.0969352722168,-8.637717247009277,17.338523864746094,-11.09096622467041,17.153844833374023,-6.270112991333008,15.180233001708984,-32.290321350097656,12.863723754882812,-13.677741050720215,9.196328163146973,-10.851715087890625,14.278572082519531,-0.919241189956665,10.192148208618164,-14.936568260192871,9.66552734375,1,fake,file10469.mp3.wav_16k.wav_norm.wav_mono.wav_silence.wav
1.9785625,16000,0.08288180443548387,0.038029346862623804,870.0959199073087,310.9558880115439,813.854552374596,283.3869393662262,1483.366935483871,801.5980220296573,0.223932683467865,0.11283741146326065,-203.0153045654297,51.102386474609375,156.76852416992188,38.187110900878906,-28.144479751586914,40.50353240966797,3.5195207595825195,35.171119689941406,-15.583870887756348,25.93293571472168,-19.29376220703125,20.407058715820312,-15.54736614227295,20.718769073486328,-9.347025871276855,15.577791213989258,-13.553995132446289,17.56011199951172,-19.355022430419922,14.825886726379395,-12.812127113342285,10.70356559753418,-10.980989456176758,10.110160827636719,-14.903441429138184,11.118983268737793,1,fake,file10470.mp3.wav_16k.wav_norm.wav_mono.wav_silence.wav
1.55575,16000,0.15328045280612246,0.15228675520267834,2027.8009943674651,1467.1776537242717,1469.3912018394756,417.5083517169322,3491.7091836734694,1751.3990912165423,0.14681534469127655,0.06155112013220787,-195.23475646972656,71.43614196777344,64.13371276855469,69.03379821777344,-19.68025779724121,42.44820785522461,43.38493347167969,35.883262634277344,-11.123583793640137,23.56379508972168,5.427103042602539,16.412765502929688,-23.205841064453125,13.904973983764648,-12.390992164611816,19.167407989501953,-27.08069610595703,16.91507911682129,-14.111287117004395,15.507800102233887,-9.11656379699707,9.709986686706543,-13.334847450256348,15.719060897827148,-1.7954844236373901,9.393613815307617,1,fake,file10472.mp3.wav_16k.wav_norm.wav_mono.wav_silence.wav
1.964125,16000,0.12089686239919355,0.11345012360573345,1597.4759984866907,1098.2956223718102,1489.884469098724,454.04047842028587,2888.2308467741937,1758.2619209921706,0.1270204782485962,0.060557518154382706,-167.8103485107422,79.61254119873047,101.51354217529297,55.10131072998047,-2.4679198265075684,30.14870834350586,38.33133316040039,34.28705596923828,1.7783929109573364,28.885120391845703,6.182082653045654,15.839357376098633,-9.810038566589355,19.440956115722656,6.439607620239258,13.918015480041504,-3.6794075965881348,9.189651489257812,0.9468597769737244,11.978436470031738,-13.710044860839844,13.068144798278809,-1.3822144269943237,9.261808395385742,-11.123617172241211,9.719345092773438,1,fake,file10473.mp3.wav_16k.wav_norm.wav_mono.wav_silence.wav
1.928125,16000,0.17004194415983606,0.12716094103807196,1616.32313651079,1321.729207727981,1467.598163554008,508.7179079677318,2923.6680327868853,2118.8687546069514,0.14060184359550476,0.043586887419223785,-157.33424377441406,57.70970153808594,103.73249816894531,76.95028686523438,12.925621032714844,27.03948974609375,39.439292907714844,29.489593505859375,9.785305976867676,19.524539947509766,14.796744346618652,16.053056716918945,-16.439241409301758,19.180492401123047,4.598502159118652,10.928084373474121,-7.1624884605407715,8.825075149536133,-5.446467876434326,16.088214874267578,-7.970017910003662,17.131874084472656,3.856701135635376,9.819838523864746,-17.991573333740234,6.904138088226318,1,fake,file10474.mp3.wav_16k.wav_norm.wav_mono.wav_silence.wav
2.0531875,16000,0.14402794471153846,0.12471424508668703,1805.9010296281187,1066.7658685824,1483.9889857385672,315.7648965560221,3313.8221153846152,1465.5605260638617,0.15882839262485504,0.06597642600536346,-118.08928680419922,58.539695739746094,87.78243255615234,52.521575927734375,-21.090669631958008,32.12355422973633,23.237316131591797,29.693866729736328,-23.297809600830078,25.57489585876465,-1.660652756690979,17.604766845703125,-14.271123886108398,19.707605361938477,-20.070575714111328,17.367023468017578,-26.807893753051758,11.56839656829834,-4.372581958770752,11.694411277770996,-21.46095085144043,8.623250961303711,-1.3514423370361328,10.709620475769043,-21.258970260620117,9.219419479370117,1,fake,file10475.mp3.wav_16k.wav_norm.wav_mono.wav_silence.wav
1.06425,16000,0.10101677389705882,0.08274388701994873,1394.947278759791,983.5669829994781,1311.3749385062142,372.5050306883847,2466.9117647058824,1612.0120221164568,0.12474778294563293,0.06424520164728165,-180.7867889404297,99.58251190185547,118.90929412841797,54.01708221435547,-17.003646850585938,28.127782821655273,28.186283111572266,35.34874725341797,-1.9332607984542847,24.23560333251953,10.163263320922852,13.992812156677246,-1.4404042959213257,20.272960662841797,-3.325787305831909,16.016237258911133,-10.391396522521973,13.768204689025879,0.5491634607315063,12.589522361755371,-5.399670124053955,13.962151527404785,-1.7887589931488037,9.609548568725586,-16.156410217285156,11.835895538330078,1,fake,file10477.mp3.wav_16k.wav_norm.wav_mono.wav_silence.wav
2.633375,16000,0.14232516001506024,0.08848602923459037,1871.1004788422513,927.4142551891637,1535.508068642779,435.5500227760165,3411.9917168674697,1492.364695852356,0.14756235480308533,0.06209966912865639,-147.3612518310547,69.25572204589844,78.35297393798828,46.54664611816406,-28.553607940673828,49.13700485229492,32.13003158569336,25.37447738647461,-17.612524032592773,24.181001663208008,-5.036474227905273,17.614681243896484,-29.551908493041992,16.0838680267334,0.46789586544036865,12.125885009765625,-18.173006057739258,17.0845947265625,-4.739461421966553,12.10849380493164,-10.374475479125977,12.830474853515625,-5.233747959136963,9.86864185333252,-7.411346912384033,10.889546394348145,1,fake,file10478.mp3.wav_16k.wav_norm.wav_mono.wav_silence.wav
1.4750625,16000,0.13465134640957446,0.08549395157749304,1748.7276481369213,854.3456335608878,1604.86138309934,327.2043045094007,3522.273936170213,1247.7757999338119,0.11448778212070465,0.053081922233104706,-160.6514892578125,65.33392333984375,84.00431823730469,55.29210662841797,-13.301183700561523,31.60060691833496,30.671274185180664,34.27351379394531,-19.784278869628906,30.06879234313965,2.5379061698913574,18.366670608520508,-10.523971557617188,11.480175018310547,-19.185420989990234,14.254632949829102,-23.570476531982422,13.119192123413086,-4.761326789855957,13.623909950256348,-26.143272399902344,7.37075662612915,0.45705607533454895,12.601546287536621,-27.233362197875977,10.122637748718262,1,fake,file10479.mp3.wav_16k.wav_norm.wav_mono.wav_silence.wav
2.364625,16000,0.12305347339527027,0.10695999893220723,1452.3173806695736,1052.52496330918,1529.8590526244084,458.5772698414347,2643.4755067567567,1884.3282938672278,0.14776268601417542,0.03771549463272095,-136.52044677734375,63.36997604370117,118.08724212646484,60.72562026977539,20.33123207092285,30.644275665283203,21.643136978149414,27.529869079589844,0.4357197880744934,28.57525634765625,2.818554162979126,15.575719833374023,4.030996799468994,16.32768440246582,-7.61643123626709,10.254632949829102,-9.00272274017334,11.559021949768066,1.038216471672058,12.474286079406738,-9.75841999053955,10.882477760314941,6.021120071411133,10.73839282989502,-6.853202819824219,7.646742820739746,1,fake,file1048.mp3.wav_16k.wav_norm.wav_mono.wav_silence.wav
0.79875,16000,0.119609375,0.11177306918100005,1713.4604894839138,1056.616875701809,1438.1757308765145,244.19421389384576,3131.875,1425.3688530298043,0.18860365450382233,0.07152167707681656,-116.20671844482422,79.44862365722656,87.37078094482422,62.704593658447266,-28.065576553344727,32.13585662841797,16.714876174926758,29.334856033325195,-29.206249237060547,29.224361419677734,3.788769006729126,13.558100700378418,-12.906763076782227,16.37593650817871,-19.84508514404297,12.82563304901123,-28.44808578491211,12.272011756896973,-4.857629299163818,10.784904479980469,-26.535110473632812,8.826720237731934,4.497633934020996,10.3001708984375,-30.432104110717773,11.89603042602539,1,fake,file10482.mp3.wav_16k.wav_norm.wav_mono.wav_silence.wav
1.3115625,16000,0.12638147865853658,0.1068609932091597,1727.3557625126352,1064.3538982380633,1479.1526880560984,543.425066402013,3180.830792682927,1771.0788859355014,0.1617080122232437,0.05741018056869507,-150.17726135253906,77.94659423828125,94.77998352050781,52.84352493286133,-29.46735382080078,49.75167465209961,15.780689239501953,24.111547470092773,-13.723197937011719,23.301132202148438,-12.184168815612793,13.62039566040039,-20.00693702697754,14.981932640075684,5.359277725219727,10.215574264526367,-14.2781982421875,12.500448226928711,-7.993666648864746,9.790515899658203,-11.908113479614258,14.505351066589355,-4.379889965057373,9.821279525756836,-2.840456962585449,10.341672897338867,1,fake,file10483.mp3.wav_16k.wav_norm.wav_mono.wav_silence.wav
1.3811875,16000,0.09077592329545454,0.046648323394038106,1056.6916715464433,605.1583689889846,1326.4709623214121,444.50164129129206,2125.177556818182,1396.5212404109325,0.0805843397974968,0.029360733926296234,-227.5190887451172,64.29232788085938,135.39181518554688,41.181549072265625,1.9990636110305786,23.473045349121094,33.641815185546875,21.964523315429688,9.163066864013672,22.020503997802734,14.02560806274414,12.576485633850098,-8.034551620483398,18.403406143188477,1.5768383741378784,9.944784164428711,-6.139894008636475,8.587262153625488,-6.940759181976318,13.742897987365723,-6.815732955932617,13.512717247009277,3.732931613922119,6.147632598876953,-17.335783004760742,9.232584953308105,1,fake,file10484.mp3.wav_16k.wav_norm.wav_mono.wav_silence.wav
1.65525,16000,0.09405048076923077,0.07532331968198132,1334.0753395735687,789.476774802066,1488.3110807960331,395.45179481211335,2624.549278846154,1421.9256957010914,0.16602548956871033,0.05398274213075638,-129.50979614257812,74.21128845214844,114.80264282226562,45.692569732666016,1.9473668336868286,35.43006896972656,40.55772399902344,23.989351272583008,22.873050689697266,20.49521827697754,-2.0140058994293213,12.871726989746094,-11.873554229736328,14.396156311035156,-8.853531837463379,14.227075576782227,-4.630543231964111,8.99393367767334,4.195789813995361,15.800040245056152,-9.433728218078613,8.02813720703125,0.9046351313591003,8.153083801269531,-8.672171592712402,8.202391624450684,1,fake,file10485.mp3.wav_16k.wav_norm.wav_mono.wav_silence.wav
1.0621875,16000,0.08417107077205882,0.05123327547531631,1175.6513467269838,346.7457261950119,1415.1376076557701,324.5460363085677,2216.452205882353,909.245116818545,0.1656286120414734,0.060478344559669495,-108.50761413574219,53.39684295654297,140.026123046875,23.030986785888672,-12.875386238098145,22.56698989868164,13.974156379699707,20.249643325805664,9.10329532623291,14.55499267578125,-8.771798133850098,9.823166847229004,2.6376335620880127,13.102005958557129,-14.272236824035645,10.161328315734863,-7.5579071044921875,12.442323684692383,16.007822036743164,16.055238723754883,-5.935125350952148,9.844359397888184,9.09328842163086,10.698129653930664,-14.331457138061523,12.316461563110352,1,fake,file10486.mp3.wav_16k.wav_norm.wav_mono.wav_silence.wav
1.8436875,16000,0.1704522494612069,0.12677080444809183,1956.4244204055071,1173.332405881036,1724.1228844841148,398.9797189889692,3649.2456896551726,1899.4425873113923,0.15049539506435394,0.07184550911188126,-144.42247009277344,48.86540222167969,75.66432189941406,60.265445709228516,15.349730491638184,29.1331729888916,45.737789154052734,29.273635864257812,-0.8660579919815063,20.63164710998535,15.203219413757324,20.608203887939453,-8.071951866149902,18.570194244384766,2.5267446041107178,11.948193550109863,-17.262189865112305,9.419655799865723,10.25089168548584,8.656499862670898,-15.170279502868652,7.934403419494629,12.110963821411133,9.28201675415039,-19.152421951293945,8.179438591003418,1,fake,file10487.mp3.wav_16k.wav_norm.wav_mono.wav_silence.wav
0.7668125,16000,0.1572265625,0.14557313412927025,1773.502700436776,1307.7081185608295,1291.0491469563206,405.0152881963334,2832.03125,1937.2899751758039,0.21619899570941925,0.07977064698934555,-211.8984375,77.11759185791016,79.82275390625,65.68560791015625,13.221882820129395,66.76224517822266,77.61058807373047,57.69980239868164,-20.305818557739258,25.07651710510254,-32.07838439941406,31.759490966796875,23.339950561523438,29.029815673828125,-30.24251365661621,25.216732025146484,-28.23343849182129,16.795686721801758,-1.7349039316177368,9.190851211547852,-30.311410903930664,8.68887996673584,-0.05031653121113777,7.134513854980469,-13.776698112487793,12.143570899963379,1,fake,file10489.wav_16k.wav_norm.wav_mono.wav_silence.wav
0.760125,16000,0.07045491536458333,0.048893079998738674,1271.1809318716269,533.6101280564371,1545.2479538410544,229.3009440426461,2482.421875,1020.8381081813288,0.18965668976306915,0.04968385025858879,-117.58279418945312,49.198246002197266,109.5602798461914,34.50743865966797,7.043673992156982,20.266002655029297,42.92758560180664,45.71111297607422,18.133832931518555,23.404918670654297,-4.066331386566162,11.825867652893066,1.6891794204711914,14.928378105163574,-1.9095183610916138,6.02156400680542,-7.8560333251953125,13.510334014892578,2.9335010051727295,22.707191467285156,-12.070269584655762,7.276988506317139,8.37435245513916,7.769292831420898,-16.668060302734375,9.412402153015137,1,fake,file1049.mp3.wav_16k.wav_norm.wav_mono.wav_silence.wav
2.36875,16000,0.19366536458333333,0.13725566015595103,2521.45357719356,1254.145612741396,1997.3010536138481,486.41712910714654,4693.333333333333,1843.344805993909,0.13274969160556793,0.06656687706708908,-150.15444946289062,44.43009948730469,45.31583786010742,46.179500579833984,14.197664260864258,39.59053421020508,7.553921699523926,23.918874740600586,-17.2634334564209,25.047231674194336,-8.51241397857666,19.89734649658203,-10.290825843811035,18.24767303466797,-12.476304054260254,13.800962448120117,-25.682344436645508,10.087631225585938,-13.539712905883789,8.652998924255371,-16.68606185913086,11.552568435668945,-5.472992420196533,9.202667236328125,-16.698598861694336,8.401677131652832,1,fake,file10490.mp3.wav_16k.wav_norm.wav_mono.wav_silence.wav
1.4543125,16000,0.11832328464673914,0.0916439652077757,1717.893699798265,850.2051582696548,1546.4229578376755,406.5612410254858,3150.305706521739,1527.5169953995335,0.14437535405158997,0.036246445029973984,-123.49365997314453,55.59946060180664,94.3311538696289,53.917205810546875,-15.108781814575195,38.251708984375,31.144956588745117,35.20292282104492,-19.01996421813965,20.871681213378906,6.406900882720947,15.524430274963379,-32.22224044799805,18.71776580810547,-14.777703285217285,11.900279998779297,-12.973260879516602,14.335286140441895,-11.04112434387207,11.548698425292969,-8.815062522888184,12.847945213317871,-2.8918344974517822,9.258814811706543,-18.956544876098633,10.87775993347168,1,fake,file10492.mp3.wav_16k.wav_norm.wav_mono.wav_silence.wav
1.92825,16000,0.15114305840163936,0.13539984876894376,1871.8261028787836,1015.053797781062,1536.8205011064615,328.5454760992983,3458.247950819672,1427.7289289606372,0.15482333302497864,0.05275171995162964,-132.40463256835938,70.69113159179688,73.46174621582031,57.407344818115234,-16.453828811645508,35.896358489990234,39.5964241027832,38.04951858520508,-18.28309440612793,19.982479095458984,0.9814098477363586,19.654239654541016,-19.326974868774414,19.511760711669922,-15.314620971679688,16.32481575012207,-23.009048461914062,12.132250785827637,-6.356754779815674,13.221456527709961,-24.48570442199707,9.566985130310059,-4.590692043304443,8.232315063476562,-21.90570640563965,10.574830055236816,1,fake,file10493.mp3.wav_16k.wav_norm.wav_mono.wav_silence.wav
0.7655625,16000,0.1265869140625,0.04872450960935846,1945.3499360799697,523.8548309095372,1606.5934582087837,289.59191601112866,3583.3333333333335,972.187247479788,0.1639745980501175,0.048021670430898666,-109.82135009765625,54.51395797729492,71.56195068359375,32.418399810791016,-28.95604133605957,33.211326599121094,42.351898193359375,18.610902786254883,-36.10220718383789,18.469375610351562,-7.60754919052124,18.166833877563477,-26.307661056518555,13.903327941894531,-2.416527509689331,18.46561050415039,-28.600740432739258,10.968957901000977,7.594474792480469,13.663753509521484,-5.391860485076904,8.78950309753418,-7.50203275680542,13.052265167236328,-3.121220827102661,10.411213874816895,1,fake,file10494.mp3.wav_16k.wav_norm.wav_mono.wav_silence.wav
3.3681875,16000,0.13615676591981132,0.11824780112904183,1623.4510354682438,1118.3655782434341,1579.2675442677653,362.57816465897184,3053.5819575471696,1745.7442246641829,0.15688253939151764,0.06318355351686478,-158.46377563476562,50.91916275024414,83.23358917236328,53.76930618286133,15.85078239440918,27.388992309570312,53.43173599243164,34.482662200927734,8.321722984313965,19.183067321777344,8.354413032531738,20.404659271240234,-7.366737365722656,14.623042106628418,0.3690980076789856,10.779580116271973,-14.422048568725586,9.274316787719727,4.7764973640441895,13.134571075439453,-10.94855785369873,8.602848052978516,7.028850555419922,10.225693702697754,-22.28047752380371,7.919186592102051,1,fake,file10495.mp3.wav_16k.wav_norm.wav_mono.wav_silence.wav
0.725875,16000,0.12079653532608696,0.09716884770886215,1795.202558719195,961.501048755296,1467.4828078038074,304.16810276210805,3203.804347826087,1423.4808497914344,0.18299686908721924,0.0864439532160759,-106.20137023925781,61.70165252685547,94.84187316894531,56.64888000488281,-17.908641815185547,42.933570861816406,27.997848510742188,15.049077987670898,-30.21620750427246,28.692691802978516,1.2153375148773193,20.91105079650879,-20.547969818115234,16.65874481201172,-16.993928909301758,21.125764846801758,-13.260287284851074,15.30665111541748,-0.8701748251914978,10.689105033874512,-25.98358154296875,7.927909851074219,3.1630852222442627,5.553083896636963,-20.112333297729492,10.51492977142334,1,fake,file10496.mp3.wav_16k.wav_norm.wav_mono.wav_silence.wav
1.4985,16000,0.08669589428191489,0.09381441154613958,1286.7344661012796,818.4626277250239,1448.4150470404927,357.77143255717033,2484.873670212766,1499.6618048206708,0.20241449773311615,0.057933468371629715,-129.1374969482422,55.884952545166016,109.3940200805664,62.75812911987305,-0.1623791605234146,27.427316665649414,42.66810989379883,30.047197341918945,25.775707244873047,17.09324073791504,-2.2871100902557373,13.549269676208496,0.9364615678787231,14.717268943786621,-11.07938289642334,13.485356330871582,-10.862846374511719,10.31266975402832,-4.990745544433594,19.991878509521484,-8.764768600463867,8.010727882385254,6.003319263458252,8.397934913635254,-19.910743713378906,12.265915870666504,1,fake,file10497.mp3.wav_16k.wav_norm.wav_mono.wav_silence.wav
1.05925,16000,0.24790326286764705,0.19688431210802596,2549.5755969831707,1518.3293519514793,1591.6964606220836,366.2194431141813,4224.034926470588,1667.080037070198,0.1979646533727646,0.08270582556724548,-145.19439697265625,71.71643829345703,36.34098815917969,62.37269973754883,-5.144586086273193,49.52254104614258,39.806541442871094,40.366153717041016,-17.388463973999023,20.8861141204834,6.882754325866699,16.052356719970703,-20.522022247314453,18.236343383789062,-13.611246109008789,19.026376724243164,-19.789390563964844,9.963047981262207,-9.37380313873291,13.523087501525879,-20.69448471069336,10.66047191619873,-5.306681156158447,13.64219856262207,-9.156980514526367,10.196335792541504,1,fake,file10498.mp3.wav_16k.wav_norm.wav_mono.wav_silence.wav
0.706125,16000,0.13644276494565216,0.07573662539917043,1865.1081955412697,658.5297072921821,1744.6934983547915,525.7154928913536,3663.383152173913,1496.5141381425183,0.16107696294784546,0.1006554588675499,-150.9040069580078,65.85699462890625,73.9435043334961,37.29506301879883,-2.8475544452667236,52.234554290771484,7.395214080810547,18.641077041625977,-17.074752807617188,20.786474227905273,-0.5793338418006897,17.12128448486328,-20.085634231567383,20.538225173950195,-4.294530391693115,14.622410774230957,-8.816784858703613,13.605253219604492,-14.575135231018066,11.7358980178833,-18.1684627532959,11.096237182617188,0.873228132724762,6.933846950531006,-13.860757827758789,9.058708190917969,1,fake,file10499.mp3.wav_16k.wav_norm.wav_mono.wav_silence.wav
0.75875,16000,0.18776448567708334,0.11396791718577352,1518.3338221243223,742.7195626534387,1285.7969580463796,452.83134501053263,2726.5625,1453.527470025865,0.2176843136548996,0.07765840739011765,-174.8330078125,86.57479095458984,100.30907440185547,42.89974594116211,-50.10149002075195,56.61640548706055,12.49181842803955,39.306522369384766,-21.648054122924805,27.520029067993164,-27.484418869018555,31.53969383239746,-22.73381805419922,17.957237243652344,-27.334030151367188,15.86595630645752,-1.6923599243164062,18.454971313476562,-13.746879577636719,11.118108749389648,1.4651345014572144,12.931615829467773,-15.62671947479248,7.53780460357666,5.237013339996338,10.995512008666992,1,fake,file105.wav_16k.wav_norm.wav_mono.wav_silence.wav
3.7173125,16000,0.11491720085470085,0.07695731825544751,1093.1384606356369,569.2984260954613,978.1382839133884,332.8593091563713,1957.3985042735044,1105.455947687987,0.21885249018669128,0.11516410857439041,-207.00123596191406,66.58902740478516,125.41590118408203,40.82156753540039,-28.70315933227539,45.231346130371094,16.98027229309082,33.69414138793945,-32.9180908203125,28.981706619262695,-19.739795684814453,23.35135841369629,-12.372173309326172,21.749683380126953,-10.784600257873535,16.186182022094727,-18.471195220947266,13.45624828338623,-20.046825408935547,12.661558151245117,-11.36267375946045,10.276556015014648,-13.353711128234863,10.940810203552246,-15.28742790222168,15.831561088562012,1,fake,file1050.mp3.wav_16k.wav_norm.wav_mono.wav_silence.wav
1.563125,16000,0.09252431441326531,0.065517462913286,1459.6821935273417,603.4832782509546,1519.9238486023387,408.8811451385507,2906.5688775510203,1360.8805504113966,0.14990055561065674,0.04504656046628952,-136.1310577392578,69.33387756347656,108.31696319580078,45.73173141479492,-5.487546443939209,33.044124603271484,17.18474769592285,35.771663665771484,-14.379066467285156,29.222700119018555,6.6300225257873535,16.54387855529785,-14.997696876525879,20.401845932006836,4.081851959228516,17.844324111938477,-10.376913070678711,13.560730934143066,-9.449356079101562,9.218791007995605,-11.524250030517578,9.631896018981934,-6.412640571594238,6.506560802459717,-3.910550117492676,9.465330123901367,1,fake,file10501.mp3.wav_16k.wav_norm.wav_mono.wav_silence.wav
0.839625,16000,0.09253833912037036,0.03358821126546817,1751.7083578595293,459.03594363559785,1682.8173233653515,397.1963941724656,3557.8703703703704,1073.5280486939935,0.1875089854001999,0.06802990287542343,-118.5760269165039,48.13407897949219,64.28246307373047,25.62508201599121,-26.870670318603516,58.58395767211914,10.286908149719238,27.238372802734375,-25.390024185180664,17.66316795349121,-13.308037757873535,17.12916374206543,-6.0895915031433105,12.948982238769531,-10.184162139892578,8.58833122253418,-28.323209762573242,13.477005958557129,-11.190671920776367,11.316859245300293,-14.018078804016113,11.432908058166504,-5.0494303703308105,8.950981140136719,-10.740885734558105,7.3316264152526855,1,fake,file10503.mp3.wav_16k.wav_norm.wav_mono.wav_silence.wav
1.771375,16000,0.10882568359375,0.07603890477133453,1264.7634939681943,825.2957000797188,1385.9929430764823,447.6243191097003,2513.253348214286,1622.4283982857683,0.19760701060295105,0.07637044787406921,-181.62924194335938,60.211280822753906,114.97434997558594,46.94750213623047,17.446765899658203,41.41829299926758,27.518203735351562,39.24386978149414,-9.531331062316895,20.788278579711914,0.3901837170124054,21.60187339782715,-6.655819416046143,16.415163040161133,-7.013805866241455,15.777016639709473,-21.33607292175293,17.27225112915039,3.4212615489959717,13.670553207397461,-8.108506202697754,10.932185173034668,1.7857580184936523,7.840623378753662,-3.068129062652588,13.0437650680542,1,fake,file10504.mp3.wav_16k.wav_norm.wav_mono.wav_silence.wav
1.921875,16000,0.08612160604508197,0.07328583505277449,1311.0525714180633,715.573191622406,1263.2876839754865,328.57017462865286,2457.6075819672133,1126.6827861269144,0.1716919243335724,0.06131988763809204,-167.57888793945312,69.27307891845703,113.16517639160156,44.875816345214844,-39.20847702026367,40.76647186279297,36.584068298339844,31.049551010131836,-25.942676544189453,23.805368423461914,2.0814507007598877,16.665542602539062,-26.744277954101562,16.900897979736328,-14.54468059539795,13.607085227966309,-21.943958282470703,14.95227336883545,-17.857032775878906,11.309803009033203,-4.822509288787842,9.892114639282227,-15.397806167602539,10.645986557006836,-1.4900798797607422,10.062202453613281,1,fake,file10506.mp3.wav_16k.wav_norm.wav_mono.wav_silence.wav
1.943375,16000,0.15396868596311475,0.14260391070881326,1879.7468902002295,1173.8340840481746,1498.4638144386067,356.7838875344522,3441.598360655738,1625.074260498142,0.1531442254781723,0.052223362028598785,-133.98460388183594,72.572509765625,85.4625015258789,64.307861328125,-8.525182723999023,41.319252014160156,28.285531997680664,36.64406967163086,-31.746809005737305,21.984281539916992,12.830526351928711,15.60153865814209,-18.86536407470703,15.740341186523438,-18.56340789794922,14.562893867492676,-14.359145164489746,12.718467712402344,-12.851278305053711,13.346840858459473,-8.464422225952148,12.178680419921875,-0.41410014033317566,8.524750709533691,-19.046119689941406,10.2312593460083,1,fake,file10507.mp3.wav_16k.wav_norm.wav_mono.wav_silence.wav
4.7454375,16000,0.15504076656879195,0.10967590815631786,1920.7910688361785,1084.8846209496626,1572.6890509299583,371.3172918234486,3518.9282718120803,1598.7533887658146,0.14220742881298065,0.07638945430517197,-169.35455322265625,127.68400573730469,75.77708435058594,57.51964569091797,-16.929052352905273,33.913795471191406,32.852237701416016,27.740436553955078,-14.186064720153809,22.09048843383789,-3.041685104370117,19.398868560791016,-13.045332908630371,23.214101791381836,-16.655628204345703,18.06195640563965,-24.263914108276367,12.87075138092041,-6.342958450317383,12.27967643737793,-23.9826717376709,12.966912269592285,-0.7013013362884521,10.590627670288086,-20.333049774169922,11.78825855255127,1,fake,file10508.mp3.wav_16k.wav_norm.wav_mono.wav_silence.wav
1.6733125,16000,0.19158129422169812,0.13375032573007203,1919.567198657354,1205.325619549824,1677.9190952179863,541.3271307714283,3586.0849056603774,2097.5655897529864,0.11991596966981888,0.05684434622526169,-179.7951202392578,84.54061126708984,88.1475830078125,63.136131286621094,9.582191467285156,31.508106231689453,38.24053955078125,29.118423461914062,0.536828339099884,26.297611236572266,5.70142936706543,24.497743606567383,-6.266481399536133,20.18132972717285,12.641505241394043,10.829712867736816,-11.665221214294434,11.856029510498047,-3.0432064533233643,14.620807647705078,-18.36272430419922,15.67782211303711,4.174080848693848,9.425167083740234,-16.453847885131836,11.121329307556152,1,fake,file1051.mp3.wav_16k.wav_norm.wav_mono.wav_silence.wav
0.9591875,16000,0.08014322916666666,0.04110770088233587,1376.4420727990178,435.6094326187199,1568.1573673987268,325.9230888955672,2905.7291666666665,1256.6958250513085,0.19684211909770966,0.07206624746322632,-144.8698272705078,41.39486312866211,99.98924255371094,47.91206359863281,4.819263935089111,16.92508888244629,37.32077407836914,39.616119384765625,-12.493307113647461,21.265329360961914,3.0968616008758545,19.163040161132812,-17.71868896484375,11.919353485107422,-20.827049255371094,11.475607872009277,-17.58966827392578,14.593740463256836,-20.911285400390625,12.168885231018066,-14.44646167755127,8.236590385437012,-4.958637714385986,11.93885326385498,-20.35698127746582,10.059921264648438,1,fake,file10510.mp3.wav_16k.wav_norm.wav_mono.wav_silence.wav
1.3103125,16000,0.06968130716463415,0.023117547214783596,1005.7950759852978,184.9008286957047,968.7795223443466,271.9704725489156,1752.2865853658536,488.15354702750585,0.23710083961486816,0.08492002636194229,-150.72377014160156,66.27069091796875,164.97805786132812,36.7697868347168,-47.07772445678711,42.77009582519531,8.141587257385254,39.724456787109375,-15.65622329711914,33.287445068359375,-0.11676518619060516,26.899751663208008,-21.002729415893555,18.961400985717773,2.459885597229004,12.458191871643066,-12.502334594726562,10.012689590454102,-10.571348190307617,14.64220142364502,3.4125633239746094,15.468932151794434,-3.1995983123779297,11.08199405670166,4.814844131469727,7.523486137390137,1,fake,file10512.mp3.wav_16k.wav_norm.wav_mono.wav_silence.wav
1.187,16000,0.10436369243421052,0.07029560481402511,1106.218697297441,576.7650497776596,1035.7722869300096,303.6868671673944,2017.4753289473683,973.1708111850102,0.1277976781129837,0.058730874210596085,-219.71578979492188,83.21492004394531,170.86517333984375,43.49746322631836,-34.82307434082031,45.6923828125,47.02669906616211,35.982933044433594,-30.195348739624023,41.74526596069336,-16.733985900878906,32.831687927246094,-8.020668983459473,26.918655395507812,-22.453317642211914,27.46831703186035,-3.5223255157470703,17.221181869506836,-15.060656547546387,19.904531478881836,-9.468076705932617,13.42598819732666,-4.62272310256958,17.609821319580078,-3.1474006175994873,13.436989784240723,1,fake,file10513.mp3.wav_16k.wav_norm.wav_mono.wav_silence.wav
3.3288125,16000,0.11528552827380953,0.11316872353298454,1410.3411840838498,1050.4151351366334,1266.5881869210775,552.6280883470433,2535.6398809523807,1756.4463685449346,0.20678041875362396,0.08692018687725067,-165.95338439941406,60.56094741821289,113.0835952758789,79.33536529541016,-3.932366371154785,49.41675567626953,31.670427322387695,35.76435852050781,-11.131654739379883,22.453962326049805,-6.769268989562988,17.491622924804688,-14.024297714233398,16.39223861694336,-7.1523871421813965,14.520308494567871,-17.33488655090332,10.949936866760254,-6.474833011627197,10.055302619934082,1.461090087890625,12.90263557434082,-2.09946346282959,11.96156120300293,2.6412084102630615,9.828536033630371,1,fake,file10515.mp3.wav_16k.wav_norm.wav_mono.wav_silence.wav
1.5639375,16000,0.19792330994897958,0.19370154228796788,2014.2403434604394,1719.9928816793242,1460.2940159042266,602.4822668083742,3423.9477040816328,2404.924831144323,0.17982178926467896,0.08523736894130707,-190.9431610107422,63.76498031616211,89.6360092163086,77.53569030761719,15.671875953674316,36.07233428955078,38.64704895019531,34.86529541015625,-9.738578796386719,30.975553512573242,-5.0719099044799805,21.806474685668945,-12.511421203613281,12.695708274841309,-6.649997711181641,22.868776321411133,-8.095669746398926,12.659224510192871,-6.390514850616455,13.271897315979004,-13.12556266784668,16.946758270263672,5.203543663024902,16.772525787353516,-12.190342903137207,11.273283004760742,1,fake,file10516.mp3.wav_16k.wav_norm.wav_mono.wav_silence.wav
0.821375,16000,0.2805363581730769,0.18108056194243452,2846.84573430184,1453.6757342168266,1679.9632626491111,312.12697795555505,4640.024038461538,1611.6487670147703,0.1726212203502655,0.07987666875123978,-106.51332092285156,56.36951446533203,30.211904525756836,74.47201538085938,3.5002217292785645,33.132545471191406,14.671820640563965,23.420948028564453,-37.060020446777344,32.119361877441406,12.024860382080078,20.135902404785156,-24.981483459472656,16.56317710876465,-4.599368095397949,21.35716438293457,-22.92041778564453,11.227869987487793,-2.2152764797210693,7.815913677215576,-28.83730125427246,13.876171112060547,4.616661548614502,8.886157035827637,-19.018930435180664,12.710193634033203,1,fake,file10517.mp3.wav_16k.wav_norm.wav_mono.wav_silence.wav
1.0180625,16000,0.1964111328125,0.15817481835579303,2355.391704797329,1280.5087150559932,1589.9299014192807,258.5238116168573,4014.16015625,1372.9432936514156,0.1416175365447998,0.07741378247737885,-129.49998474121094,77.62403869628906,54.84001159667969,62.93783950805664,-20.701126098632812,30.573284149169922,40.073829650878906,36.727134704589844,-14.493738174438477,17.911169052124023,-5.0483784675598145,21.63518524169922,-17.38876724243164,12.760848999023438,-11.493876457214355,20.211589813232422,-22.25972557067871,11.511327743530273,-1.4700028896331787,13.4851713180542,-21.1649169921875,9.376386642456055,5.766009330749512,8.418058395385742,-25.02739143371582,10.908729553222656,1,fake,file10518.mp3.wav_16k.wav_norm.wav_mono.wav_silence.wav
1.4785,16000,0.11984707446808511,0.11161099284481792,1428.4559027941364,1015.8769330128794,1430.456800372114,705.3773627316965,2841.25664893617,1994.641926703547,0.200298011302948,0.0719844326376915,-162.07135009765625,74.59171295166016,122.34550476074219,37.59230041503906,-6.135494709014893,63.77629470825195,26.601511001586914,39.5318489074707,-18.424043655395508,31.432254791259766,-11.31151294708252,20.343891143798828,-8.112701416015625,13.465696334838867,-9.767831802368164,18.647518157958984,-16.481149673461914,11.771430015563965,-3.479262351989746,10.658270835876465,-6.515628337860107,13.157858848571777,-2.7799270153045654,9.958048820495605,-0.6679398417472839,8.217888832092285,1,fake,file10519.mp3.wav_16k.wav_norm.wav_mono.wav_silence.wav
1.849375,16000,0.08502828663793104,0.07679481391850002,1336.351400932205,901.5568338482184,1356.225342476523,476.11062893599905,2529.364224137931,1609.7400238511161,0.18658354878425598,0.06531970947980881,-148.57489013671875,68.93018341064453,129.0342254638672,59.40439224243164,-0.8555159568786621,36.11715316772461,49.825260162353516,34.3473014831543,-8.979716300964355,29.986431121826172,1.645570158958435,18.935016632080078,13.097528457641602,20.30756378173828,-10.381669998168945,15.357304573059082,2.8391199111938477,18.006101608276367,-12.29603099822998,14.267975807189941,-6.900740146636963,11.104063034057617,4.262677192687988,9.212485313415527,-9.913474082946777,10.922767639160156,1,fake,file1052.mp3.wav_16k.wav_norm.wav_mono.wav_silence.wav
1.501375,16000,0.12355593417553191,0.0913346156408139,1143.8344014732263,481.3179298101434,1068.3392483953887,353.7750674360578,2223.7367021276596,1072.3524655301007,0.1797584742307663,0.08391161262989044,-183.84786987304688,59.131256103515625,155.04258728027344,50.78682327270508,-21.31583595275879,48.300445556640625,44.79115676879883,54.07541275024414,-27.643014907836914,44.301448822021484,-19.423782348632812,27.183813095092773,-15.610782623291016,24.075578689575195,-22.312965393066406,19.320144653320312,-7.814438819885254,12.726152420043945,-18.82142448425293,17.107715606689453,-7.693585395812988,11.411157608032227,-4.294416904449463,12.915563583374023,-7.308107852935791,14.693424224853516,1,fake,file10521.mp3.wav_16k.wav_norm.wav_mono.wav_silence.wav
1.0099375,16000,0.09814453125,0.06397101685533213,1693.6010028433946,599.5580154772016,1626.8595946687917,338.45059345541705,3485.107421875,1151.6323932777652,0.1373840570449829,0.04856400191783905,-160.26046752929688,47.6707878112793,75.99967956542969,31.076435089111328,-18.862960815429688,27.023681640625,27.991016387939453,22.857534408569336,-27.255512237548828,24.903919219970703,4.442485332489014,25.043304443359375,-26.513561248779297,9.561014175415039,-10.205869674682617,14.918685913085938,-20.58759117126465,15.11945629119873,-1.7488634586334229,8.784793853759766,-12.663403511047363,7.4906487464904785,-2.6462783813476562,12.115331649780273,-9.514311790466309,10.057971954345703,1,fake,file10522.mp3.wav_16k.wav_norm.wav_mono.wav_silence.wav
1.1645,16000,0.0845386402027027,0.0538645399140239,975.8250370409862,684.2847434239582,858.324816235754,328.6487385701711,1672.9307432432433,1168.8758950643369,0.24393509328365326,0.15269744396209717,-208.0546875,55.94703674316406,138.21701049804688,38.00810241699219,-14.21997356414795,38.55048370361328,10.714590072631836,35.22793960571289,-30.736604690551758,31.740642547607422,-6.793393135070801,21.103092193603516,-7.42641544342041,32.17058181762695,-13.72240924835205,19.55665397644043,-6.578013896942139,16.052745819091797,-18.71377944946289,20.483531951904297,-12.521153450012207,9.803240776062012,-13.140610694885254,11.901123046875,-15.415230751037598,11.894593238830566,1,fake,file10523.mp3.wav_16k.wav_norm.wav_mono.wav_silence.wav
1.4775,16000,0.13324883643617022,0.07091716621471987,1521.6865528916157,709.2317515490323,1370.4565473879375,429.2813708078766,2904.255319148936,1547.7071256797753,0.16397163271903992,0.07106752693653107,-217.53416442871094,58.02206802368164,110.76863861083984,59.71273422241211,-4.48909854888916,42.35961151123047,44.484859466552734,51.92851257324219,-47.1272087097168,52.38059616088867,-23.842350006103516,24.71750259399414,20.240947723388672,26.987768173217773,-36.19308853149414,25.61440658569336,-22.1273193359375,15.022144317626953,-4.781445503234863,14.555936813354492,-25.880075454711914,16.489274978637695,9.945347785949707,12.41173267364502,-11.963630676269531,12.381693840026855,1,fake,file10524.wav_16k.wav_norm.wav_mono.wav_silence.wav
1.717375,16000,0.12717918113425927,0.10173644526023351,1721.2783724961266,850.7068441953096,1455.3906010890103,319.6183763224002,3132.378472222222,1265.2055638095103,0.10977506637573242,0.05204888805747032,-198.54855346679688,87.0162353515625,80.65216827392578,47.09278106689453,-33.6786003112793,42.61750411987305,36.50767517089844,29.050670623779297,-24.37303924560547,16.769506454467773,0.9475002884864807,19.753456115722656,-32.921783447265625,15.68283748626709,-5.98121452331543,18.443294525146484,-18.291261672973633,17.26578140258789,-10.68550968170166,11.585470199584961,-8.76967716217041,10.551835060119629,-9.594757080078125,9.829605102539062,-4.3769850730896,11.91874885559082,1,fake,file10525.mp3.wav_16k.wav_norm.wav_mono.wav_silence.wav
0.66975,16000,0.08163597470238096,0.0513472251465901,908.9464286685056,293.3428236766025,910.5884031804713,297.7663920028061,1610.1190476190477,802.7470418560362,0.15638484060764313,0.09555047005414963,-221.07049560546875,67.26954650878906,165.14541625976562,44.51381301879883,-18.377885818481445,27.31340789794922,10.909339904785156,52.64869689941406,-23.50197410583496,26.976511001586914,6.7407307624816895,22.636920928955078,5.9118332862854,14.69230842590332,-29.16693687438965,17.10999298095703,-3.326488971710205,14.26398754119873,-5.399204254150391,19.566335678100586,-8.490486145019531,6.7858052253723145,-10.100257873535156,8.10246753692627,-7.816982269287109,9.924407005310059,1,fake,file10526.mp3.wav_16k.wav_norm.wav_mono.wav_silence.wav
2.4406875,16000,0.061834161931818184,0.0325865743043769,1017.4184609485363,426.2059905051021,1094.7451357632397,390.8185454079019,2012.987012987013,1046.3460653666575,0.18265704810619354,0.08369327336549759,-174.00576782226562,56.23105239868164,141.45684814453125,32.53569412231445,-25.355796813964844,44.780059814453125,31.461910247802734,28.946256637573242,-13.882850646972656,23.58013153076172,-12.497757911682129,17.586484909057617,-10.457695960998535,18.769981384277344,-9.914125442504883,13.63772201538086,-10.705853462219238,10.522530555725098,-10.168854713439941,10.414389610290527,-3.0077707767486572,11.166619300842285,-2.7394468784332275,9.776118278503418,2.6315221786499023,8.85877799987793,1,fake,file10527.mp3.wav_16k.wav_norm.wav_mono.wav_silence.wav
1.636625,16000,0.071044921875,0.03524436667173657,992.4189954863268,292.1772626154734,961.5714475638979,275.8895485591335,1956.5805288461538,809.5511122565703,0.14872445166110992,0.05079435557126999,-199.96363830566406,60.6765251159668,183.51991271972656,42.737205505371094,-39.847713470458984,49.768062591552734,38.43804168701172,44.98759460449219,-38.082313537597656,40.9371452331543,-8.425989151000977,30.98644256591797,3.7563531398773193,20.71894645690918,-30.117809295654297,19.56277847290039,-1.1716123819351196,15.90349292755127,-16.45925521850586,19.07476043701172,-10.109682083129883,8.912829399108887,-4.6783223152160645,15.537834167480469,-11.764337539672852,14.380485534667969,1,fake,file10528.mp3.wav_16k.wav_norm.wav_mono.wav_silence.wav
1.6869375,16000,0.0618274616745283,0.014895478053585829,970.0210114848015,208.31148231133776,959.276800599043,254.66257512817793,1752.948113207547,539.9413604462031,0.21759937703609467,0.06427903473377228,-163.34580993652344,48.79104995727539,152.385498046875,36.147117614746094,-43.504905700683594,38.86134338378906,24.798227310180664,38.37177276611328,-23.24894142150879,15.098551750183105,-7.758901119232178,16.93254280090332,-13.767023086547852,12.004927635192871,-19.777252197265625,19.246612548828125,-8.624834060668945,14.190095901489258,-8.201019287109375,11.257001876831055,-3.428246259689331,12.995322227478027,-4.102102756500244,11.017333030700684,1.179089903831482,11.966660499572754,1,fake,file10529.mp3.wav_16k.wav_norm.wav_mono.wav_silence.wav
2.6733125,16000,0.195068359375,0.1875818240540018,2157.4325614371423,1734.2358224524185,1580.145558608569,589.464151871082,3750.558035714286,2283.8341609820236,0.09667899459600449,0.08341685682535172,-326.016357421875,124.51942443847656,51.299861907958984,68.73799896240234,18.78505516052246,43.87264633178711,-8.307967185974121,35.14356994628906,-43.8733024597168,48.68132019042969,-17.62971305847168,20.552959442138672,-34.25838088989258,23.319704055786133,-18.553773880004883,16.696636199951172,2.0822594165802,13.488666534423828,-16.045513153076172,12.384377479553223,-12.571070671081543,11.468183517456055,-4.911914825439453,8.068520545959473,1.0984221696853638,9.058375358581543,1,fake,file10530.wav_16k.wav_norm.wav_mono.wav_silence.wav
1.5214375,16000,0.08696492513020833,0.08668265749111453,1248.5763578470028,772.8915557711883,1419.7558391636267,398.02663645596203,2399.4140625,1492.7690847225997,0.20323239266872406,0.06572678685188293,-130.24700927734375,64.6787338256836,123.41048431396484,56.14790344238281,4.225067615509033,34.80724334716797,38.32582473754883,37.497161865234375,18.513341903686523,22.53706169128418,-5.64794397354126,17.9666748046875,1.5879451036453247,13.425100326538086,-6.726338863372803,11.58292007446289,-13.432555198669434,12.800949096679688,1.1825507879257202,12.41718578338623,-11.704041481018066,10.644245147705078,9.809447288513184,13.501182556152344,-10.908580780029297,10.734607696533203,1,fake,file10531.mp3.wav_16k.wav_norm.wav_mono.wav_silence.wav
1.4691875,16000,0.097900390625,0.07254606847916036,1607.806304353954,676.4883478464441,1667.3872260015348,482.8122833127705,3211.2771739130435,1685.7023534815742,0.21917633712291718,0.08695749938488007,-110.11274719238281,52.30942153930664,93.43695068359375,46.28858184814453,1.5087686777114868,37.776939392089844,7.701380252838135,38.98005676269531,-12.527499198913574,26.194957733154297,11.509363174438477,17.016437530517578,-12.016754150390625,13.07093620300293,-8.312790870666504,13.967530250549316,-9.249258041381836,14.394600868225098,-7.326157093048096,10.375066757202148,-14.152414321899414,9.802634239196777,-2.809631109237671,9.831075668334961,-8.96623420715332,11.773933410644531,1,fake,file10533.mp3.wav_16k.wav_norm.wav_mono.wav_silence.wav
1.167875,16000,0.09162531672297297,0.03831756707510225,1037.0801476768106,447.79952921741625,1295.677096715751,390.7907553306879,1999.7888513513512,1142.478256689513,0.08688025921583176,0.02990635856986046,-210.06272888183594,70.20863342285156,141.29168701171875,40.66214370727539,-5.128147125244141,24.403154373168945,28.186687469482422,28.371999740600586,13.015238761901855,18.601764678955078,10.050806999206543,12.151652336120605,-14.704259872436523,19.992382049560547,1.6849491596221924,6.549776554107666,-3.488494873046875,11.92755126953125,-3.1003434658050537,11.071105003356934,-6.158600330352783,12.95059871673584,4.144707202911377,6.876125335693359,-19.845195770263672,10.17983341217041,1,fake,file10534.mp3.wav_16k.wav_norm.wav_mono.wav_silence.wav
1.6821875,16000,0.09467128537735849,0.052728459707087234,1488.750306005119,552.480885201243,1418.833420242211,296.550405061223,2897.7004716981132,1038.2029403141275,0.14976532757282257,0.03451821953058243,-132.28533935546875,55.37718200683594,100.24005126953125,42.609161376953125,-32.213382720947266,33.27952194213867,33.509803771972656,40.34912109375,-16.638519287109375,27.984800338745117,2.294267177581787,16.263839721679688,-12.723684310913086,16.06601333618164,-23.43889617919922,17.249940872192383,-23.983720779418945,12.92989730834961,-8.729049682617188,16.82790756225586,-25.86060333251953,10.213094711303711,0.06887354701757431,9.338081359863281,-28.382953643798828,12.651082992553711,1,fake,file10536.mp3.wav_16k.wav_norm.wav_mono.wav_silence.wav
2.0120625,16000,0.2685546875,0.16867869562169135,2663.2903470866663,1746.1535835636685,1560.0803383664147,525.9699995052172,4294.642857142857,2347.0984796379175,0.1218210831284523,0.07995394617319107,-236.28033447265625,92.43083953857422,22.905363082885742,99.18980407714844,1.8936309814453125,56.468379974365234,8.45668888092041,46.85444259643555,-38.11886215209961,35.44438552856445,-28.095369338989258,20.93902587890625,-34.721519470214844,21.84421730041504,-14.610031127929688,16.5710506439209,1.0978058576583862,9.48846435546875,-26.708168029785156,12.888059616088867,-13.619141578674316,15.853067398071289,-8.79872989654541,10.692063331604004,-2.990586280822754,7.411535739898682,1,fake,file10537.wav_16k.wav_norm.wav_mono.wav_silence.wav
0.915,16000,0.18588362068965517,0.18822073711162218,1907.7104175339387,1543.749852451071,1466.0810976109992,298.4991397368035,3186.9612068965516,1951.1141923108717,0.1580117791891098,0.0617026686668396,-142.11264038085938,59.57072830200195,95.30537414550781,74.7157211303711,5.50520658493042,29.032093048095703,29.599239349365234,27.76518440246582,-2.4146173000335693,21.070688247680664,8.561562538146973,20.714576721191406,-13.370994567871094,17.367000579833984,1.073665738105774,14.20045280456543,-15.864245414733887,9.624054908752441,12.096783638000488,10.257550239562988,-14.979610443115234,9.958816528320312,13.482147216796875,9.172069549560547,-22.7257080078125,8.178580284118652,1,fake,file10538.mp3.wav_16k.wav_norm.wav_mono.wav_silence.wav
0.9261875,16000,0.14698949353448276,0.11969554840463366,1763.006240612337,1292.2523151321627,1675.1435845592378,524.6913245683736,3185.344827586207,2198.6198439881364,0.18732579052448273,0.07873092591762543,-150.46226501464844,52.48860168457031,83.63481140136719,63.40238571166992,30.644092559814453,31.074655532836914,40.541748046875,24.41604995727539,5.074106216430664,23.318138122558594,13.345599174499512,20.109943389892578,-8.533324241638184,17.299104690551758,5.494555473327637,14.65085220336914,-10.505891799926758,7.8255228996276855,10.762682914733887,12.366079330444336,-17.444414138793945,7.8711981773376465,7.768788814544678,6.037534713745117,-18.953109741210938,11.340751647949219,1,fake,file10539.mp3.wav_16k.wav_norm.wav_mono.wav_silence.wav
1.6083125,16000,0.11665134803921569,0.12317974914525028,1551.7023037471472,1111.5610375481142,1496.141719826871,551.8916176327524,3069.8529411764707,1944.2638521823922,0.1978350281715393,0.09452615678310394,-138.53594970703125,65.04460144042969,108.69013214111328,64.54620361328125,-3.555798292160034,43.40258026123047,47.30256652832031,36.524105072021484,13.54178524017334,16.012296676635742,8.690278053283691,18.556909561157227,1.5536978244781494,17.54047393798828,-10.77680492401123,16.304697036743164,3.142580509185791,11.319225311279297,-11.751172065734863,15.317885398864746,-8.318205833435059,6.937953472137451,-2.4546518325805664,8.907062530517578,-7.869353771209717,11.308568954467773,1,fake,file10540.mp3.wav_16k.wav_norm.wav_mono.wav_silence.wav
0.265625,16000,0.07318793402777778,0.029585209858120912,1178.6976704462481,114.89401970777838,1098.9994867542684,239.8507556626422,2269.965277777778,715.0428163845276,0.13907478749752045,0.038117364048957825,-184.31842041015625,74.26679992675781,158.9058837890625,28.566911697387695,-35.16231155395508,40.3157958984375,55.42999267578125,85.55998992919922,-37.94841766357422,14.541793823242188,-17.999374389648438,30.25359344482422,13.389448165893555,4.633711338043213,-28.25872802734375,8.834274291992188,-4.121607303619385,6.351278305053711,-6.833123207092285,23.143007278442383,-6.709835052490234,6.670087814331055,-19.591081619262695,14.260855674743652,-17.897323608398438,11.06680965423584,1,fake,file10542.mp3.wav_16k.wav_norm.wav_mono.wav_silence.wav
1.4855625,16000,0.19974858710106383,0.12535862832471384,1645.7403421365668,955.4975690544704,1341.4443686999577,456.7669937972763,2898.7699468085107,1446.1761161975521,0.17610785365104675,0.06891821324825287,-193.54556274414062,87.38453674316406,89.82063293457031,56.20958709716797,-28.40542221069336,69.80863189697266,28.9593505859375,42.143009185791016,-29.217132568359375,26.61907958984375,-19.55803108215332,30.34525489807129,-19.825214385986328,15.3532133102417,-24.94835662841797,15.500821113586426,-10.461874008178711,19.804838180541992,-11.79435920715332,13.516096115112305,0.22774910926818848,10.904272079467773,-13.148942947387695,10.762842178344727,4.279756546020508,9.431097030639648,1,fake,file10544.wav_16k.wav_norm.wav_mono.wav_silence.wav
1.6381875,16000,0.1490760216346154,0.10980056045766953,1882.2737238487387,1087.7009324198366,1568.6054671788963,376.72403505515734,3546.875,1481.3742759149518,0.1515711545944214,0.05853557214140892,-140.24078369140625,52.97066879272461,76.51665496826172,57.22591781616211,-13.318231582641602,35.25095748901367,41.85067367553711,38.59154510498047,-13.265532493591309,18.241308212280273,-6.5492072105407715,20.717056274414062,-21.85674285888672,13.458413124084473,-15.83460807800293,16.02661895751953,-20.72862434387207,13.551742553710938,-10.699796676635742,13.755032539367676,-31.197845458984375,9.691140174865723,-2.0404582023620605,9.884984970092773,-24.31467628479004,10.464425086975098,1,fake,file10545.mp3.wav_16k.wav_norm.wav_mono.wav_silence.wav
2.8706875,16000,0.15158962673611112,0.08506735610993663,1524.1645023456124,854.360375360428,1258.9883261516718,404.93751770721155,2848.9583333333335,1406.935114744349,0.125977024435997,0.09242826700210571,-245.0398406982422,119.48388671875,109.66545867919922,70.42305755615234,-16.08662223815918,31.82101821899414,52.162841796875,53.957916259765625,-29.86141586303711,32.511932373046875,-1.303434133529663,26.952774047851562,-4.070351600646973,23.955493927001953,-22.26313018798828,17.700130462646484,-7.051701068878174,11.430130958557129,-14.814491271972656,19.46303367614746,-9.155969619750977,11.7761812210083,-2.431260585784912,12.798093795776367,-4.121816158294678,18.18794059753418,1,fake,file10546.mp3.wav_16k.wav_norm.wav_mono.wav_silence.wav
1.5295,16000,0.18247477213541666,0.13399383979833224,2038.239191813221,1249.1431716327863,1606.4696459468141,317.7565127337337,3781.73828125,1687.6592914139612,0.16001613438129425,0.057794660329818726,-143.7256622314453,53.089988708496094,63.59233474731445,67.63973236083984,0.4447363317012787,32.44215393066406,49.09772872924805,40.103660583496094,-11.478127479553223,20.422611236572266,8.095751762390137,14.30905818939209,-21.963899612426758,15.30965805053711,-16.475893020629883,13.614506721496582,-18.12561798095703,11.983242988586426,-15.201764106750488,16.079519271850586,-11.244156837463379,10.35806941986084,-0.12447115033864975,9.701273918151855,-24.91046714782715,9.416366577148438,1,fake,file10547.mp3.wav_16k.wav_norm.wav_mono.wav_silence.wav
0.7946875,16000,0.16201171875,0.15066735902700318,2157.6427177711807,1644.2403368231146,1522.8918965637836,413.27806564173505,3665.3125,2132.473851319753,0.16748392581939697,0.10544911026954651,-175.95855712890625,111.6770248413086,61.575950622558594,91.33976745605469,17.59112548828125,36.266971588134766,57.06614303588867,51.19057083129883,3.811145544052124,18.845884323120117,11.649545669555664,15.081855773925781,16.530916213989258,16.739850997924805,2.9317526817321777,17.83340072631836,1.9723083972930908,10.068178176879883,-4.487896919250488,13.611331939697266,-2.951686382293701,5.575324058532715,-2.8234012126922607,8.493670463562012,-3.3664867877960205,10.517938613891602,1,fake,file10549.mp3.wav_16k.wav_norm.wav_mono.wav_silence.wav
1.75875,16000,0.21318359375,0.18051054499460148,2347.7079276175514,1350.1462411375446,1759.142227474563,464.6954419993242,4263.636363636364,1769.6518705012563,0.13089682161808014,0.07320208102464676,-173.10134887695312,78.14862060546875,49.331748962402344,52.53816604614258,-15.26418685913086,46.29088592529297,-1.7209200859069824,32.466121673583984,-19.09737205505371,22.968992233276367,-6.819765567779541,12.85549259185791,-15.063011169433594,18.29923439025879,-4.363461971282959,11.353898048400879,-24.534807205200195,11.822442054748535,-6.134167671203613,12.265254974365234,-8.998307228088379,12.44704532623291,-7.348123073577881,7.925267219543457,-13.145432472229004,12.805331230163574,1,fake,file10550.mp3.wav_16k.wav_norm.wav_mono.wav_silence.wav
1.1175625,16000,0.12113560267857143,0.10810207054066437,1774.565578168754,739.7618690259943,1601.166669079158,369.9670048569303,3406.026785714286,1155.7846036627134,0.1496267318725586,0.06289329379796982,-155.82089233398438,81.13423156738281,72.56593322753906,30.766826629638672,-20.100982666015625,45.92212677001953,39.15978240966797,23.07465362548828,-38.327964782714844,24.031991958618164,-8.996811866760254,11.987430572509766,-12.598602294921875,12.963188171386719,-4.981333255767822,14.40467643737793,-22.488256454467773,10.752346992492676,-4.642926216125488,7.5581583976745605,-16.718473434448242,10.528190612792969,-7.10710334777832,9.19898796081543,-5.362200736999512,8.593664169311523,1,fake,file10551.mp3.wav_16k.wav_norm.wav_mono.wav_silence.wav
3.24975,16000,0.17112821691176472,0.134927779770822,1873.2445907487017,1388.534487073238,1524.0906192364705,532.0702624425578,3442.5551470588234,1963.846688977389,0.12807083129882812,0.06644520908594131,-220.78651428222656,75.45142364501953,80.63288116455078,66.80577850341797,9.993549346923828,35.18328857421875,49.21585464477539,36.520545959472656,-7.190237045288086,27.138212203979492,-5.011208534240723,19.95404052734375,-8.83419418334961,16.529903411865234,0.6831499934196472,21.481449127197266,-10.00277042388916,17.92157745361328,-7.749186992645264,12.500785827636719,-13.378191947937012,13.233015060424805,1.9055001735687256,14.384265899658203,-10.728629112243652,11.86316204071045,1,fake,file10552.mp3.wav_16k.wav_norm.wav_mono.wav_silence.wav
2.674,16000,0.10071382068452381,0.10127926185112618,1200.6678840593534,814.7864750421156,1226.2992837989248,612.1856211956526,2322.5446428571427,1650.522235360889,0.2321026474237442,0.07164384424686432,-148.38339233398438,63.0861930847168,138.45030212402344,49.892333984375,-19.16777801513672,48.76311492919922,27.102182388305664,26.5988712310791,-13.413169860839844,22.3826904296875,-7.872658729553223,18.10984992980957,-19.084314346313477,15.143600463867188,-11.20057487487793,15.759668350219727,-11.458959579467773,13.27829360961914,-6.693562984466553,11.108906745910645,-6.511351585388184,9.722232818603516,0.285465270280838,7.962704658508301,1.7947862148284912,8.096978187561035,1,fake,file10553.mp3.wav_16k.wav_norm.wav_mono.wav_silence.wav
2.1965625,16000,0.12122112771739131,0.11463767065308417,1666.013625825218,1109.6850964791238,1526.7071694509652,512.7186952526143,3209.1259057971015,1751.2799534225237,0.1621534675359726,0.06834974884986877,-128.35792541503906,64.56893157958984,106.05242156982422,67.62906646728516,-0.8191476464271545,43.18865966796875,49.25931930541992,28.31978416442871,4.080744743347168,22.392274856567383,2.5338962078094482,18.515785217285156,-0.14824476838111877,17.58934783935547,-8.530197143554688,15.133750915527344,4.376762390136719,13.755059242248535,-7.639063835144043,11.407212257385254,-6.5404253005981445,11.842148780822754,-0.9357976317405701,7.29249382019043,-3.4666435718536377,9.987546920776367,1,fake,file10555.mp3.wav_16k.wav_norm.wav_mono.wav_silence.wav
0.971,16000,0.08557522681451613,0.03961343769387523,1233.6979148696705,468.5124935545168,1197.2902862703795,397.07775633823167,2352.0665322580644,1020.5890926332135,0.1139429360628128,0.06333733350038528,-266.9192810058594,97.99584197998047,90.78792572021484,43.540435791015625,-35.22846221923828,53.030704498291016,20.27643585205078,48.42805862426758,-44.88587951660156,25.309539794921875,-38.708805084228516,23.463315963745117,-26.25819206237793,19.759906768798828,-27.984201431274414,11.598976135253906,-7.8688459396362305,12.454370498657227,-24.068073272705078,16.518089294433594,-11.788829803466797,9.732522964477539,-12.4873685836792,12.19399642944336,3.067930221557617,8.077223777770996,1,fake,file10556.wav_16k.wav_norm.wav_mono.wav_silence.wav
2.5401875,16000,0.12210693359375,0.10891818357458162,1495.7263709346346,1154.0208033080633,1430.230908283585,673.8099144596206,2922.65625,2008.024368685394,0.20564761757850647,0.07308229058980942,-159.87686157226562,70.50875091552734,116.89591979980469,57.21451950073242,-3.30436635017395,58.882911682128906,23.480905532836914,32.02767562866211,2.5812106132507324,25.056251525878906,-14.084246635437012,18.018857955932617,-17.765607833862305,17.948936462402344,3.511808395385742,19.403642654418945,-13.974574089050293,15.155583381652832,-4.541108131408691,8.109689712524414,-6.669763088226318,9.422054290771484,-4.945601463317871,13.40202522277832,6.893528938293457,8.199542045593262,1,fake,file10557.mp3.wav_16k.wav_norm.wav_mono.wav_silence.wav
1.3366875,16000,0.14726329985119047,0.09546367080396473,1854.333805372602,748.8843519878712,1609.6238166623853,316.6621044234384,3516.7410714285716,1212.0489468143817,0.16371338069438934,0.057976577430963516,-129.373779296875,56.819190979003906,67.85543060302734,47.46266555786133,-27.029645919799805,21.63558006286621,41.52694320678711,47.207210540771484,-12.931443214416504,24.03238868713379,-2.175806760787964,18.058639526367188,-12.541958808898926,14.95762825012207,-16.370288848876953,16.70583152770996,-26.787364959716797,11.536981582641602,-1.4984464645385742,15.517284393310547,-29.2463321685791,7.280774116516113,-0.9798017144203186,10.650674819946289,-27.455970764160156,13.128527641296387,1,fake,file1056.mp3.wav_16k.wav_norm.wav_mono.wav_silence.wav
2.867375,16000,0.15122612847222222,0.11830580423482279,1419.4956832211546,971.4862138388563,1156.21517530051,518.86360682922,2533.6805555555557,1721.6707523911984,0.11690839380025864,0.07208108901977539,-252.49551391601562,113.42227172851562,146.47984313964844,74.87384033203125,-14.871501922607422,41.85145568847656,17.67987823486328,40.61203384399414,-32.581790924072266,36.450435638427734,11.565230369567871,24.948368072509766,-8.813004493713379,29.616806030273438,-15.82121467590332,30.645353317260742,-11.13919734954834,18.982633590698242,-13.819843292236328,18.907869338989258,-3.1961379051208496,11.976895332336426,-10.852723121643066,13.550758361816406,-3.0163278579711914,13.651025772094727,1,fake,file10560.mp3.wav_16k.wav_norm.wav_mono.wav_silence.wav
1.5900625,16000,0.058017578125,0.028779396287366473,1183.0241772208842,650.6122814813126,1279.0919273791799,457.6921039949826,2376.71875,1351.747900939858,0.1902974247932434,0.07656416296958923,-124.76577758789062,59.71306610107422,142.37330627441406,47.90359115600586,-16.822162628173828,40.366268157958984,50.29862976074219,24.00113868713379,-6.707020282745361,25.806583404541016,1.0232467651367188,12.443811416625977,4.971012115478516,18.053735733032227,-6.382498264312744,11.98636531829834,5.427529811859131,13.192669868469238,-5.815847873687744,11.839397430419922,-2.5149450302124023,9.514424324035645,-2.9831833839416504,8.031554222106934,0.18478496372699738,10.80024528503418,1,fake,file10561.mp3.wav_16k.wav_norm.wav_mono.wav_silence.wav
1.280875,16000,0.07518340320121951,0.02284279878321853,1103.2604752464065,377.4872534312936,1052.7534521955251,266.41754193697886,1932.7362804878048,797.9519527425871,0.18980807065963745,0.045356716960668564,-224.8194580078125,62.423072814941406,114.26688385009766,35.756568908691406,-41.89950942993164,52.9398307800293,30.30265998840332,51.41748809814453,-19.94281768798828,29.986101150512695,-31.868000030517578,16.96770477294922,-28.920854568481445,15.320503234863281,-36.35792922973633,13.538094520568848,-10.57408618927002,17.057764053344727,-19.09172821044922,10.255017280578613,3.4154233932495117,10.633183479309082,-20.542945861816406,11.462038040161133,3.1076860427856445,9.407340049743652,1,fake,file10562.wav_16k.wav_norm.wav_mono.wav_silence.wav
0.9801875,16000,0.1180695564516129,0.0625266257582659,1421.861533781615,828.6339504978331,1558.7953290922892,432.51624918149474,2885.8366935483873,1669.1980441378983,0.1361895203590393,0.04363316297531128,-146.90621948242188,60.686649322509766,106.00203704833984,46.47304916381836,1.3391088247299194,21.78439712524414,55.06686782836914,25.512798309326172,18.7028751373291,14.37697696685791,12.603700637817383,18.00824737548828,-23.583675384521484,13.404569625854492,6.466999530792236,9.11231803894043,-9.6038179397583,10.26284122467041,-6.1263580322265625,17.739505767822266,-11.486977577209473,12.769618034362793,9.183748245239258,9.336836814880371,-18.884029388427734,7.331679821014404,1,fake,file10563.mp3.wav_16k.wav_norm.wav_mono.wav_silence.wav
1.6563125,16000,0.10179725060096154,0.07196053422332141,999.6751503730977,523.3482803339308,914.6866263647369,354.7147018648473,1784.1045673076924,1082.8841153002681,0.2272542268037796,0.08377107232809067,-200.23228454589844,40.83100891113281,149.64796447753906,39.232200622558594,-36.80543899536133,31.169719696044922,11.043843269348145,39.05135726928711,-34.73512268066406,23.659921646118164,-6.753203392028809,24.035560607910156,-23.804765701293945,20.613933563232422,-18.750839233398438,14.831385612487793,-9.508988380432129,12.235289573669434,-14.737496376037598,13.43430233001709,-8.31247329711914,10.278515815734863,-16.010862350463867,10.67859935760498,-13.160604476928711,14.566743850708008,1,fake,file10565.mp3.wav_16k.wav_norm.wav_mono.wav_silence.wav
0.824125,16000,0.10533728966346154,0.056778322231221263,1330.6338765790674,798.699868232034,1233.5165493356583,457.2792206408224,2384.9158653846152,1635.894275101416,0.174128457903862,0.07500243186950684,-181.64402770996094,70.71123504638672,128.81175231933594,51.42469024658203,-2.0205490589141846,60.48329162597656,11.485494613647461,28.20366096496582,-53.52631378173828,33.08697509765625,-10.803975105285645,28.057437896728516,13.989836692810059,16.969724655151367,-24.32164764404297,22.37042236328125,-19.066246032714844,12.245489120483398,12.27164363861084,16.69551658630371,-24.966045379638672,15.636310577392578,3.3396406173706055,10.403901100158691,-7.814023971557617,11.730243682861328,1,fake,file10566.wav_16k.wav_norm.wav_mono.wav_silence.wav
